solid starcloud4_prototype
  facet normal 0 0 -1
    outer loop
      vertex -925 -525 -8
      vertex -925 525 -8
      vertex 925 525 -8
    endloop
  endfacet
  facet normal 0 0 -1
    outer loop
      vertex -925 -525 -8
      vertex 925 525 -8
      vertex 925 -525 -8
    endloop
  endfacet
  facet normal 0 0 1
    outer loop
      vertex -925 -525 0
      vertex 925 -525 0
      vertex 925 525 0
    endloop
  endfacet
  facet normal 0 0 1
    outer loop
      vertex -925 -525 0
      vertex 925 525 0
      vertex -925 525 0
    endloop
  endfacet
  facet normal 0 -1 0
    outer loop
      vertex -925 -525 -8
      vertex 925 -525 -8
      vertex 925 -525 0
    endloop
  endfacet
  facet normal 0 -1 0
    outer loop
      vertex -925 -525 -8
      vertex 925 -525 0
      vertex -925 -525 0
    endloop
  endfacet
  facet normal 1 0 0
    outer loop
      vertex 925 -525 -8
      vertex 925 525 -8
      vertex 925 525 0
    endloop
  endfacet
  facet normal 1 0 0
    outer loop
      vertex 925 -525 -8
      vertex 925 525 0
      vertex 925 -525 0
    endloop
  endfacet
  facet normal 0 1 0
    outer loop
      vertex 925 525 -8
      vertex -925 525 -8
      vertex -925 525 0
    endloop
  endfacet
  facet normal 0 1 -0
    outer loop
      vertex 925 525 -8
      vertex -925 525 0
      vertex 925 525 0
    endloop
  endfacet
  facet normal -1 0 0
    outer loop
      vertex -925 525 -8
      vertex -925 -525 -8
      vertex -925 -525 0
    endloop
  endfacet
  facet normal -1 0 0
    outer loop
      vertex -925 525 -8
      vertex -925 -525 0
      vertex -925 525 0
    endloop
  endfacet
  facet normal 0 0 -1
    outer loop
      vertex -925 -530 -2
      vertex -925 -520 -2
      vertex 925 -520 -2
    endloop
  endfacet
  facet normal 0 0 -1
    outer loop
      vertex -925 -530 -2
      vertex 925 -520 -2
      vertex 925 -530 -2
    endloop
  endfacet
  facet normal 0 0 1
    outer loop
      vertex -925 -530 10
      vertex 925 -530 10
      vertex 925 -520 10
    endloop
  endfacet
  facet normal 0 0 1
    outer loop
      vertex -925 -530 10
      vertex 925 -520 10
      vertex -925 -520 10
    endloop
  endfacet
  facet normal 0 -1 0
    outer loop
      vertex -925 -530 -2
      vertex 925 -530 -2
      vertex 925 -530 10
    endloop
  endfacet
  facet normal 0 -1 0
    outer loop
      vertex -925 -530 -2
      vertex 925 -530 10
      vertex -925 -530 10
    endloop
  endfacet
  facet normal 1 0 0
    outer loop
      vertex 925 -530 -2
      vertex 925 -520 -2
      vertex 925 -520 10
    endloop
  endfacet
  facet normal 1 0 0
    outer loop
      vertex 925 -530 -2
      vertex 925 -520 10
      vertex 925 -530 10
    endloop
  endfacet
  facet normal 0 1 0
    outer loop
      vertex 925 -520 -2
      vertex -925 -520 -2
      vertex -925 -520 10
    endloop
  endfacet
  facet normal 0 1 -0
    outer loop
      vertex 925 -520 -2
      vertex -925 -520 10
      vertex 925 -520 10
    endloop
  endfacet
  facet normal -1 0 0
    outer loop
      vertex -925 -520 -2
      vertex -925 -530 -2
      vertex -925 -530 10
    endloop
  endfacet
  facet normal -1 0 0
    outer loop
      vertex -925 -520 -2
      vertex -925 -530 10
      vertex -925 -520 10
    endloop
  endfacet
  facet normal 0 0 -1
    outer loop
      vertex -925 520 -2
      vertex -925 530 -2
      vertex 925 530 -2
    endloop
  endfacet
  facet normal 0 0 -1
    outer loop
      vertex -925 520 -2
      vertex 925 530 -2
      vertex 925 520 -2
    endloop
  endfacet
  facet normal 0 0 1
    outer loop
      vertex -925 520 10
      vertex 925 520 10
      vertex 925 530 10
    endloop
  endfacet
  facet normal 0 0 1
    outer loop
      vertex -925 520 10
      vertex 925 530 10
      vertex -925 530 10
    endloop
  endfacet
  facet normal 0 -1 0
    outer loop
      vertex -925 520 -2
      vertex 925 520 -2
      vertex 925 520 10
    endloop
  endfacet
  facet normal 0 -1 0
    outer loop
      vertex -925 520 -2
      vertex 925 520 10
      vertex -925 520 10
    endloop
  endfacet
  facet normal 1 0 0
    outer loop
      vertex 925 520 -2
      vertex 925 530 -2
      vertex 925 530 10
    endloop
  endfacet
  facet normal 1 0 0
    outer loop
      vertex 925 520 -2
      vertex 925 530 10
      vertex 925 520 10
    endloop
  endfacet
  facet normal 0 1 0
    outer loop
      vertex 925 530 -2
      vertex -925 530 -2
      vertex -925 530 10
    endloop
  endfacet
  facet normal 0 1 -0
    outer loop
      vertex 925 530 -2
      vertex -925 530 10
      vertex 925 530 10
    endloop
  endfacet
  facet normal -1 0 0
    outer loop
      vertex -925 530 -2
      vertex -925 520 -2
      vertex -925 520 10
    endloop
  endfacet
  facet normal -1 0 0
    outer loop
      vertex -925 530 -2
      vertex -925 520 10
      vertex -925 530 10
    endloop
  endfacet
  facet normal 0 0 -1
    outer loop
      vertex -930 -525 -2
      vertex -930 525 -2
      vertex -920 525 -2
    endloop
  endfacet
  facet normal 0 0 -1
    outer loop
      vertex -930 -525 -2
      vertex -920 525 -2
      vertex -920 -525 -2
    endloop
  endfacet
  facet normal 0 0 1
    outer loop
      vertex -930 -525 10
      vertex -920 -525 10
      vertex -920 525 10
    endloop
  endfacet
  facet normal 0 0 1
    outer loop
      vertex -930 -525 10
      vertex -920 525 10
      vertex -930 525 10
    endloop
  endfacet
  facet normal 0 -1 0
    outer loop
      vertex -930 -525 -2
      vertex -920 -525 -2
      vertex -920 -525 10
    endloop
  endfacet
  facet normal 0 -1 0
    outer loop
      vertex -930 -525 -2
      vertex -920 -525 10
      vertex -930 -525 10
    endloop
  endfacet
  facet normal 1 0 0
    outer loop
      vertex -920 -525 -2
      vertex -920 525 -2
      vertex -920 525 10
    endloop
  endfacet
  facet normal 1 0 0
    outer loop
      vertex -920 -525 -2
      vertex -920 525 10
      vertex -920 -525 10
    endloop
  endfacet
  facet normal 0 1 0
    outer loop
      vertex -920 525 -2
      vertex -930 525 -2
      vertex -930 525 10
    endloop
  endfacet
  facet normal 0 1 -0
    outer loop
      vertex -920 525 -2
      vertex -930 525 10
      vertex -920 525 10
    endloop
  endfacet
  facet normal -1 0 0
    outer loop
      vertex -930 525 -2
      vertex -930 -525 -2
      vertex -930 -525 10
    endloop
  endfacet
  facet normal -1 0 0
    outer loop
      vertex -930 525 -2
      vertex -930 -525 10
      vertex -930 525 10
    endloop
  endfacet
  facet normal 0 0 -1
    outer loop
      vertex 920 -525 -2
      vertex 920 525 -2
      vertex 930 525 -2
    endloop
  endfacet
  facet normal 0 0 -1
    outer loop
      vertex 920 -525 -2
      vertex 930 525 -2
      vertex 930 -525 -2
    endloop
  endfacet
  facet normal 0 0 1
    outer loop
      vertex 920 -525 10
      vertex 930 -525 10
      vertex 930 525 10
    endloop
  endfacet
  facet normal 0 0 1
    outer loop
      vertex 920 -525 10
      vertex 930 525 10
      vertex 920 525 10
    endloop
  endfacet
  facet normal 0 -1 0
    outer loop
      vertex 920 -525 -2
      vertex 930 -525 -2
      vertex 930 -525 10
    endloop
  endfacet
  facet normal 0 -1 0
    outer loop
      vertex 920 -525 -2
      vertex 930 -525 10
      vertex 920 -525 10
    endloop
  endfacet
  facet normal 1 0 0
    outer loop
      vertex 930 -525 -2
      vertex 930 525 -2
      vertex 930 525 10
    endloop
  endfacet
  facet normal 1 0 0
    outer loop
      vertex 930 -525 -2
      vertex 930 525 10
      vertex 930 -525 10
    endloop
  endfacet
  facet normal 0 1 0
    outer loop
      vertex 930 525 -2
      vertex 920 525 -2
      vertex 920 525 10
    endloop
  endfacet
  facet normal 0 1 -0
    outer loop
      vertex 930 525 -2
      vertex 920 525 10
      vertex 930 525 10
    endloop
  endfacet
  facet normal -1 0 0
    outer loop
      vertex 920 525 -2
      vertex 920 -525 -2
      vertex 920 -525 10
    endloop
  endfacet
  facet normal -1 0 0
    outer loop
      vertex 920 525 -2
      vertex 920 -525 10
      vertex 920 525 10
    endloop
  endfacet
  facet normal 0 0 -1
    outer loop
      vertex -802 -520 6.5
      vertex -802 520 6.5
      vertex -798 520 6.5
    endloop
  endfacet
  facet normal 0 0 -1
    outer loop
      vertex -802 -520 6.5
      vertex -798 520 6.5
      vertex -798 -520 6.5
    endloop
  endfacet
  facet normal 0 0 1
    outer loop
      vertex -802 -520 13.5
      vertex -798 -520 13.5
      vertex -798 520 13.5
    endloop
  endfacet
  facet normal 0 0 1
    outer loop
      vertex -802 -520 13.5
      vertex -798 520 13.5
      vertex -802 520 13.5
    endloop
  endfacet
  facet normal 0 -1 0
    outer loop
      vertex -802 -520 6.5
      vertex -798 -520 6.5
      vertex -798 -520 13.5
    endloop
  endfacet
  facet normal 0 -1 0
    outer loop
      vertex -802 -520 6.5
      vertex -798 -520 13.5
      vertex -802 -520 13.5
    endloop
  endfacet
  facet normal 1 0 0
    outer loop
      vertex -798 -520 6.5
      vertex -798 520 6.5
      vertex -798 520 13.5
    endloop
  endfacet
  facet normal 1 0 0
    outer loop
      vertex -798 -520 6.5
      vertex -798 520 13.5
      vertex -798 -520 13.5
    endloop
  endfacet
  facet normal 0 1 0
    outer loop
      vertex -798 520 6.5
      vertex -802 520 6.5
      vertex -802 520 13.5
    endloop
  endfacet
  facet normal 0 1 -0
    outer loop
      vertex -798 520 6.5
      vertex -802 520 13.5
      vertex -798 520 13.5
    endloop
  endfacet
  facet normal -1 0 0
    outer loop
      vertex -802 520 6.5
      vertex -802 -520 6.5
      vertex -802 -520 13.5
    endloop
  endfacet
  facet normal -1 0 0
    outer loop
      vertex -802 520 6.5
      vertex -802 -520 13.5
      vertex -802 520 13.5
    endloop
  endfacet
  facet normal 0 0 -1
    outer loop
      vertex -642 -520 6.5
      vertex -642 520 6.5
      vertex -638 520 6.5
    endloop
  endfacet
  facet normal 0 0 -1
    outer loop
      vertex -642 -520 6.5
      vertex -638 520 6.5
      vertex -638 -520 6.5
    endloop
  endfacet
  facet normal 0 0 1
    outer loop
      vertex -642 -520 13.5
      vertex -638 -520 13.5
      vertex -638 520 13.5
    endloop
  endfacet
  facet normal 0 0 1
    outer loop
      vertex -642 -520 13.5
      vertex -638 520 13.5
      vertex -642 520 13.5
    endloop
  endfacet
  facet normal 0 -1 0
    outer loop
      vertex -642 -520 6.5
      vertex -638 -520 6.5
      vertex -638 -520 13.5
    endloop
  endfacet
  facet normal 0 -1 0
    outer loop
      vertex -642 -520 6.5
      vertex -638 -520 13.5
      vertex -642 -520 13.5
    endloop
  endfacet
  facet normal 1 0 0
    outer loop
      vertex -638 -520 6.5
      vertex -638 520 6.5
      vertex -638 520 13.5
    endloop
  endfacet
  facet normal 1 0 0
    outer loop
      vertex -638 -520 6.5
      vertex -638 520 13.5
      vertex -638 -520 13.5
    endloop
  endfacet
  facet normal 0 1 0
    outer loop
      vertex -638 520 6.5
      vertex -642 520 6.5
      vertex -642 520 13.5
    endloop
  endfacet
  facet normal 0 1 -0
    outer loop
      vertex -638 520 6.5
      vertex -642 520 13.5
      vertex -638 520 13.5
    endloop
  endfacet
  facet normal -1 0 0
    outer loop
      vertex -642 520 6.5
      vertex -642 -520 6.5
      vertex -642 -520 13.5
    endloop
  endfacet
  facet normal -1 0 0
    outer loop
      vertex -642 520 6.5
      vertex -642 -520 13.5
      vertex -642 520 13.5
    endloop
  endfacet
  facet normal 0 0 -1
    outer loop
      vertex -482 -520 6.5
      vertex -482 520 6.5
      vertex -478 520 6.5
    endloop
  endfacet
  facet normal 0 0 -1
    outer loop
      vertex -482 -520 6.5
      vertex -478 520 6.5
      vertex -478 -520 6.5
    endloop
  endfacet
  facet normal 0 0 1
    outer loop
      vertex -482 -520 13.5
      vertex -478 -520 13.5
      vertex -478 520 13.5
    endloop
  endfacet
  facet normal 0 0 1
    outer loop
      vertex -482 -520 13.5
      vertex -478 520 13.5
      vertex -482 520 13.5
    endloop
  endfacet
  facet normal 0 -1 0
    outer loop
      vertex -482 -520 6.5
      vertex -478 -520 6.5
      vertex -478 -520 13.5
    endloop
  endfacet
  facet normal 0 -1 0
    outer loop
      vertex -482 -520 6.5
      vertex -478 -520 13.5
      vertex -482 -520 13.5
    endloop
  endfacet
  facet normal 1 0 0
    outer loop
      vertex -478 -520 6.5
      vertex -478 520 6.5
      vertex -478 520 13.5
    endloop
  endfacet
  facet normal 1 0 0
    outer loop
      vertex -478 -520 6.5
      vertex -478 520 13.5
      vertex -478 -520 13.5
    endloop
  endfacet
  facet normal 0 1 0
    outer loop
      vertex -478 520 6.5
      vertex -482 520 6.5
      vertex -482 520 13.5
    endloop
  endfacet
  facet normal 0 1 -0
    outer loop
      vertex -478 520 6.5
      vertex -482 520 13.5
      vertex -478 520 13.5
    endloop
  endfacet
  facet normal -1 0 0
    outer loop
      vertex -482 520 6.5
      vertex -482 -520 6.5
      vertex -482 -520 13.5
    endloop
  endfacet
  facet normal -1 0 0
    outer loop
      vertex -482 520 6.5
      vertex -482 -520 13.5
      vertex -482 520 13.5
    endloop
  endfacet
  facet normal 0 0 -1
    outer loop
      vertex -322 -520 6.5
      vertex -322 520 6.5
      vertex -318 520 6.5
    endloop
  endfacet
  facet normal 0 0 -1
    outer loop
      vertex -322 -520 6.5
      vertex -318 520 6.5
      vertex -318 -520 6.5
    endloop
  endfacet
  facet normal 0 0 1
    outer loop
      vertex -322 -520 13.5
      vertex -318 -520 13.5
      vertex -318 520 13.5
    endloop
  endfacet
  facet normal 0 0 1
    outer loop
      vertex -322 -520 13.5
      vertex -318 520 13.5
      vertex -322 520 13.5
    endloop
  endfacet
  facet normal 0 -1 0
    outer loop
      vertex -322 -520 6.5
      vertex -318 -520 6.5
      vertex -318 -520 13.5
    endloop
  endfacet
  facet normal 0 -1 0
    outer loop
      vertex -322 -520 6.5
      vertex -318 -520 13.5
      vertex -322 -520 13.5
    endloop
  endfacet
  facet normal 1 0 0
    outer loop
      vertex -318 -520 6.5
      vertex -318 520 6.5
      vertex -318 520 13.5
    endloop
  endfacet
  facet normal 1 0 0
    outer loop
      vertex -318 -520 6.5
      vertex -318 520 13.5
      vertex -318 -520 13.5
    endloop
  endfacet
  facet normal 0 1 0
    outer loop
      vertex -318 520 6.5
      vertex -322 520 6.5
      vertex -322 520 13.5
    endloop
  endfacet
  facet normal 0 1 -0
    outer loop
      vertex -318 520 6.5
      vertex -322 520 13.5
      vertex -318 520 13.5
    endloop
  endfacet
  facet normal -1 0 0
    outer loop
      vertex -322 520 6.5
      vertex -322 -520 6.5
      vertex -322 -520 13.5
    endloop
  endfacet
  facet normal -1 0 0
    outer loop
      vertex -322 520 6.5
      vertex -322 -520 13.5
      vertex -322 520 13.5
    endloop
  endfacet
  facet normal 0 0 -1
    outer loop
      vertex -162 -520 6.5
      vertex -162 520 6.5
      vertex -158 520 6.5
    endloop
  endfacet
  facet normal 0 0 -1
    outer loop
      vertex -162 -520 6.5
      vertex -158 520 6.5
      vertex -158 -520 6.5
    endloop
  endfacet
  facet normal 0 0 1
    outer loop
      vertex -162 -520 13.5
      vertex -158 -520 13.5
      vertex -158 520 13.5
    endloop
  endfacet
  facet normal 0 0 1
    outer loop
      vertex -162 -520 13.5
      vertex -158 520 13.5
      vertex -162 520 13.5
    endloop
  endfacet
  facet normal 0 -1 0
    outer loop
      vertex -162 -520 6.5
      vertex -158 -520 6.5
      vertex -158 -520 13.5
    endloop
  endfacet
  facet normal 0 -1 0
    outer loop
      vertex -162 -520 6.5
      vertex -158 -520 13.5
      vertex -162 -520 13.5
    endloop
  endfacet
  facet normal 1 0 0
    outer loop
      vertex -158 -520 6.5
      vertex -158 520 6.5
      vertex -158 520 13.5
    endloop
  endfacet
  facet normal 1 0 0
    outer loop
      vertex -158 -520 6.5
      vertex -158 520 13.5
      vertex -158 -520 13.5
    endloop
  endfacet
  facet normal 0 1 0
    outer loop
      vertex -158 520 6.5
      vertex -162 520 6.5
      vertex -162 520 13.5
    endloop
  endfacet
  facet normal 0 1 -0
    outer loop
      vertex -158 520 6.5
      vertex -162 520 13.5
      vertex -158 520 13.5
    endloop
  endfacet
  facet normal -1 0 0
    outer loop
      vertex -162 520 6.5
      vertex -162 -520 6.5
      vertex -162 -520 13.5
    endloop
  endfacet
  facet normal -1 0 0
    outer loop
      vertex -162 520 6.5
      vertex -162 -520 13.5
      vertex -162 520 13.5
    endloop
  endfacet
  facet normal 0 0 -1
    outer loop
      vertex -2 -520 6.5
      vertex -2 520 6.5
      vertex 2 520 6.5
    endloop
  endfacet
  facet normal 0 0 -1
    outer loop
      vertex -2 -520 6.5
      vertex 2 520 6.5
      vertex 2 -520 6.5
    endloop
  endfacet
  facet normal 0 0 1
    outer loop
      vertex -2 -520 13.5
      vertex 2 -520 13.5
      vertex 2 520 13.5
    endloop
  endfacet
  facet normal 0 0 1
    outer loop
      vertex -2 -520 13.5
      vertex 2 520 13.5
      vertex -2 520 13.5
    endloop
  endfacet
  facet normal 0 -1 0
    outer loop
      vertex -2 -520 6.5
      vertex 2 -520 6.5
      vertex 2 -520 13.5
    endloop
  endfacet
  facet normal 0 -1 0
    outer loop
      vertex -2 -520 6.5
      vertex 2 -520 13.5
      vertex -2 -520 13.5
    endloop
  endfacet
  facet normal 1 0 0
    outer loop
      vertex 2 -520 6.5
      vertex 2 520 6.5
      vertex 2 520 13.5
    endloop
  endfacet
  facet normal 1 0 0
    outer loop
      vertex 2 -520 6.5
      vertex 2 520 13.5
      vertex 2 -520 13.5
    endloop
  endfacet
  facet normal 0 1 0
    outer loop
      vertex 2 520 6.5
      vertex -2 520 6.5
      vertex -2 520 13.5
    endloop
  endfacet
  facet normal 0 1 -0
    outer loop
      vertex 2 520 6.5
      vertex -2 520 13.5
      vertex 2 520 13.5
    endloop
  endfacet
  facet normal -1 0 0
    outer loop
      vertex -2 520 6.5
      vertex -2 -520 6.5
      vertex -2 -520 13.5
    endloop
  endfacet
  facet normal -1 0 0
    outer loop
      vertex -2 520 6.5
      vertex -2 -520 13.5
      vertex -2 520 13.5
    endloop
  endfacet
  facet normal 0 0 -1
    outer loop
      vertex 158 -520 6.5
      vertex 158 520 6.5
      vertex 162 520 6.5
    endloop
  endfacet
  facet normal 0 0 -1
    outer loop
      vertex 158 -520 6.5
      vertex 162 520 6.5
      vertex 162 -520 6.5
    endloop
  endfacet
  facet normal 0 0 1
    outer loop
      vertex 158 -520 13.5
      vertex 162 -520 13.5
      vertex 162 520 13.5
    endloop
  endfacet
  facet normal 0 0 1
    outer loop
      vertex 158 -520 13.5
      vertex 162 520 13.5
      vertex 158 520 13.5
    endloop
  endfacet
  facet normal 0 -1 0
    outer loop
      vertex 158 -520 6.5
      vertex 162 -520 6.5
      vertex 162 -520 13.5
    endloop
  endfacet
  facet normal 0 -1 0
    outer loop
      vertex 158 -520 6.5
      vertex 162 -520 13.5
      vertex 158 -520 13.5
    endloop
  endfacet
  facet normal 1 0 0
    outer loop
      vertex 162 -520 6.5
      vertex 162 520 6.5
      vertex 162 520 13.5
    endloop
  endfacet
  facet normal 1 0 0
    outer loop
      vertex 162 -520 6.5
      vertex 162 520 13.5
      vertex 162 -520 13.5
    endloop
  endfacet
  facet normal 0 1 0
    outer loop
      vertex 162 520 6.5
      vertex 158 520 6.5
      vertex 158 520 13.5
    endloop
  endfacet
  facet normal 0 1 -0
    outer loop
      vertex 162 520 6.5
      vertex 158 520 13.5
      vertex 162 520 13.5
    endloop
  endfacet
  facet normal -1 0 0
    outer loop
      vertex 158 520 6.5
      vertex 158 -520 6.5
      vertex 158 -520 13.5
    endloop
  endfacet
  facet normal -1 0 0
    outer loop
      vertex 158 520 6.5
      vertex 158 -520 13.5
      vertex 158 520 13.5
    endloop
  endfacet
  facet normal 0 0 -1
    outer loop
      vertex 318 -520 6.5
      vertex 318 520 6.5
      vertex 322 520 6.5
    endloop
  endfacet
  facet normal 0 0 -1
    outer loop
      vertex 318 -520 6.5
      vertex 322 520 6.5
      vertex 322 -520 6.5
    endloop
  endfacet
  facet normal 0 0 1
    outer loop
      vertex 318 -520 13.5
      vertex 322 -520 13.5
      vertex 322 520 13.5
    endloop
  endfacet
  facet normal 0 0 1
    outer loop
      vertex 318 -520 13.5
      vertex 322 520 13.5
      vertex 318 520 13.5
    endloop
  endfacet
  facet normal 0 -1 0
    outer loop
      vertex 318 -520 6.5
      vertex 322 -520 6.5
      vertex 322 -520 13.5
    endloop
  endfacet
  facet normal 0 -1 0
    outer loop
      vertex 318 -520 6.5
      vertex 322 -520 13.5
      vertex 318 -520 13.5
    endloop
  endfacet
  facet normal 1 0 0
    outer loop
      vertex 322 -520 6.5
      vertex 322 520 6.5
      vertex 322 520 13.5
    endloop
  endfacet
  facet normal 1 0 0
    outer loop
      vertex 322 -520 6.5
      vertex 322 520 13.5
      vertex 322 -520 13.5
    endloop
  endfacet
  facet normal 0 1 0
    outer loop
      vertex 322 520 6.5
      vertex 318 520 6.5
      vertex 318 520 13.5
    endloop
  endfacet
  facet normal 0 1 -0
    outer loop
      vertex 322 520 6.5
      vertex 318 520 13.5
      vertex 322 520 13.5
    endloop
  endfacet
  facet normal -1 0 0
    outer loop
      vertex 318 520 6.5
      vertex 318 -520 6.5
      vertex 318 -520 13.5
    endloop
  endfacet
  facet normal -1 0 0
    outer loop
      vertex 318 520 6.5
      vertex 318 -520 13.5
      vertex 318 520 13.5
    endloop
  endfacet
  facet normal 0 0 -1
    outer loop
      vertex 478 -520 6.5
      vertex 478 520 6.5
      vertex 482 520 6.5
    endloop
  endfacet
  facet normal 0 0 -1
    outer loop
      vertex 478 -520 6.5
      vertex 482 520 6.5
      vertex 482 -520 6.5
    endloop
  endfacet
  facet normal 0 0 1
    outer loop
      vertex 478 -520 13.5
      vertex 482 -520 13.5
      vertex 482 520 13.5
    endloop
  endfacet
  facet normal 0 0 1
    outer loop
      vertex 478 -520 13.5
      vertex 482 520 13.5
      vertex 478 520 13.5
    endloop
  endfacet
  facet normal 0 -1 0
    outer loop
      vertex 478 -520 6.5
      vertex 482 -520 6.5
      vertex 482 -520 13.5
    endloop
  endfacet
  facet normal 0 -1 0
    outer loop
      vertex 478 -520 6.5
      vertex 482 -520 13.5
      vertex 478 -520 13.5
    endloop
  endfacet
  facet normal 1 0 0
    outer loop
      vertex 482 -520 6.5
      vertex 482 520 6.5
      vertex 482 520 13.5
    endloop
  endfacet
  facet normal 1 0 0
    outer loop
      vertex 482 -520 6.5
      vertex 482 520 13.5
      vertex 482 -520 13.5
    endloop
  endfacet
  facet normal 0 1 0
    outer loop
      vertex 482 520 6.5
      vertex 478 520 6.5
      vertex 478 520 13.5
    endloop
  endfacet
  facet normal 0 1 -0
    outer loop
      vertex 482 520 6.5
      vertex 478 520 13.5
      vertex 482 520 13.5
    endloop
  endfacet
  facet normal -1 0 0
    outer loop
      vertex 478 520 6.5
      vertex 478 -520 6.5
      vertex 478 -520 13.5
    endloop
  endfacet
  facet normal -1 0 0
    outer loop
      vertex 478 520 6.5
      vertex 478 -520 13.5
      vertex 478 520 13.5
    endloop
  endfacet
  facet normal 0 0 -1
    outer loop
      vertex 638 -520 6.5
      vertex 638 520 6.5
      vertex 642 520 6.5
    endloop
  endfacet
  facet normal 0 0 -1
    outer loop
      vertex 638 -520 6.5
      vertex 642 520 6.5
      vertex 642 -520 6.5
    endloop
  endfacet
  facet normal 0 0 1
    outer loop
      vertex 638 -520 13.5
      vertex 642 -520 13.5
      vertex 642 520 13.5
    endloop
  endfacet
  facet normal 0 0 1
    outer loop
      vertex 638 -520 13.5
      vertex 642 520 13.5
      vertex 638 520 13.5
    endloop
  endfacet
  facet normal 0 -1 0
    outer loop
      vertex 638 -520 6.5
      vertex 642 -520 6.5
      vertex 642 -520 13.5
    endloop
  endfacet
  facet normal 0 -1 0
    outer loop
      vertex 638 -520 6.5
      vertex 642 -520 13.5
      vertex 638 -520 13.5
    endloop
  endfacet
  facet normal 1 0 0
    outer loop
      vertex 642 -520 6.5
      vertex 642 520 6.5
      vertex 642 520 13.5
    endloop
  endfacet
  facet normal 1 0 0
    outer loop
      vertex 642 -520 6.5
      vertex 642 520 13.5
      vertex 642 -520 13.5
    endloop
  endfacet
  facet normal 0 1 0
    outer loop
      vertex 642 520 6.5
      vertex 638 520 6.5
      vertex 638 520 13.5
    endloop
  endfacet
  facet normal 0 1 -0
    outer loop
      vertex 642 520 6.5
      vertex 638 520 13.5
      vertex 642 520 13.5
    endloop
  endfacet
  facet normal -1 0 0
    outer loop
      vertex 638 520 6.5
      vertex 638 -520 6.5
      vertex 638 -520 13.5
    endloop
  endfacet
  facet normal -1 0 0
    outer loop
      vertex 638 520 6.5
      vertex 638 -520 13.5
      vertex 638 520 13.5
    endloop
  endfacet
  facet normal 0 0 -1
    outer loop
      vertex 798 -520 6.5
      vertex 798 520 6.5
      vertex 802 520 6.5
    endloop
  endfacet
  facet normal 0 0 -1
    outer loop
      vertex 798 -520 6.5
      vertex 802 520 6.5
      vertex 802 -520 6.5
    endloop
  endfacet
  facet normal 0 0 1
    outer loop
      vertex 798 -520 13.5
      vertex 802 -520 13.5
      vertex 802 520 13.5
    endloop
  endfacet
  facet normal 0 0 1
    outer loop
      vertex 798 -520 13.5
      vertex 802 520 13.5
      vertex 798 520 13.5
    endloop
  endfacet
  facet normal 0 -1 0
    outer loop
      vertex 798 -520 6.5
      vertex 802 -520 6.5
      vertex 802 -520 13.5
    endloop
  endfacet
  facet normal 0 -1 0
    outer loop
      vertex 798 -520 6.5
      vertex 802 -520 13.5
      vertex 798 -520 13.5
    endloop
  endfacet
  facet normal 1 0 0
    outer loop
      vertex 802 -520 6.5
      vertex 802 520 6.5
      vertex 802 520 13.5
    endloop
  endfacet
  facet normal 1 0 0
    outer loop
      vertex 802 -520 6.5
      vertex 802 520 13.5
      vertex 802 -520 13.5
    endloop
  endfacet
  facet normal 0 1 0
    outer loop
      vertex 802 520 6.5
      vertex 798 520 6.5
      vertex 798 520 13.5
    endloop
  endfacet
  facet normal 0 1 -0
    outer loop
      vertex 802 520 6.5
      vertex 798 520 13.5
      vertex 802 520 13.5
    endloop
  endfacet
  facet normal -1 0 0
    outer loop
      vertex 798 520 6.5
      vertex 798 -520 6.5
      vertex 798 -520 13.5
    endloop
  endfacet
  facet normal -1 0 0
    outer loop
      vertex 798 520 6.5
      vertex 798 -520 13.5
      vertex 798 520 13.5
    endloop
  endfacet
  facet normal 0 0 -1
    outer loop
      vertex -920 -482 7.5
      vertex -920 -478 7.5
      vertex 920 -478 7.5
    endloop
  endfacet
  facet normal 0 0 -1
    outer loop
      vertex -920 -482 7.5
      vertex 920 -478 7.5
      vertex 920 -482 7.5
    endloop
  endfacet
  facet normal 0 0 1
    outer loop
      vertex -920 -482 14.5
      vertex 920 -482 14.5
      vertex 920 -478 14.5
    endloop
  endfacet
  facet normal 0 0 1
    outer loop
      vertex -920 -482 14.5
      vertex 920 -478 14.5
      vertex -920 -478 14.5
    endloop
  endfacet
  facet normal 0 -1 0
    outer loop
      vertex -920 -482 7.5
      vertex 920 -482 7.5
      vertex 920 -482 14.5
    endloop
  endfacet
  facet normal 0 -1 0
    outer loop
      vertex -920 -482 7.5
      vertex 920 -482 14.5
      vertex -920 -482 14.5
    endloop
  endfacet
  facet normal 1 0 0
    outer loop
      vertex 920 -482 7.5
      vertex 920 -478 7.5
      vertex 920 -478 14.5
    endloop
  endfacet
  facet normal 1 0 0
    outer loop
      vertex 920 -482 7.5
      vertex 920 -478 14.5
      vertex 920 -482 14.5
    endloop
  endfacet
  facet normal 0 1 0
    outer loop
      vertex 920 -478 7.5
      vertex -920 -478 7.5
      vertex -920 -478 14.5
    endloop
  endfacet
  facet normal 0 1 -0
    outer loop
      vertex 920 -478 7.5
      vertex -920 -478 14.5
      vertex 920 -478 14.5
    endloop
  endfacet
  facet normal -1 0 0
    outer loop
      vertex -920 -478 7.5
      vertex -920 -482 7.5
      vertex -920 -482 14.5
    endloop
  endfacet
  facet normal -1 0 0
    outer loop
      vertex -920 -478 7.5
      vertex -920 -482 14.5
      vertex -920 -478 14.5
    endloop
  endfacet
  facet normal 0 0 -1
    outer loop
      vertex -920 -362 7.5
      vertex -920 -358 7.5
      vertex 920 -358 7.5
    endloop
  endfacet
  facet normal 0 0 -1
    outer loop
      vertex -920 -362 7.5
      vertex 920 -358 7.5
      vertex 920 -362 7.5
    endloop
  endfacet
  facet normal 0 0 1
    outer loop
      vertex -920 -362 14.5
      vertex 920 -362 14.5
      vertex 920 -358 14.5
    endloop
  endfacet
  facet normal 0 0 1
    outer loop
      vertex -920 -362 14.5
      vertex 920 -358 14.5
      vertex -920 -358 14.5
    endloop
  endfacet
  facet normal 0 -1 0
    outer loop
      vertex -920 -362 7.5
      vertex 920 -362 7.5
      vertex 920 -362 14.5
    endloop
  endfacet
  facet normal 0 -1 0
    outer loop
      vertex -920 -362 7.5
      vertex 920 -362 14.5
      vertex -920 -362 14.5
    endloop
  endfacet
  facet normal 1 0 0
    outer loop
      vertex 920 -362 7.5
      vertex 920 -358 7.5
      vertex 920 -358 14.5
    endloop
  endfacet
  facet normal 1 0 0
    outer loop
      vertex 920 -362 7.5
      vertex 920 -358 14.5
      vertex 920 -362 14.5
    endloop
  endfacet
  facet normal 0 1 0
    outer loop
      vertex 920 -358 7.5
      vertex -920 -358 7.5
      vertex -920 -358 14.5
    endloop
  endfacet
  facet normal 0 1 -0
    outer loop
      vertex 920 -358 7.5
      vertex -920 -358 14.5
      vertex 920 -358 14.5
    endloop
  endfacet
  facet normal -1 0 0
    outer loop
      vertex -920 -358 7.5
      vertex -920 -362 7.5
      vertex -920 -362 14.5
    endloop
  endfacet
  facet normal -1 0 0
    outer loop
      vertex -920 -358 7.5
      vertex -920 -362 14.5
      vertex -920 -358 14.5
    endloop
  endfacet
  facet normal 0 0 -1
    outer loop
      vertex -920 -242 7.5
      vertex -920 -238 7.5
      vertex 920 -238 7.5
    endloop
  endfacet
  facet normal 0 0 -1
    outer loop
      vertex -920 -242 7.5
      vertex 920 -238 7.5
      vertex 920 -242 7.5
    endloop
  endfacet
  facet normal 0 0 1
    outer loop
      vertex -920 -242 14.5
      vertex 920 -242 14.5
      vertex 920 -238 14.5
    endloop
  endfacet
  facet normal 0 0 1
    outer loop
      vertex -920 -242 14.5
      vertex 920 -238 14.5
      vertex -920 -238 14.5
    endloop
  endfacet
  facet normal 0 -1 0
    outer loop
      vertex -920 -242 7.5
      vertex 920 -242 7.5
      vertex 920 -242 14.5
    endloop
  endfacet
  facet normal 0 -1 0
    outer loop
      vertex -920 -242 7.5
      vertex 920 -242 14.5
      vertex -920 -242 14.5
    endloop
  endfacet
  facet normal 1 0 0
    outer loop
      vertex 920 -242 7.5
      vertex 920 -238 7.5
      vertex 920 -238 14.5
    endloop
  endfacet
  facet normal 1 0 0
    outer loop
      vertex 920 -242 7.5
      vertex 920 -238 14.5
      vertex 920 -242 14.5
    endloop
  endfacet
  facet normal 0 1 0
    outer loop
      vertex 920 -238 7.5
      vertex -920 -238 7.5
      vertex -920 -238 14.5
    endloop
  endfacet
  facet normal 0 1 -0
    outer loop
      vertex 920 -238 7.5
      vertex -920 -238 14.5
      vertex 920 -238 14.5
    endloop
  endfacet
  facet normal -1 0 0
    outer loop
      vertex -920 -238 7.5
      vertex -920 -242 7.5
      vertex -920 -242 14.5
    endloop
  endfacet
  facet normal -1 0 0
    outer loop
      vertex -920 -238 7.5
      vertex -920 -242 14.5
      vertex -920 -238 14.5
    endloop
  endfacet
  facet normal 0 0 -1
    outer loop
      vertex -920 -122 7.5
      vertex -920 -118 7.5
      vertex 920 -118 7.5
    endloop
  endfacet
  facet normal 0 0 -1
    outer loop
      vertex -920 -122 7.5
      vertex 920 -118 7.5
      vertex 920 -122 7.5
    endloop
  endfacet
  facet normal 0 0 1
    outer loop
      vertex -920 -122 14.5
      vertex 920 -122 14.5
      vertex 920 -118 14.5
    endloop
  endfacet
  facet normal 0 0 1
    outer loop
      vertex -920 -122 14.5
      vertex 920 -118 14.5
      vertex -920 -118 14.5
    endloop
  endfacet
  facet normal 0 -1 0
    outer loop
      vertex -920 -122 7.5
      vertex 920 -122 7.5
      vertex 920 -122 14.5
    endloop
  endfacet
  facet normal 0 -1 0
    outer loop
      vertex -920 -122 7.5
      vertex 920 -122 14.5
      vertex -920 -122 14.5
    endloop
  endfacet
  facet normal 1 0 0
    outer loop
      vertex 920 -122 7.5
      vertex 920 -118 7.5
      vertex 920 -118 14.5
    endloop
  endfacet
  facet normal 1 0 0
    outer loop
      vertex 920 -122 7.5
      vertex 920 -118 14.5
      vertex 920 -122 14.5
    endloop
  endfacet
  facet normal 0 1 0
    outer loop
      vertex 920 -118 7.5
      vertex -920 -118 7.5
      vertex -920 -118 14.5
    endloop
  endfacet
  facet normal 0 1 -0
    outer loop
      vertex 920 -118 7.5
      vertex -920 -118 14.5
      vertex 920 -118 14.5
    endloop
  endfacet
  facet normal -1 0 0
    outer loop
      vertex -920 -118 7.5
      vertex -920 -122 7.5
      vertex -920 -122 14.5
    endloop
  endfacet
  facet normal -1 0 0
    outer loop
      vertex -920 -118 7.5
      vertex -920 -122 14.5
      vertex -920 -118 14.5
    endloop
  endfacet
  facet normal 0 0 -1
    outer loop
      vertex -920 -2 7.5
      vertex -920 2 7.5
      vertex 920 2 7.5
    endloop
  endfacet
  facet normal 0 0 -1
    outer loop
      vertex -920 -2 7.5
      vertex 920 2 7.5
      vertex 920 -2 7.5
    endloop
  endfacet
  facet normal 0 0 1
    outer loop
      vertex -920 -2 14.5
      vertex 920 -2 14.5
      vertex 920 2 14.5
    endloop
  endfacet
  facet normal 0 0 1
    outer loop
      vertex -920 -2 14.5
      vertex 920 2 14.5
      vertex -920 2 14.5
    endloop
  endfacet
  facet normal 0 -1 0
    outer loop
      vertex -920 -2 7.5
      vertex 920 -2 7.5
      vertex 920 -2 14.5
    endloop
  endfacet
  facet normal 0 -1 0
    outer loop
      vertex -920 -2 7.5
      vertex 920 -2 14.5
      vertex -920 -2 14.5
    endloop
  endfacet
  facet normal 1 0 0
    outer loop
      vertex 920 -2 7.5
      vertex 920 2 7.5
      vertex 920 2 14.5
    endloop
  endfacet
  facet normal 1 0 0
    outer loop
      vertex 920 -2 7.5
      vertex 920 2 14.5
      vertex 920 -2 14.5
    endloop
  endfacet
  facet normal 0 1 0
    outer loop
      vertex 920 2 7.5
      vertex -920 2 7.5
      vertex -920 2 14.5
    endloop
  endfacet
  facet normal 0 1 -0
    outer loop
      vertex 920 2 7.5
      vertex -920 2 14.5
      vertex 920 2 14.5
    endloop
  endfacet
  facet normal -1 0 0
    outer loop
      vertex -920 2 7.5
      vertex -920 -2 7.5
      vertex -920 -2 14.5
    endloop
  endfacet
  facet normal -1 0 0
    outer loop
      vertex -920 2 7.5
      vertex -920 -2 14.5
      vertex -920 2 14.5
    endloop
  endfacet
  facet normal 0 0 -1
    outer loop
      vertex -920 118 7.5
      vertex -920 122 7.5
      vertex 920 122 7.5
    endloop
  endfacet
  facet normal 0 0 -1
    outer loop
      vertex -920 118 7.5
      vertex 920 122 7.5
      vertex 920 118 7.5
    endloop
  endfacet
  facet normal 0 0 1
    outer loop
      vertex -920 118 14.5
      vertex 920 118 14.5
      vertex 920 122 14.5
    endloop
  endfacet
  facet normal 0 0 1
    outer loop
      vertex -920 118 14.5
      vertex 920 122 14.5
      vertex -920 122 14.5
    endloop
  endfacet
  facet normal 0 -1 0
    outer loop
      vertex -920 118 7.5
      vertex 920 118 7.5
      vertex 920 118 14.5
    endloop
  endfacet
  facet normal 0 -1 0
    outer loop
      vertex -920 118 7.5
      vertex 920 118 14.5
      vertex -920 118 14.5
    endloop
  endfacet
  facet normal 1 0 0
    outer loop
      vertex 920 118 7.5
      vertex 920 122 7.5
      vertex 920 122 14.5
    endloop
  endfacet
  facet normal 1 0 0
    outer loop
      vertex 920 118 7.5
      vertex 920 122 14.5
      vertex 920 118 14.5
    endloop
  endfacet
  facet normal 0 1 0
    outer loop
      vertex 920 122 7.5
      vertex -920 122 7.5
      vertex -920 122 14.5
    endloop
  endfacet
  facet normal 0 1 -0
    outer loop
      vertex 920 122 7.5
      vertex -920 122 14.5
      vertex 920 122 14.5
    endloop
  endfacet
  facet normal -1 0 0
    outer loop
      vertex -920 122 7.5
      vertex -920 118 7.5
      vertex -920 118 14.5
    endloop
  endfacet
  facet normal -1 0 0
    outer loop
      vertex -920 122 7.5
      vertex -920 118 14.5
      vertex -920 122 14.5
    endloop
  endfacet
  facet normal 0 0 -1
    outer loop
      vertex -920 238 7.5
      vertex -920 242 7.5
      vertex 920 242 7.5
    endloop
  endfacet
  facet normal 0 0 -1
    outer loop
      vertex -920 238 7.5
      vertex 920 242 7.5
      vertex 920 238 7.5
    endloop
  endfacet
  facet normal 0 0 1
    outer loop
      vertex -920 238 14.5
      vertex 920 238 14.5
      vertex 920 242 14.5
    endloop
  endfacet
  facet normal 0 0 1
    outer loop
      vertex -920 238 14.5
      vertex 920 242 14.5
      vertex -920 242 14.5
    endloop
  endfacet
  facet normal 0 -1 0
    outer loop
      vertex -920 238 7.5
      vertex 920 238 7.5
      vertex 920 238 14.5
    endloop
  endfacet
  facet normal 0 -1 0
    outer loop
      vertex -920 238 7.5
      vertex 920 238 14.5
      vertex -920 238 14.5
    endloop
  endfacet
  facet normal 1 0 0
    outer loop
      vertex 920 238 7.5
      vertex 920 242 7.5
      vertex 920 242 14.5
    endloop
  endfacet
  facet normal 1 0 0
    outer loop
      vertex 920 238 7.5
      vertex 920 242 14.5
      vertex 920 238 14.5
    endloop
  endfacet
  facet normal 0 1 0
    outer loop
      vertex 920 242 7.5
      vertex -920 242 7.5
      vertex -920 242 14.5
    endloop
  endfacet
  facet normal 0 1 -0
    outer loop
      vertex 920 242 7.5
      vertex -920 242 14.5
      vertex 920 242 14.5
    endloop
  endfacet
  facet normal -1 0 0
    outer loop
      vertex -920 242 7.5
      vertex -920 238 7.5
      vertex -920 238 14.5
    endloop
  endfacet
  facet normal -1 0 0
    outer loop
      vertex -920 242 7.5
      vertex -920 238 14.5
      vertex -920 242 14.5
    endloop
  endfacet
  facet normal 0 0 -1
    outer loop
      vertex -920 358 7.5
      vertex -920 362 7.5
      vertex 920 362 7.5
    endloop
  endfacet
  facet normal 0 0 -1
    outer loop
      vertex -920 358 7.5
      vertex 920 362 7.5
      vertex 920 358 7.5
    endloop
  endfacet
  facet normal 0 0 1
    outer loop
      vertex -920 358 14.5
      vertex 920 358 14.5
      vertex 920 362 14.5
    endloop
  endfacet
  facet normal 0 0 1
    outer loop
      vertex -920 358 14.5
      vertex 920 362 14.5
      vertex -920 362 14.5
    endloop
  endfacet
  facet normal 0 -1 0
    outer loop
      vertex -920 358 7.5
      vertex 920 358 7.5
      vertex 920 358 14.5
    endloop
  endfacet
  facet normal 0 -1 0
    outer loop
      vertex -920 358 7.5
      vertex 920 358 14.5
      vertex -920 358 14.5
    endloop
  endfacet
  facet normal 1 0 0
    outer loop
      vertex 920 358 7.5
      vertex 920 362 7.5
      vertex 920 362 14.5
    endloop
  endfacet
  facet normal 1 0 0
    outer loop
      vertex 920 358 7.5
      vertex 920 362 14.5
      vertex 920 358 14.5
    endloop
  endfacet
  facet normal 0 1 0
    outer loop
      vertex 920 362 7.5
      vertex -920 362 7.5
      vertex -920 362 14.5
    endloop
  endfacet
  facet normal 0 1 -0
    outer loop
      vertex 920 362 7.5
      vertex -920 362 14.5
      vertex 920 362 14.5
    endloop
  endfacet
  facet normal -1 0 0
    outer loop
      vertex -920 362 7.5
      vertex -920 358 7.5
      vertex -920 358 14.5
    endloop
  endfacet
  facet normal -1 0 0
    outer loop
      vertex -920 362 7.5
      vertex -920 358 14.5
      vertex -920 362 14.5
    endloop
  endfacet
  facet normal 0 0 -1
    outer loop
      vertex -920 478 7.5
      vertex -920 482 7.5
      vertex 920 482 7.5
    endloop
  endfacet
  facet normal 0 0 -1
    outer loop
      vertex -920 478 7.5
      vertex 920 482 7.5
      vertex 920 478 7.5
    endloop
  endfacet
  facet normal 0 0 1
    outer loop
      vertex -920 478 14.5
      vertex 920 478 14.5
      vertex 920 482 14.5
    endloop
  endfacet
  facet normal 0 0 1
    outer loop
      vertex -920 478 14.5
      vertex 920 482 14.5
      vertex -920 482 14.5
    endloop
  endfacet
  facet normal 0 -1 0
    outer loop
      vertex -920 478 7.5
      vertex 920 478 7.5
      vertex 920 478 14.5
    endloop
  endfacet
  facet normal 0 -1 0
    outer loop
      vertex -920 478 7.5
      vertex 920 478 14.5
      vertex -920 478 14.5
    endloop
  endfacet
  facet normal 1 0 0
    outer loop
      vertex 920 478 7.5
      vertex 920 482 7.5
      vertex 920 482 14.5
    endloop
  endfacet
  facet normal 1 0 0
    outer loop
      vertex 920 478 7.5
      vertex 920 482 14.5
      vertex 920 478 14.5
    endloop
  endfacet
  facet normal 0 1 0
    outer loop
      vertex 920 482 7.5
      vertex -920 482 7.5
      vertex -920 482 14.5
    endloop
  endfacet
  facet normal 0 1 -0
    outer loop
      vertex 920 482 7.5
      vertex -920 482 14.5
      vertex 920 482 14.5
    endloop
  endfacet
  facet normal -1 0 0
    outer loop
      vertex -920 482 7.5
      vertex -920 478 7.5
      vertex -920 478 14.5
    endloop
  endfacet
  facet normal -1 0 0
    outer loop
      vertex -920 482 7.5
      vertex -920 478 14.5
      vertex -920 482 14.5
    endloop
  endfacet
  facet normal 0 0 -1
    outer loop
      vertex -889.7109 -471.979 13
      vertex -890.2891 -468.021 13
      vertex 889.7109 -208.021 13
    endloop
  endfacet
  facet normal 0 0 -1
    outer loop
      vertex -889.7109 -471.979 13
      vertex 889.7109 -208.021 13
      vertex 890.2891 -211.979 13
    endloop
  endfacet
  facet normal 0 0 1
    outer loop
      vertex -889.7109 -471.979 19
      vertex 890.2891 -211.979 19
      vertex 889.7109 -208.021 19
    endloop
  endfacet
  facet normal 0 -0 1
    outer loop
      vertex -889.7109 -471.979 19
      vertex 889.7109 -208.021 19
      vertex -890.2891 -468.021 19
    endloop
  endfacet
  facet normal 0.1445337 -0.9894999 0
    outer loop
      vertex -889.7109 -471.979 13
      vertex 890.2891 -211.979 13
      vertex 890.2891 -211.979 19
    endloop
  endfacet
  facet normal 0.1445337 -0.9894999 0
    outer loop
      vertex -889.7109 -471.979 13
      vertex 890.2891 -211.979 19
      vertex -889.7109 -471.979 19
    endloop
  endfacet
  facet normal 0.9894999 0.1445337 0
    outer loop
      vertex 890.2891 -211.979 13
      vertex 889.7109 -208.021 13
      vertex 889.7109 -208.021 19
    endloop
  endfacet
  facet normal 0.9894999 0.1445337 -0
    outer loop
      vertex 890.2891 -211.979 13
      vertex 889.7109 -208.021 19
      vertex 890.2891 -211.979 19
    endloop
  endfacet
  facet normal -0.1445337 0.9894999 0
    outer loop
      vertex 889.7109 -208.021 13
      vertex -890.2891 -468.021 13
      vertex -890.2891 -468.021 19
    endloop
  endfacet
  facet normal -0.1445337 0.9894999 0
    outer loop
      vertex 889.7109 -208.021 13
      vertex -890.2891 -468.021 19
      vertex 889.7109 -208.021 19
    endloop
  endfacet
  facet normal -0.9894999 -0.1445337 0
    outer loop
      vertex -890.2891 -468.021 13
      vertex -889.7109 -471.979 13
      vertex -889.7109 -471.979 19
    endloop
  endfacet
  facet normal -0.9894999 -0.1445337 0
    outer loop
      vertex -890.2891 -468.021 13
      vertex -889.7109 -471.979 19
      vertex -890.2891 -468.021 19
    endloop
  endfacet
  facet normal 0 0 -1
    outer loop
      vertex -890.2891 -211.979 15
      vertex -889.7109 -208.021 15
      vertex 890.2891 -468.021 15
    endloop
  endfacet
  facet normal 0 0 -1
    outer loop
      vertex -890.2891 -211.979 15
      vertex 890.2891 -468.021 15
      vertex 889.7109 -471.979 15
    endloop
  endfacet
  facet normal 0 0 1
    outer loop
      vertex -890.2891 -211.979 21
      vertex 889.7109 -471.979 21
      vertex 890.2891 -468.021 21
    endloop
  endfacet
  facet normal -0 0 1
    outer loop
      vertex -890.2891 -211.979 21
      vertex 890.2891 -468.021 21
      vertex -889.7109 -208.021 21
    endloop
  endfacet
  facet normal -0.1445337 -0.9894999 0
    outer loop
      vertex -890.2891 -211.979 15
      vertex 889.7109 -471.979 15
      vertex 889.7109 -471.979 21
    endloop
  endfacet
  facet normal -0.1445337 -0.9894999 0
    outer loop
      vertex -890.2891 -211.979 15
      vertex 889.7109 -471.979 21
      vertex -890.2891 -211.979 21
    endloop
  endfacet
  facet normal 0.9894999 -0.1445337 0
    outer loop
      vertex 889.7109 -471.979 15
      vertex 890.2891 -468.021 15
      vertex 890.2891 -468.021 21
    endloop
  endfacet
  facet normal 0.9894999 -0.1445337 0
    outer loop
      vertex 889.7109 -471.979 15
      vertex 890.2891 -468.021 21
      vertex 889.7109 -471.979 21
    endloop
  endfacet
  facet normal 0.1445337 0.9894999 0
    outer loop
      vertex 890.2891 -468.021 15
      vertex -889.7109 -208.021 15
      vertex -889.7109 -208.021 21
    endloop
  endfacet
  facet normal 0.1445337 0.9894999 -0
    outer loop
      vertex 890.2891 -468.021 15
      vertex -889.7109 -208.021 21
      vertex 890.2891 -468.021 21
    endloop
  endfacet
  facet normal -0.9894999 0.1445337 0
    outer loop
      vertex -889.7109 -208.021 15
      vertex -890.2891 -211.979 15
      vertex -890.2891 -211.979 21
    endloop
  endfacet
  facet normal -0.9894999 0.1445337 0
    outer loop
      vertex -889.7109 -208.021 15
      vertex -890.2891 -211.979 21
      vertex -889.7109 -208.021 21
    endloop
  endfacet
  facet normal 0 0 -1
    outer loop
      vertex -889.7109 -326.979 13
      vertex -890.2891 -323.021 13
      vertex 889.7109 -63.021 13
    endloop
  endfacet
  facet normal 0 0 -1
    outer loop
      vertex -889.7109 -326.979 13
      vertex 889.7109 -63.021 13
      vertex 890.2891 -66.979 13
    endloop
  endfacet
  facet normal 0 0 1
    outer loop
      vertex -889.7109 -326.979 19
      vertex 890.2891 -66.979 19
      vertex 889.7109 -63.021 19
    endloop
  endfacet
  facet normal 0 -0 1
    outer loop
      vertex -889.7109 -326.979 19
      vertex 889.7109 -63.021 19
      vertex -890.2891 -323.021 19
    endloop
  endfacet
  facet normal 0.1445337 -0.9894999 0
    outer loop
      vertex -889.7109 -326.979 13
      vertex 890.2891 -66.979 13
      vertex 890.2891 -66.979 19
    endloop
  endfacet
  facet normal 0.1445337 -0.9894999 0
    outer loop
      vertex -889.7109 -326.979 13
      vertex 890.2891 -66.979 19
      vertex -889.7109 -326.979 19
    endloop
  endfacet
  facet normal 0.9894999 0.1445337 0
    outer loop
      vertex 890.2891 -66.979 13
      vertex 889.7109 -63.021 13
      vertex 889.7109 -63.021 19
    endloop
  endfacet
  facet normal 0.9894999 0.1445337 -0
    outer loop
      vertex 890.2891 -66.979 13
      vertex 889.7109 -63.021 19
      vertex 890.2891 -66.979 19
    endloop
  endfacet
  facet normal -0.1445337 0.9894999 0
    outer loop
      vertex 889.7109 -63.021 13
      vertex -890.2891 -323.021 13
      vertex -890.2891 -323.021 19
    endloop
  endfacet
  facet normal -0.1445337 0.9894999 0
    outer loop
      vertex 889.7109 -63.021 13
      vertex -890.2891 -323.021 19
      vertex 889.7109 -63.021 19
    endloop
  endfacet
  facet normal -0.9894999 -0.1445337 0
    outer loop
      vertex -890.2891 -323.021 13
      vertex -889.7109 -326.979 13
      vertex -889.7109 -326.979 19
    endloop
  endfacet
  facet normal -0.9894999 -0.1445337 0
    outer loop
      vertex -890.2891 -323.021 13
      vertex -889.7109 -326.979 19
      vertex -890.2891 -323.021 19
    endloop
  endfacet
  facet normal 0 0 -1
    outer loop
      vertex -890.2891 -66.979 15
      vertex -889.7109 -63.021 15
      vertex 890.2891 -323.021 15
    endloop
  endfacet
  facet normal 0 0 -1
    outer loop
      vertex -890.2891 -66.979 15
      vertex 890.2891 -323.021 15
      vertex 889.7109 -326.979 15
    endloop
  endfacet
  facet normal 0 0 1
    outer loop
      vertex -890.2891 -66.979 21
      vertex 889.7109 -326.979 21
      vertex 890.2891 -323.021 21
    endloop
  endfacet
  facet normal -0 0 1
    outer loop
      vertex -890.2891 -66.979 21
      vertex 890.2891 -323.021 21
      vertex -889.7109 -63.021 21
    endloop
  endfacet
  facet normal -0.1445337 -0.9894999 0
    outer loop
      vertex -890.2891 -66.979 15
      vertex 889.7109 -326.979 15
      vertex 889.7109 -326.979 21
    endloop
  endfacet
  facet normal -0.1445337 -0.9894999 0
    outer loop
      vertex -890.2891 -66.979 15
      vertex 889.7109 -326.979 21
      vertex -890.2891 -66.979 21
    endloop
  endfacet
  facet normal 0.9894999 -0.1445337 0
    outer loop
      vertex 889.7109 -326.979 15
      vertex 890.2891 -323.021 15
      vertex 890.2891 -323.021 21
    endloop
  endfacet
  facet normal 0.9894999 -0.1445337 0
    outer loop
      vertex 889.7109 -326.979 15
      vertex 890.2891 -323.021 21
      vertex 889.7109 -326.979 21
    endloop
  endfacet
  facet normal 0.1445337 0.9894999 0
    outer loop
      vertex 890.2891 -323.021 15
      vertex -889.7109 -63.021 15
      vertex -889.7109 -63.021 21
    endloop
  endfacet
  facet normal 0.1445337 0.9894999 -0
    outer loop
      vertex 890.2891 -323.021 15
      vertex -889.7109 -63.021 21
      vertex 890.2891 -323.021 21
    endloop
  endfacet
  facet normal -0.9894999 0.1445337 0
    outer loop
      vertex -889.7109 -63.021 15
      vertex -890.2891 -66.979 15
      vertex -890.2891 -66.979 21
    endloop
  endfacet
  facet normal -0.9894999 0.1445337 0
    outer loop
      vertex -889.7109 -63.021 15
      vertex -890.2891 -66.979 21
      vertex -889.7109 -63.021 21
    endloop
  endfacet
  facet normal 0 0 -1
    outer loop
      vertex -889.7109 -181.979 13
      vertex -890.2891 -178.021 13
      vertex 889.7109 81.979 13
    endloop
  endfacet
  facet normal 0 0 -1
    outer loop
      vertex -889.7109 -181.979 13
      vertex 889.7109 81.979 13
      vertex 890.2891 78.021 13
    endloop
  endfacet
  facet normal 0 0 1
    outer loop
      vertex -889.7109 -181.979 19
      vertex 890.2891 78.021 19
      vertex 889.7109 81.979 19
    endloop
  endfacet
  facet normal 0 -0 1
    outer loop
      vertex -889.7109 -181.979 19
      vertex 889.7109 81.979 19
      vertex -890.2891 -178.021 19
    endloop
  endfacet
  facet normal 0.1445337 -0.9894999 0
    outer loop
      vertex -889.7109 -181.979 13
      vertex 890.2891 78.021 13
      vertex 890.2891 78.021 19
    endloop
  endfacet
  facet normal 0.1445337 -0.9894999 0
    outer loop
      vertex -889.7109 -181.979 13
      vertex 890.2891 78.021 19
      vertex -889.7109 -181.979 19
    endloop
  endfacet
  facet normal 0.9894999 0.1445337 0
    outer loop
      vertex 890.2891 78.021 13
      vertex 889.7109 81.979 13
      vertex 889.7109 81.979 19
    endloop
  endfacet
  facet normal 0.9894999 0.1445337 -0
    outer loop
      vertex 890.2891 78.021 13
      vertex 889.7109 81.979 19
      vertex 890.2891 78.021 19
    endloop
  endfacet
  facet normal -0.1445337 0.9894999 0
    outer loop
      vertex 889.7109 81.979 13
      vertex -890.2891 -178.021 13
      vertex -890.2891 -178.021 19
    endloop
  endfacet
  facet normal -0.1445337 0.9894999 0
    outer loop
      vertex 889.7109 81.979 13
      vertex -890.2891 -178.021 19
      vertex 889.7109 81.979 19
    endloop
  endfacet
  facet normal -0.9894999 -0.1445337 0
    outer loop
      vertex -890.2891 -178.021 13
      vertex -889.7109 -181.979 13
      vertex -889.7109 -181.979 19
    endloop
  endfacet
  facet normal -0.9894999 -0.1445337 0
    outer loop
      vertex -890.2891 -178.021 13
      vertex -889.7109 -181.979 19
      vertex -890.2891 -178.021 19
    endloop
  endfacet
  facet normal 0 0 -1
    outer loop
      vertex -890.2891 78.021 15
      vertex -889.7109 81.979 15
      vertex 890.2891 -178.021 15
    endloop
  endfacet
  facet normal 0 0 -1
    outer loop
      vertex -890.2891 78.021 15
      vertex 890.2891 -178.021 15
      vertex 889.7109 -181.979 15
    endloop
  endfacet
  facet normal 0 0 1
    outer loop
      vertex -890.2891 78.021 21
      vertex 889.7109 -181.979 21
      vertex 890.2891 -178.021 21
    endloop
  endfacet
  facet normal -0 0 1
    outer loop
      vertex -890.2891 78.021 21
      vertex 890.2891 -178.021 21
      vertex -889.7109 81.979 21
    endloop
  endfacet
  facet normal -0.1445337 -0.9894999 0
    outer loop
      vertex -890.2891 78.021 15
      vertex 889.7109 -181.979 15
      vertex 889.7109 -181.979 21
    endloop
  endfacet
  facet normal -0.1445337 -0.9894999 0
    outer loop
      vertex -890.2891 78.021 15
      vertex 889.7109 -181.979 21
      vertex -890.2891 78.021 21
    endloop
  endfacet
  facet normal 0.9894999 -0.1445337 0
    outer loop
      vertex 889.7109 -181.979 15
      vertex 890.2891 -178.021 15
      vertex 890.2891 -178.021 21
    endloop
  endfacet
  facet normal 0.9894999 -0.1445337 0
    outer loop
      vertex 889.7109 -181.979 15
      vertex 890.2891 -178.021 21
      vertex 889.7109 -181.979 21
    endloop
  endfacet
  facet normal 0.1445337 0.9894999 0
    outer loop
      vertex 890.2891 -178.021 15
      vertex -889.7109 81.979 15
      vertex -889.7109 81.979 21
    endloop
  endfacet
  facet normal 0.1445337 0.9894999 -0
    outer loop
      vertex 890.2891 -178.021 15
      vertex -889.7109 81.979 21
      vertex 890.2891 -178.021 21
    endloop
  endfacet
  facet normal -0.9894999 0.1445337 0
    outer loop
      vertex -889.7109 81.979 15
      vertex -890.2891 78.021 15
      vertex -890.2891 78.021 21
    endloop
  endfacet
  facet normal -0.9894999 0.1445337 0
    outer loop
      vertex -889.7109 81.979 15
      vertex -890.2891 78.021 21
      vertex -889.7109 81.979 21
    endloop
  endfacet
  facet normal 0 0 -1
    outer loop
      vertex -889.7109 -36.979 13
      vertex -890.2891 -33.021 13
      vertex 889.7109 226.979 13
    endloop
  endfacet
  facet normal 0 0 -1
    outer loop
      vertex -889.7109 -36.979 13
      vertex 889.7109 226.979 13
      vertex 890.2891 223.021 13
    endloop
  endfacet
  facet normal 0 0 1
    outer loop
      vertex -889.7109 -36.979 19
      vertex 890.2891 223.021 19
      vertex 889.7109 226.979 19
    endloop
  endfacet
  facet normal 0 -0 1
    outer loop
      vertex -889.7109 -36.979 19
      vertex 889.7109 226.979 19
      vertex -890.2891 -33.021 19
    endloop
  endfacet
  facet normal 0.1445337 -0.9894999 0
    outer loop
      vertex -889.7109 -36.979 13
      vertex 890.2891 223.021 13
      vertex 890.2891 223.021 19
    endloop
  endfacet
  facet normal 0.1445337 -0.9894999 0
    outer loop
      vertex -889.7109 -36.979 13
      vertex 890.2891 223.021 19
      vertex -889.7109 -36.979 19
    endloop
  endfacet
  facet normal 0.9894999 0.1445337 0
    outer loop
      vertex 890.2891 223.021 13
      vertex 889.7109 226.979 13
      vertex 889.7109 226.979 19
    endloop
  endfacet
  facet normal 0.9894999 0.1445337 -0
    outer loop
      vertex 890.2891 223.021 13
      vertex 889.7109 226.979 19
      vertex 890.2891 223.021 19
    endloop
  endfacet
  facet normal -0.1445337 0.9894999 0
    outer loop
      vertex 889.7109 226.979 13
      vertex -890.2891 -33.021 13
      vertex -890.2891 -33.021 19
    endloop
  endfacet
  facet normal -0.1445337 0.9894999 0
    outer loop
      vertex 889.7109 226.979 13
      vertex -890.2891 -33.021 19
      vertex 889.7109 226.979 19
    endloop
  endfacet
  facet normal -0.9894999 -0.1445337 0
    outer loop
      vertex -890.2891 -33.021 13
      vertex -889.7109 -36.979 13
      vertex -889.7109 -36.979 19
    endloop
  endfacet
  facet normal -0.9894999 -0.1445337 0
    outer loop
      vertex -890.2891 -33.021 13
      vertex -889.7109 -36.979 19
      vertex -890.2891 -33.021 19
    endloop
  endfacet
  facet normal 0 0 -1
    outer loop
      vertex -890.2891 223.021 15
      vertex -889.7109 226.979 15
      vertex 890.2891 -33.021 15
    endloop
  endfacet
  facet normal 0 0 -1
    outer loop
      vertex -890.2891 223.021 15
      vertex 890.2891 -33.021 15
      vertex 889.7109 -36.979 15
    endloop
  endfacet
  facet normal 0 0 1
    outer loop
      vertex -890.2891 223.021 21
      vertex 889.7109 -36.979 21
      vertex 890.2891 -33.021 21
    endloop
  endfacet
  facet normal -0 0 1
    outer loop
      vertex -890.2891 223.021 21
      vertex 890.2891 -33.021 21
      vertex -889.7109 226.979 21
    endloop
  endfacet
  facet normal -0.1445337 -0.9894999 0
    outer loop
      vertex -890.2891 223.021 15
      vertex 889.7109 -36.979 15
      vertex 889.7109 -36.979 21
    endloop
  endfacet
  facet normal -0.1445337 -0.9894999 0
    outer loop
      vertex -890.2891 223.021 15
      vertex 889.7109 -36.979 21
      vertex -890.2891 223.021 21
    endloop
  endfacet
  facet normal 0.9894999 -0.1445337 0
    outer loop
      vertex 889.7109 -36.979 15
      vertex 890.2891 -33.021 15
      vertex 890.2891 -33.021 21
    endloop
  endfacet
  facet normal 0.9894999 -0.1445337 0
    outer loop
      vertex 889.7109 -36.979 15
      vertex 890.2891 -33.021 21
      vertex 889.7109 -36.979 21
    endloop
  endfacet
  facet normal 0.1445337 0.9894999 0
    outer loop
      vertex 890.2891 -33.021 15
      vertex -889.7109 226.979 15
      vertex -889.7109 226.979 21
    endloop
  endfacet
  facet normal 0.1445337 0.9894999 -0
    outer loop
      vertex 890.2891 -33.021 15
      vertex -889.7109 226.979 21
      vertex 890.2891 -33.021 21
    endloop
  endfacet
  facet normal -0.9894999 0.1445337 0
    outer loop
      vertex -889.7109 226.979 15
      vertex -890.2891 223.021 15
      vertex -890.2891 223.021 21
    endloop
  endfacet
  facet normal -0.9894999 0.1445337 0
    outer loop
      vertex -889.7109 226.979 15
      vertex -890.2891 223.021 21
      vertex -889.7109 226.979 21
    endloop
  endfacet
  facet normal 0 0 -1
    outer loop
      vertex -889.7109 108.021 13
      vertex -890.2891 111.979 13
      vertex 889.7109 371.979 13
    endloop
  endfacet
  facet normal 0 0 -1
    outer loop
      vertex -889.7109 108.021 13
      vertex 889.7109 371.979 13
      vertex 890.2891 368.021 13
    endloop
  endfacet
  facet normal 0 0 1
    outer loop
      vertex -889.7109 108.021 19
      vertex 890.2891 368.021 19
      vertex 889.7109 371.979 19
    endloop
  endfacet
  facet normal 0 -0 1
    outer loop
      vertex -889.7109 108.021 19
      vertex 889.7109 371.979 19
      vertex -890.2891 111.979 19
    endloop
  endfacet
  facet normal 0.1445337 -0.9894999 0
    outer loop
      vertex -889.7109 108.021 13
      vertex 890.2891 368.021 13
      vertex 890.2891 368.021 19
    endloop
  endfacet
  facet normal 0.1445337 -0.9894999 0
    outer loop
      vertex -889.7109 108.021 13
      vertex 890.2891 368.021 19
      vertex -889.7109 108.021 19
    endloop
  endfacet
  facet normal 0.9894999 0.1445337 0
    outer loop
      vertex 890.2891 368.021 13
      vertex 889.7109 371.979 13
      vertex 889.7109 371.979 19
    endloop
  endfacet
  facet normal 0.9894999 0.1445337 -0
    outer loop
      vertex 890.2891 368.021 13
      vertex 889.7109 371.979 19
      vertex 890.2891 368.021 19
    endloop
  endfacet
  facet normal -0.1445337 0.9894999 0
    outer loop
      vertex 889.7109 371.979 13
      vertex -890.2891 111.979 13
      vertex -890.2891 111.979 19
    endloop
  endfacet
  facet normal -0.1445337 0.9894999 0
    outer loop
      vertex 889.7109 371.979 13
      vertex -890.2891 111.979 19
      vertex 889.7109 371.979 19
    endloop
  endfacet
  facet normal -0.9894999 -0.1445337 0
    outer loop
      vertex -890.2891 111.979 13
      vertex -889.7109 108.021 13
      vertex -889.7109 108.021 19
    endloop
  endfacet
  facet normal -0.9894999 -0.1445337 0
    outer loop
      vertex -890.2891 111.979 13
      vertex -889.7109 108.021 19
      vertex -890.2891 111.979 19
    endloop
  endfacet
  facet normal 0 0 -1
    outer loop
      vertex -890.2891 368.021 15
      vertex -889.7109 371.979 15
      vertex 890.2891 111.979 15
    endloop
  endfacet
  facet normal 0 0 -1
    outer loop
      vertex -890.2891 368.021 15
      vertex 890.2891 111.979 15
      vertex 889.7109 108.021 15
    endloop
  endfacet
  facet normal 0 0 1
    outer loop
      vertex -890.2891 368.021 21
      vertex 889.7109 108.021 21
      vertex 890.2891 111.979 21
    endloop
  endfacet
  facet normal -0 0 1
    outer loop
      vertex -890.2891 368.021 21
      vertex 890.2891 111.979 21
      vertex -889.7109 371.979 21
    endloop
  endfacet
  facet normal -0.1445337 -0.9894999 0
    outer loop
      vertex -890.2891 368.021 15
      vertex 889.7109 108.021 15
      vertex 889.7109 108.021 21
    endloop
  endfacet
  facet normal -0.1445337 -0.9894999 0
    outer loop
      vertex -890.2891 368.021 15
      vertex 889.7109 108.021 21
      vertex -890.2891 368.021 21
    endloop
  endfacet
  facet normal 0.9894999 -0.1445337 0
    outer loop
      vertex 889.7109 108.021 15
      vertex 890.2891 111.979 15
      vertex 890.2891 111.979 21
    endloop
  endfacet
  facet normal 0.9894999 -0.1445337 0
    outer loop
      vertex 889.7109 108.021 15
      vertex 890.2891 111.979 21
      vertex 889.7109 108.021 21
    endloop
  endfacet
  facet normal 0.1445337 0.9894999 0
    outer loop
      vertex 890.2891 111.979 15
      vertex -889.7109 371.979 15
      vertex -889.7109 371.979 21
    endloop
  endfacet
  facet normal 0.1445337 0.9894999 -0
    outer loop
      vertex 890.2891 111.979 15
      vertex -889.7109 371.979 21
      vertex 890.2891 111.979 21
    endloop
  endfacet
  facet normal -0.9894999 0.1445337 0
    outer loop
      vertex -889.7109 371.979 15
      vertex -890.2891 368.021 15
      vertex -890.2891 368.021 21
    endloop
  endfacet
  facet normal -0.9894999 0.1445337 0
    outer loop
      vertex -889.7109 371.979 15
      vertex -890.2891 368.021 21
      vertex -889.7109 371.979 21
    endloop
  endfacet
  facet normal 0 0 -1
    outer loop
      vertex -889.7109 253.021 13
      vertex -890.2891 256.979 13
      vertex 889.7109 516.979 13
    endloop
  endfacet
  facet normal 0 0 -1
    outer loop
      vertex -889.7109 253.021 13
      vertex 889.7109 516.979 13
      vertex 890.2891 513.021 13
    endloop
  endfacet
  facet normal 0 0 1
    outer loop
      vertex -889.7109 253.021 19
      vertex 890.2891 513.021 19
      vertex 889.7109 516.979 19
    endloop
  endfacet
  facet normal 0 -0 1
    outer loop
      vertex -889.7109 253.021 19
      vertex 889.7109 516.979 19
      vertex -890.2891 256.979 19
    endloop
  endfacet
  facet normal 0.1445337 -0.9894999 0
    outer loop
      vertex -889.7109 253.021 13
      vertex 890.2891 513.021 13
      vertex 890.2891 513.021 19
    endloop
  endfacet
  facet normal 0.1445337 -0.9894999 0
    outer loop
      vertex -889.7109 253.021 13
      vertex 890.2891 513.021 19
      vertex -889.7109 253.021 19
    endloop
  endfacet
  facet normal 0.9894999 0.1445337 0
    outer loop
      vertex 890.2891 513.021 13
      vertex 889.7109 516.979 13
      vertex 889.7109 516.979 19
    endloop
  endfacet
  facet normal 0.9894999 0.1445337 -0
    outer loop
      vertex 890.2891 513.021 13
      vertex 889.7109 516.979 19
      vertex 890.2891 513.021 19
    endloop
  endfacet
  facet normal -0.1445337 0.9894999 0
    outer loop
      vertex 889.7109 516.979 13
      vertex -890.2891 256.979 13
      vertex -890.2891 256.979 19
    endloop
  endfacet
  facet normal -0.1445337 0.9894999 0
    outer loop
      vertex 889.7109 516.979 13
      vertex -890.2891 256.979 19
      vertex 889.7109 516.979 19
    endloop
  endfacet
  facet normal -0.9894999 -0.1445337 0
    outer loop
      vertex -890.2891 256.979 13
      vertex -889.7109 253.021 13
      vertex -889.7109 253.021 19
    endloop
  endfacet
  facet normal -0.9894999 -0.1445337 0
    outer loop
      vertex -890.2891 256.979 13
      vertex -889.7109 253.021 19
      vertex -890.2891 256.979 19
    endloop
  endfacet
  facet normal 0 0 -1
    outer loop
      vertex -890.2891 513.021 15
      vertex -889.7109 516.979 15
      vertex 890.2891 256.979 15
    endloop
  endfacet
  facet normal 0 0 -1
    outer loop
      vertex -890.2891 513.021 15
      vertex 890.2891 256.979 15
      vertex 889.7109 253.021 15
    endloop
  endfacet
  facet normal 0 0 1
    outer loop
      vertex -890.2891 513.021 21
      vertex 889.7109 253.021 21
      vertex 890.2891 256.979 21
    endloop
  endfacet
  facet normal -0 0 1
    outer loop
      vertex -890.2891 513.021 21
      vertex 890.2891 256.979 21
      vertex -889.7109 516.979 21
    endloop
  endfacet
  facet normal -0.1445337 -0.9894999 0
    outer loop
      vertex -890.2891 513.021 15
      vertex 889.7109 253.021 15
      vertex 889.7109 253.021 21
    endloop
  endfacet
  facet normal -0.1445337 -0.9894999 0
    outer loop
      vertex -890.2891 513.021 15
      vertex 889.7109 253.021 21
      vertex -890.2891 513.021 21
    endloop
  endfacet
  facet normal 0.9894999 -0.1445337 0
    outer loop
      vertex 889.7109 253.021 15
      vertex 890.2891 256.979 15
      vertex 890.2891 256.979 21
    endloop
  endfacet
  facet normal 0.9894999 -0.1445337 0
    outer loop
      vertex 889.7109 253.021 15
      vertex 890.2891 256.979 21
      vertex 889.7109 253.021 21
    endloop
  endfacet
  facet normal 0.1445337 0.9894999 0
    outer loop
      vertex 890.2891 256.979 15
      vertex -889.7109 516.979 15
      vertex -889.7109 516.979 21
    endloop
  endfacet
  facet normal 0.1445337 0.9894999 -0
    outer loop
      vertex 890.2891 256.979 15
      vertex -889.7109 516.979 21
      vertex 890.2891 256.979 21
    endloop
  endfacet
  facet normal -0.9894999 0.1445337 0
    outer loop
      vertex -889.7109 516.979 15
      vertex -890.2891 513.021 15
      vertex -890.2891 513.021 21
    endloop
  endfacet
  facet normal -0.9894999 0.1445337 0
    outer loop
      vertex -889.7109 516.979 15
      vertex -890.2891 513.021 21
      vertex -889.7109 516.979 21
    endloop
  endfacet
  facet normal 0 0 -1
    outer loop
      vertex -889.7109 398.021 13
      vertex -890.2891 401.979 13
      vertex 889.7109 661.979 13
    endloop
  endfacet
  facet normal 0 0 -1
    outer loop
      vertex -889.7109 398.021 13
      vertex 889.7109 661.979 13
      vertex 890.2891 658.021 13
    endloop
  endfacet
  facet normal 0 0 1
    outer loop
      vertex -889.7109 398.021 19
      vertex 890.2891 658.021 19
      vertex 889.7109 661.979 19
    endloop
  endfacet
  facet normal 0 -0 1
    outer loop
      vertex -889.7109 398.021 19
      vertex 889.7109 661.979 19
      vertex -890.2891 401.979 19
    endloop
  endfacet
  facet normal 0.1445337 -0.9894999 0
    outer loop
      vertex -889.7109 398.021 13
      vertex 890.2891 658.021 13
      vertex 890.2891 658.021 19
    endloop
  endfacet
  facet normal 0.1445337 -0.9894999 0
    outer loop
      vertex -889.7109 398.021 13
      vertex 890.2891 658.021 19
      vertex -889.7109 398.021 19
    endloop
  endfacet
  facet normal 0.9894999 0.1445337 0
    outer loop
      vertex 890.2891 658.021 13
      vertex 889.7109 661.979 13
      vertex 889.7109 661.979 19
    endloop
  endfacet
  facet normal 0.9894999 0.1445337 -0
    outer loop
      vertex 890.2891 658.021 13
      vertex 889.7109 661.979 19
      vertex 890.2891 658.021 19
    endloop
  endfacet
  facet normal -0.1445337 0.9894999 0
    outer loop
      vertex 889.7109 661.979 13
      vertex -890.2891 401.979 13
      vertex -890.2891 401.979 19
    endloop
  endfacet
  facet normal -0.1445337 0.9894999 0
    outer loop
      vertex 889.7109 661.979 13
      vertex -890.2891 401.979 19
      vertex 889.7109 661.979 19
    endloop
  endfacet
  facet normal -0.9894999 -0.1445337 0
    outer loop
      vertex -890.2891 401.979 13
      vertex -889.7109 398.021 13
      vertex -889.7109 398.021 19
    endloop
  endfacet
  facet normal -0.9894999 -0.1445337 0
    outer loop
      vertex -890.2891 401.979 13
      vertex -889.7109 398.021 19
      vertex -890.2891 401.979 19
    endloop
  endfacet
  facet normal 0 0 -1
    outer loop
      vertex -890.2891 658.021 15
      vertex -889.7109 661.979 15
      vertex 890.2891 401.979 15
    endloop
  endfacet
  facet normal 0 0 -1
    outer loop
      vertex -890.2891 658.021 15
      vertex 890.2891 401.979 15
      vertex 889.7109 398.021 15
    endloop
  endfacet
  facet normal 0 0 1
    outer loop
      vertex -890.2891 658.021 21
      vertex 889.7109 398.021 21
      vertex 890.2891 401.979 21
    endloop
  endfacet
  facet normal -0 0 1
    outer loop
      vertex -890.2891 658.021 21
      vertex 890.2891 401.979 21
      vertex -889.7109 661.979 21
    endloop
  endfacet
  facet normal -0.1445337 -0.9894999 0
    outer loop
      vertex -890.2891 658.021 15
      vertex 889.7109 398.021 15
      vertex 889.7109 398.021 21
    endloop
  endfacet
  facet normal -0.1445337 -0.9894999 0
    outer loop
      vertex -890.2891 658.021 15
      vertex 889.7109 398.021 21
      vertex -890.2891 658.021 21
    endloop
  endfacet
  facet normal 0.9894999 -0.1445337 0
    outer loop
      vertex 889.7109 398.021 15
      vertex 890.2891 401.979 15
      vertex 890.2891 401.979 21
    endloop
  endfacet
  facet normal 0.9894999 -0.1445337 0
    outer loop
      vertex 889.7109 398.021 15
      vertex 890.2891 401.979 21
      vertex 889.7109 398.021 21
    endloop
  endfacet
  facet normal 0.1445337 0.9894999 0
    outer loop
      vertex 890.2891 401.979 15
      vertex -889.7109 661.979 15
      vertex -889.7109 661.979 21
    endloop
  endfacet
  facet normal 0.1445337 0.9894999 -0
    outer loop
      vertex 890.2891 401.979 15
      vertex -889.7109 661.979 21
      vertex 890.2891 401.979 21
    endloop
  endfacet
  facet normal -0.9894999 0.1445337 0
    outer loop
      vertex -889.7109 661.979 15
      vertex -890.2891 658.021 15
      vertex -890.2891 658.021 21
    endloop
  endfacet
  facet normal -0.9894999 0.1445337 0
    outer loop
      vertex -889.7109 661.979 15
      vertex -890.2891 658.021 21
      vertex -889.7109 661.979 21
    endloop
  endfacet
  facet normal 0 0 -1
    outer loop
      vertex -70 -172.5 28
      vertex -70 -17.5 28
      vertex 230 -17.5 28
    endloop
  endfacet
  facet normal 0 0 -1
    outer loop
      vertex -70 -172.5 28
      vertex 230 -17.5 28
      vertex 230 -172.5 28
    endloop
  endfacet
  facet normal 0 0 1
    outer loop
      vertex -70 -172.5 124
      vertex 230 -172.5 124
      vertex 230 -17.5 124
    endloop
  endfacet
  facet normal 0 0 1
    outer loop
      vertex -70 -172.5 124
      vertex 230 -17.5 124
      vertex -70 -17.5 124
    endloop
  endfacet
  facet normal 0 -1 0
    outer loop
      vertex -70 -172.5 28
      vertex 230 -172.5 28
      vertex 230 -172.5 124
    endloop
  endfacet
  facet normal 0 -1 0
    outer loop
      vertex -70 -172.5 28
      vertex 230 -172.5 124
      vertex -70 -172.5 124
    endloop
  endfacet
  facet normal 1 0 0
    outer loop
      vertex 230 -172.5 28
      vertex 230 -17.5 28
      vertex 230 -17.5 124
    endloop
  endfacet
  facet normal 1 0 0
    outer loop
      vertex 230 -172.5 28
      vertex 230 -17.5 124
      vertex 230 -172.5 124
    endloop
  endfacet
  facet normal 0 1 0
    outer loop
      vertex 230 -17.5 28
      vertex -70 -17.5 28
      vertex -70 -17.5 124
    endloop
  endfacet
  facet normal 0 1 -0
    outer loop
      vertex 230 -17.5 28
      vertex -70 -17.5 124
      vertex 230 -17.5 124
    endloop
  endfacet
  facet normal -1 0 0
    outer loop
      vertex -70 -17.5 28
      vertex -70 -172.5 28
      vertex -70 -172.5 124
    endloop
  endfacet
  facet normal -1 0 0
    outer loop
      vertex -70 -17.5 28
      vertex -70 -172.5 124
      vertex -70 -17.5 124
    endloop
  endfacet
  facet normal 0 0 -1
    outer loop
      vertex -66 -178 37
      vertex -66 -170 37
      vertex 226 -170 37
    endloop
  endfacet
  facet normal 0 0 -1
    outer loop
      vertex -66 -178 37
      vertex 226 -170 37
      vertex 226 -178 37
    endloop
  endfacet
  facet normal 0 0 1
    outer loop
      vertex -66 -178 119
      vertex 226 -178 119
      vertex 226 -170 119
    endloop
  endfacet
  facet normal 0 0 1
    outer loop
      vertex -66 -178 119
      vertex 226 -170 119
      vertex -66 -170 119
    endloop
  endfacet
  facet normal 0 -1 0
    outer loop
      vertex -66 -178 37
      vertex 226 -178 37
      vertex 226 -178 119
    endloop
  endfacet
  facet normal 0 -1 0
    outer loop
      vertex -66 -178 37
      vertex 226 -178 119
      vertex -66 -178 119
    endloop
  endfacet
  facet normal 1 0 0
    outer loop
      vertex 226 -178 37
      vertex 226 -170 37
      vertex 226 -170 119
    endloop
  endfacet
  facet normal 1 0 0
    outer loop
      vertex 226 -178 37
      vertex 226 -170 119
      vertex 226 -178 119
    endloop
  endfacet
  facet normal 0 1 0
    outer loop
      vertex 226 -170 37
      vertex -66 -170 37
      vertex -66 -170 119
    endloop
  endfacet
  facet normal 0 1 -0
    outer loop
      vertex 226 -170 37
      vertex -66 -170 119
      vertex 226 -170 119
    endloop
  endfacet
  facet normal -1 0 0
    outer loop
      vertex -66 -170 37
      vertex -66 -178 37
      vertex -66 -178 119
    endloop
  endfacet
  facet normal -1 0 0
    outer loop
      vertex -66 -170 37
      vertex -66 -178 119
      vertex -66 -170 119
    endloop
  endfacet
  facet normal 0 0 -1
    outer loop
      vertex -78 -167.5 36
      vertex -78 -22.5 36
      vertex -70 -22.5 36
    endloop
  endfacet
  facet normal 0 0 -1
    outer loop
      vertex -78 -167.5 36
      vertex -70 -22.5 36
      vertex -70 -167.5 36
    endloop
  endfacet
  facet normal 0 0 1
    outer loop
      vertex -78 -167.5 120
      vertex -70 -167.5 120
      vertex -70 -22.5 120
    endloop
  endfacet
  facet normal 0 0 1
    outer loop
      vertex -78 -167.5 120
      vertex -70 -22.5 120
      vertex -78 -22.5 120
    endloop
  endfacet
  facet normal 0 -1 0
    outer loop
      vertex -78 -167.5 36
      vertex -70 -167.5 36
      vertex -70 -167.5 120
    endloop
  endfacet
  facet normal 0 -1 0
    outer loop
      vertex -78 -167.5 36
      vertex -70 -167.5 120
      vertex -78 -167.5 120
    endloop
  endfacet
  facet normal 1 0 0
    outer loop
      vertex -70 -167.5 36
      vertex -70 -22.5 36
      vertex -70 -22.5 120
    endloop
  endfacet
  facet normal 1 0 0
    outer loop
      vertex -70 -167.5 36
      vertex -70 -22.5 120
      vertex -70 -167.5 120
    endloop
  endfacet
  facet normal 0 1 0
    outer loop
      vertex -70 -22.5 36
      vertex -78 -22.5 36
      vertex -78 -22.5 120
    endloop
  endfacet
  facet normal 0 1 -0
    outer loop
      vertex -70 -22.5 36
      vertex -78 -22.5 120
      vertex -70 -22.5 120
    endloop
  endfacet
  facet normal -1 0 0
    outer loop
      vertex -78 -22.5 36
      vertex -78 -167.5 36
      vertex -78 -167.5 120
    endloop
  endfacet
  facet normal -1 0 0
    outer loop
      vertex -78 -22.5 36
      vertex -78 -167.5 120
      vertex -78 -22.5 120
    endloop
  endfacet
  facet normal 0 0 -1
    outer loop
      vertex 139 -177.5 81
      vertex 139 -172.5 81
      vertex 237 -172.5 81
    endloop
  endfacet
  facet normal 0 0 -1
    outer loop
      vertex 139 -177.5 81
      vertex 237 -172.5 81
      vertex 237 -177.5 81
    endloop
  endfacet
  facet normal 0 0 1
    outer loop
      vertex 139 -177.5 109
      vertex 237 -177.5 109
      vertex 237 -172.5 109
    endloop
  endfacet
  facet normal 0 0 1
    outer loop
      vertex 139 -177.5 109
      vertex 237 -172.5 109
      vertex 139 -172.5 109
    endloop
  endfacet
  facet normal 0 -1 0
    outer loop
      vertex 139 -177.5 81
      vertex 237 -177.5 81
      vertex 237 -177.5 109
    endloop
  endfacet
  facet normal 0 -1 0
    outer loop
      vertex 139 -177.5 81
      vertex 237 -177.5 109
      vertex 139 -177.5 109
    endloop
  endfacet
  facet normal 1 0 0
    outer loop
      vertex 237 -177.5 81
      vertex 237 -172.5 81
      vertex 237 -172.5 109
    endloop
  endfacet
  facet normal 1 0 0
    outer loop
      vertex 237 -177.5 81
      vertex 237 -172.5 109
      vertex 237 -177.5 109
    endloop
  endfacet
  facet normal 0 1 0
    outer loop
      vertex 237 -172.5 81
      vertex 139 -172.5 81
      vertex 139 -172.5 109
    endloop
  endfacet
  facet normal 0 1 -0
    outer loop
      vertex 237 -172.5 81
      vertex 139 -172.5 109
      vertex 237 -172.5 109
    endloop
  endfacet
  facet normal -1 0 0
    outer loop
      vertex 139 -172.5 81
      vertex 139 -177.5 81
      vertex 139 -177.5 109
    endloop
  endfacet
  facet normal -1 0 0
    outer loop
      vertex 139 -172.5 81
      vertex 139 -177.5 109
      vertex 139 -172.5 109
    endloop
  endfacet
  facet normal 0 0 -1
    outer loop
      vertex 102 -179 81
      vertex 102 -173 81
      vertex 130 -173 81
    endloop
  endfacet
  facet normal 0 0 -1
    outer loop
      vertex 102 -179 81
      vertex 130 -173 81
      vertex 130 -179 81
    endloop
  endfacet
  facet normal 0 0 1
    outer loop
      vertex 102 -179 109
      vertex 130 -179 109
      vertex 130 -173 109
    endloop
  endfacet
  facet normal 0 0 1
    outer loop
      vertex 102 -179 109
      vertex 130 -173 109
      vertex 102 -173 109
    endloop
  endfacet
  facet normal 0 -1 0
    outer loop
      vertex 102 -179 81
      vertex 130 -179 81
      vertex 130 -179 109
    endloop
  endfacet
  facet normal 0 -1 0
    outer loop
      vertex 102 -179 81
      vertex 130 -179 109
      vertex 102 -179 109
    endloop
  endfacet
  facet normal 1 0 0
    outer loop
      vertex 130 -179 81
      vertex 130 -173 81
      vertex 130 -173 109
    endloop
  endfacet
  facet normal 1 0 0
    outer loop
      vertex 130 -179 81
      vertex 130 -173 109
      vertex 130 -179 109
    endloop
  endfacet
  facet normal 0 1 0
    outer loop
      vertex 130 -173 81
      vertex 102 -173 81
      vertex 102 -173 109
    endloop
  endfacet
  facet normal 0 1 -0
    outer loop
      vertex 130 -173 81
      vertex 102 -173 109
      vertex 130 -173 109
    endloop
  endfacet
  facet normal -1 0 0
    outer loop
      vertex 102 -173 81
      vertex 102 -179 81
      vertex 102 -179 109
    endloop
  endfacet
  facet normal -1 0 0
    outer loop
      vertex 102 -173 81
      vertex 102 -179 109
      vertex 102 -173 109
    endloop
  endfacet
  facet normal 0 0 -1
    outer loop
      vertex 105 -182.5 99.5
      vertex 105 -177.5 99.5
      vertex 127 -177.5 99.5
    endloop
  endfacet
  facet normal 0 0 -1
    outer loop
      vertex 105 -182.5 99.5
      vertex 127 -177.5 99.5
      vertex 127 -182.5 99.5
    endloop
  endfacet
  facet normal 0 0 1
    outer loop
      vertex 105 -182.5 104.5
      vertex 127 -182.5 104.5
      vertex 127 -177.5 104.5
    endloop
  endfacet
  facet normal 0 0 1
    outer loop
      vertex 105 -182.5 104.5
      vertex 127 -177.5 104.5
      vertex 105 -177.5 104.5
    endloop
  endfacet
  facet normal 0 -1 0
    outer loop
      vertex 105 -182.5 99.5
      vertex 127 -182.5 99.5
      vertex 127 -182.5 104.5
    endloop
  endfacet
  facet normal 0 -1 0
    outer loop
      vertex 105 -182.5 99.5
      vertex 127 -182.5 104.5
      vertex 105 -182.5 104.5
    endloop
  endfacet
  facet normal 1 0 0
    outer loop
      vertex 127 -182.5 99.5
      vertex 127 -177.5 99.5
      vertex 127 -177.5 104.5
    endloop
  endfacet
  facet normal 1 0 0
    outer loop
      vertex 127 -182.5 99.5
      vertex 127 -177.5 104.5
      vertex 127 -182.5 104.5
    endloop
  endfacet
  facet normal 0 1 0
    outer loop
      vertex 127 -177.5 99.5
      vertex 105 -177.5 99.5
      vertex 105 -177.5 104.5
    endloop
  endfacet
  facet normal 0 1 -0
    outer loop
      vertex 127 -177.5 99.5
      vertex 105 -177.5 104.5
      vertex 127 -177.5 104.5
    endloop
  endfacet
  facet normal -1 0 0
    outer loop
      vertex 105 -177.5 99.5
      vertex 105 -182.5 99.5
      vertex 105 -182.5 104.5
    endloop
  endfacet
  facet normal -1 0 0
    outer loop
      vertex 105 -177.5 99.5
      vertex 105 -182.5 104.5
      vertex 105 -177.5 104.5
    endloop
  endfacet
  facet normal 0 1 0
    outer loop
      vertex 229.6955 -181 41.46927
      vertex 228.8284 -181 40.17157
      vertex 227.5307 -181 39.30448
    endloop
  endfacet
  facet normal 0 1 0
    outer loop
      vertex 229.6955 -181 41.46927
      vertex 227.5307 -181 39.30448
      vertex 226 -181 39
    endloop
  endfacet
  facet normal 0 1 0
    outer loop
      vertex 229.6955 -181 41.46927
      vertex 226 -181 39
      vertex 224.4693 -181 39.30448
    endloop
  endfacet
  facet normal 0 1 0
    outer loop
      vertex 229.6955 -181 41.46927
      vertex 224.4693 -181 39.30448
      vertex 223.1716 -181 40.17157
    endloop
  endfacet
  facet normal 0 1 0
    outer loop
      vertex 229.6955 -181 41.46927
      vertex 223.1716 -181 40.17157
      vertex 222.3045 -181 41.46927
    endloop
  endfacet
  facet normal 0 1 0
    outer loop
      vertex 229.6955 -181 41.46927
      vertex 222.3045 -181 41.46927
      vertex 222 -181 43
    endloop
  endfacet
  facet normal 0 1 0
    outer loop
      vertex 229.6955 -181 41.46927
      vertex 222 -181 43
      vertex 222.3045 -181 44.53073
    endloop
  endfacet
  facet normal 0 1 0
    outer loop
      vertex 229.6955 -181 41.46927
      vertex 222.3045 -181 44.53073
      vertex 223.1716 -181 45.82843
    endloop
  endfacet
  facet normal 0 1 0
    outer loop
      vertex 229.6955 -181 41.46927
      vertex 223.1716 -181 45.82843
      vertex 224.4693 -181 46.69552
    endloop
  endfacet
  facet normal 0 1 0
    outer loop
      vertex 229.6955 -181 41.46927
      vertex 224.4693 -181 46.69552
      vertex 226 -181 47
    endloop
  endfacet
  facet normal 0 1 0
    outer loop
      vertex 229.6955 -181 41.46927
      vertex 226 -181 47
      vertex 227.5307 -181 46.69552
    endloop
  endfacet
  facet normal 0 1 0
    outer loop
      vertex 229.6955 -181 41.46927
      vertex 227.5307 -181 46.69552
      vertex 228.8284 -181 45.82843
    endloop
  endfacet
  facet normal 0 1 -0
    outer loop
      vertex 229.6955 -181 41.46927
      vertex 228.8284 -181 45.82843
      vertex 229.6955 -181 44.53073
    endloop
  endfacet
  facet normal 0 1 0
    outer loop
      vertex 229.6955 -181 41.46927
      vertex 229.6955 -181 44.53073
      vertex 230 -181 43
    endloop
  endfacet
  facet normal 0 -1 0
    outer loop
      vertex 230 -186 43
      vertex 229.6955 -186 44.53073
      vertex 228.8284 -186 45.82843
    endloop
  endfacet
  facet normal 0 -1 0
    outer loop
      vertex 230 -186 43
      vertex 228.8284 -186 45.82843
      vertex 227.5307 -186 46.69552
    endloop
  endfacet
  facet normal 0 -1 0
    outer loop
      vertex 230 -186 43
      vertex 227.5307 -186 46.69552
      vertex 226 -186 47
    endloop
  endfacet
  facet normal 0 -1 0
    outer loop
      vertex 230 -186 43
      vertex 226 -186 47
      vertex 224.4693 -186 46.69552
    endloop
  endfacet
  facet normal 0 -1 0
    outer loop
      vertex 230 -186 43
      vertex 224.4693 -186 46.69552
      vertex 223.1716 -186 45.82843
    endloop
  endfacet
  facet normal 0 -1 0
    outer loop
      vertex 230 -186 43
      vertex 223.1716 -186 45.82843
      vertex 222.3045 -186 44.53073
    endloop
  endfacet
  facet normal 0 -1 0
    outer loop
      vertex 230 -186 43
      vertex 222.3045 -186 44.53073
      vertex 222 -186 43
    endloop
  endfacet
  facet normal -0 -1 0
    outer loop
      vertex 230 -186 43
      vertex 222 -186 43
      vertex 222.3045 -186 41.46927
    endloop
  endfacet
  facet normal 0 -1 0
    outer loop
      vertex 230 -186 43
      vertex 222.3045 -186 41.46927
      vertex 223.1716 -186 40.17157
    endloop
  endfacet
  facet normal 0 -1 0
    outer loop
      vertex 230 -186 43
      vertex 223.1716 -186 40.17157
      vertex 224.4693 -186 39.30448
    endloop
  endfacet
  facet normal 0 -1 0
    outer loop
      vertex 230 -186 43
      vertex 224.4693 -186 39.30448
      vertex 226 -186 39
    endloop
  endfacet
  facet normal 0 -1 0
    outer loop
      vertex 230 -186 43
      vertex 226 -186 39
      vertex 227.5307 -186 39.30448
    endloop
  endfacet
  facet normal 0 -1 0
    outer loop
      vertex 230 -186 43
      vertex 227.5307 -186 39.30448
      vertex 228.8284 -186 40.17157
    endloop
  endfacet
  facet normal 0 -1 0
    outer loop
      vertex 230 -186 43
      vertex 228.8284 -186 40.17157
      vertex 229.6955 -186 41.46927
    endloop
  endfacet
  facet normal 0.9807853 0 0.1950903
    outer loop
      vertex 230 -181 43
      vertex 229.6955 -181 44.53073
      vertex 229.6955 -186 44.53073
    endloop
  endfacet
  facet normal 0.9807853 0 0.1950903
    outer loop
      vertex 230 -181 43
      vertex 229.6955 -186 44.53073
      vertex 230 -186 43
    endloop
  endfacet
  facet normal 0.8314696 0 0.5555702
    outer loop
      vertex 229.6955 -181 44.53073
      vertex 228.8284 -181 45.82843
      vertex 228.8284 -186 45.82843
    endloop
  endfacet
  facet normal 0.8314696 0 0.5555702
    outer loop
      vertex 229.6955 -181 44.53073
      vertex 228.8284 -186 45.82843
      vertex 229.6955 -186 44.53073
    endloop
  endfacet
  facet normal 0.5555702 0 0.8314696
    outer loop
      vertex 228.8284 -181 45.82843
      vertex 227.5307 -181 46.69552
      vertex 227.5307 -186 46.69552
    endloop
  endfacet
  facet normal 0.5555702 0 0.8314696
    outer loop
      vertex 228.8284 -181 45.82843
      vertex 227.5307 -186 46.69552
      vertex 228.8284 -186 45.82843
    endloop
  endfacet
  facet normal 0.1950903 0 0.9807853
    outer loop
      vertex 227.5307 -181 46.69552
      vertex 226 -181 47
      vertex 226 -186 47
    endloop
  endfacet
  facet normal 0.1950903 0 0.9807853
    outer loop
      vertex 227.5307 -181 46.69552
      vertex 226 -186 47
      vertex 227.5307 -186 46.69552
    endloop
  endfacet
  facet normal -0.1950903 0 0.9807853
    outer loop
      vertex 226 -181 47
      vertex 224.4693 -181 46.69552
      vertex 224.4693 -186 46.69552
    endloop
  endfacet
  facet normal -0.1950903 0 0.9807853
    outer loop
      vertex 226 -181 47
      vertex 224.4693 -186 46.69552
      vertex 226 -186 47
    endloop
  endfacet
  facet normal -0.5555702 0 0.8314696
    outer loop
      vertex 224.4693 -181 46.69552
      vertex 223.1716 -181 45.82843
      vertex 223.1716 -186 45.82843
    endloop
  endfacet
  facet normal -0.5555702 0 0.8314696
    outer loop
      vertex 224.4693 -181 46.69552
      vertex 223.1716 -186 45.82843
      vertex 224.4693 -186 46.69552
    endloop
  endfacet
  facet normal -0.8314696 0 0.5555702
    outer loop
      vertex 223.1716 -181 45.82843
      vertex 222.3045 -181 44.53073
      vertex 222.3045 -186 44.53073
    endloop
  endfacet
  facet normal -0.8314696 0 0.5555702
    outer loop
      vertex 223.1716 -181 45.82843
      vertex 222.3045 -186 44.53073
      vertex 223.1716 -186 45.82843
    endloop
  endfacet
  facet normal -0.9807853 0 0.1950903
    outer loop
      vertex 222.3045 -181 44.53073
      vertex 222 -181 43
      vertex 222 -186 43
    endloop
  endfacet
  facet normal -0.9807853 0 0.1950903
    outer loop
      vertex 222.3045 -181 44.53073
      vertex 222 -186 43
      vertex 222.3045 -186 44.53073
    endloop
  endfacet
  facet normal -0.9807853 0 -0.1950903
    outer loop
      vertex 222 -181 43
      vertex 222.3045 -181 41.46927
      vertex 222.3045 -186 41.46927
    endloop
  endfacet
  facet normal -0.9807853 -0 -0.1950903
    outer loop
      vertex 222 -181 43
      vertex 222.3045 -186 41.46927
      vertex 222 -186 43
    endloop
  endfacet
  facet normal -0.8314696 0 -0.5555702
    outer loop
      vertex 222.3045 -181 41.46927
      vertex 223.1716 -181 40.17157
      vertex 223.1716 -186 40.17157
    endloop
  endfacet
  facet normal -0.8314696 -0 -0.5555702
    outer loop
      vertex 222.3045 -181 41.46927
      vertex 223.1716 -186 40.17157
      vertex 222.3045 -186 41.46927
    endloop
  endfacet
  facet normal -0.5555702 0 -0.8314696
    outer loop
      vertex 223.1716 -181 40.17157
      vertex 224.4693 -181 39.30448
      vertex 224.4693 -186 39.30448
    endloop
  endfacet
  facet normal -0.5555702 -0 -0.8314696
    outer loop
      vertex 223.1716 -181 40.17157
      vertex 224.4693 -186 39.30448
      vertex 223.1716 -186 40.17157
    endloop
  endfacet
  facet normal -0.1950903 0 -0.9807853
    outer loop
      vertex 224.4693 -181 39.30448
      vertex 226 -181 39
      vertex 226 -186 39
    endloop
  endfacet
  facet normal -0.1950903 -0 -0.9807853
    outer loop
      vertex 224.4693 -181 39.30448
      vertex 226 -186 39
      vertex 224.4693 -186 39.30448
    endloop
  endfacet
  facet normal 0.1950903 0 -0.9807853
    outer loop
      vertex 226 -181 39
      vertex 227.5307 -181 39.30448
      vertex 227.5307 -186 39.30448
    endloop
  endfacet
  facet normal 0.1950903 0 -0.9807853
    outer loop
      vertex 226 -181 39
      vertex 227.5307 -186 39.30448
      vertex 226 -186 39
    endloop
  endfacet
  facet normal 0.5555702 0 -0.8314696
    outer loop
      vertex 227.5307 -181 39.30448
      vertex 228.8284 -181 40.17157
      vertex 228.8284 -186 40.17157
    endloop
  endfacet
  facet normal 0.5555702 0 -0.8314696
    outer loop
      vertex 227.5307 -181 39.30448
      vertex 228.8284 -186 40.17157
      vertex 227.5307 -186 39.30448
    endloop
  endfacet
  facet normal 0.8314696 0 -0.5555702
    outer loop
      vertex 228.8284 -181 40.17157
      vertex 229.6955 -181 41.46927
      vertex 229.6955 -186 41.46927
    endloop
  endfacet
  facet normal 0.8314696 0 -0.5555702
    outer loop
      vertex 228.8284 -181 40.17157
      vertex 229.6955 -186 41.46927
      vertex 228.8284 -186 40.17157
    endloop
  endfacet
  facet normal 0.9807853 0 -0.1950903
    outer loop
      vertex 229.6955 -181 41.46927
      vertex 230 -181 43
      vertex 230 -186 43
    endloop
  endfacet
  facet normal 0.9807853 0 -0.1950903
    outer loop
      vertex 229.6955 -181 41.46927
      vertex 230 -186 43
      vertex 229.6955 -186 41.46927
    endloop
  endfacet
  facet normal 0 1 0
    outer loop
      vertex -62.30448 -181 41.46927
      vertex -63.17157 -181 40.17157
      vertex -64.46927 -181 39.30448
    endloop
  endfacet
  facet normal 0 1 0
    outer loop
      vertex -62.30448 -181 41.46927
      vertex -64.46927 -181 39.30448
      vertex -66 -181 39
    endloop
  endfacet
  facet normal 0 1 0
    outer loop
      vertex -62.30448 -181 41.46927
      vertex -66 -181 39
      vertex -67.53073 -181 39.30448
    endloop
  endfacet
  facet normal 0 1 0
    outer loop
      vertex -62.30448 -181 41.46927
      vertex -67.53073 -181 39.30448
      vertex -68.82843 -181 40.17157
    endloop
  endfacet
  facet normal 0 1 0
    outer loop
      vertex -62.30448 -181 41.46927
      vertex -68.82843 -181 40.17157
      vertex -69.69552 -181 41.46927
    endloop
  endfacet
  facet normal 0 1 0
    outer loop
      vertex -62.30448 -181 41.46927
      vertex -69.69552 -181 41.46927
      vertex -70 -181 43
    endloop
  endfacet
  facet normal 0 1 0
    outer loop
      vertex -62.30448 -181 41.46927
      vertex -70 -181 43
      vertex -69.69552 -181 44.53073
    endloop
  endfacet
  facet normal 0 1 0
    outer loop
      vertex -62.30448 -181 41.46927
      vertex -69.69552 -181 44.53073
      vertex -68.82843 -181 45.82843
    endloop
  endfacet
  facet normal 0 1 0
    outer loop
      vertex -62.30448 -181 41.46927
      vertex -68.82843 -181 45.82843
      vertex -67.53073 -181 46.69552
    endloop
  endfacet
  facet normal 0 1 0
    outer loop
      vertex -62.30448 -181 41.46927
      vertex -67.53073 -181 46.69552
      vertex -66 -181 47
    endloop
  endfacet
  facet normal 0 1 0
    outer loop
      vertex -62.30448 -181 41.46927
      vertex -66 -181 47
      vertex -64.46927 -181 46.69552
    endloop
  endfacet
  facet normal 0 1 0
    outer loop
      vertex -62.30448 -181 41.46927
      vertex -64.46927 -181 46.69552
      vertex -63.17157 -181 45.82843
    endloop
  endfacet
  facet normal 0 1 -0
    outer loop
      vertex -62.30448 -181 41.46927
      vertex -63.17157 -181 45.82843
      vertex -62.30448 -181 44.53073
    endloop
  endfacet
  facet normal 0 1 0
    outer loop
      vertex -62.30448 -181 41.46927
      vertex -62.30448 -181 44.53073
      vertex -62 -181 43
    endloop
  endfacet
  facet normal 0 -1 0
    outer loop
      vertex -62 -186 43
      vertex -62.30448 -186 44.53073
      vertex -63.17157 -186 45.82843
    endloop
  endfacet
  facet normal 0 -1 0
    outer loop
      vertex -62 -186 43
      vertex -63.17157 -186 45.82843
      vertex -64.46927 -186 46.69552
    endloop
  endfacet
  facet normal 0 -1 0
    outer loop
      vertex -62 -186 43
      vertex -64.46927 -186 46.69552
      vertex -66 -186 47
    endloop
  endfacet
  facet normal 0 -1 0
    outer loop
      vertex -62 -186 43
      vertex -66 -186 47
      vertex -67.53073 -186 46.69552
    endloop
  endfacet
  facet normal 0 -1 0
    outer loop
      vertex -62 -186 43
      vertex -67.53073 -186 46.69552
      vertex -68.82843 -186 45.82843
    endloop
  endfacet
  facet normal 0 -1 0
    outer loop
      vertex -62 -186 43
      vertex -68.82843 -186 45.82843
      vertex -69.69552 -186 44.53073
    endloop
  endfacet
  facet normal 0 -1 0
    outer loop
      vertex -62 -186 43
      vertex -69.69552 -186 44.53073
      vertex -70 -186 43
    endloop
  endfacet
  facet normal -0 -1 0
    outer loop
      vertex -62 -186 43
      vertex -70 -186 43
      vertex -69.69552 -186 41.46927
    endloop
  endfacet
  facet normal 0 -1 0
    outer loop
      vertex -62 -186 43
      vertex -69.69552 -186 41.46927
      vertex -68.82843 -186 40.17157
    endloop
  endfacet
  facet normal 0 -1 0
    outer loop
      vertex -62 -186 43
      vertex -68.82843 -186 40.17157
      vertex -67.53073 -186 39.30448
    endloop
  endfacet
  facet normal 0 -1 0
    outer loop
      vertex -62 -186 43
      vertex -67.53073 -186 39.30448
      vertex -66 -186 39
    endloop
  endfacet
  facet normal 0 -1 0
    outer loop
      vertex -62 -186 43
      vertex -66 -186 39
      vertex -64.46927 -186 39.30448
    endloop
  endfacet
  facet normal 0 -1 0
    outer loop
      vertex -62 -186 43
      vertex -64.46927 -186 39.30448
      vertex -63.17157 -186 40.17157
    endloop
  endfacet
  facet normal 0 -1 0
    outer loop
      vertex -62 -186 43
      vertex -63.17157 -186 40.17157
      vertex -62.30448 -186 41.46927
    endloop
  endfacet
  facet normal 0.9807853 0 0.1950903
    outer loop
      vertex -62 -181 43
      vertex -62.30448 -181 44.53073
      vertex -62.30448 -186 44.53073
    endloop
  endfacet
  facet normal 0.9807853 0 0.1950903
    outer loop
      vertex -62 -181 43
      vertex -62.30448 -186 44.53073
      vertex -62 -186 43
    endloop
  endfacet
  facet normal 0.8314696 0 0.5555702
    outer loop
      vertex -62.30448 -181 44.53073
      vertex -63.17157 -181 45.82843
      vertex -63.17157 -186 45.82843
    endloop
  endfacet
  facet normal 0.8314696 0 0.5555702
    outer loop
      vertex -62.30448 -181 44.53073
      vertex -63.17157 -186 45.82843
      vertex -62.30448 -186 44.53073
    endloop
  endfacet
  facet normal 0.5555702 0 0.8314696
    outer loop
      vertex -63.17157 -181 45.82843
      vertex -64.46927 -181 46.69552
      vertex -64.46927 -186 46.69552
    endloop
  endfacet
  facet normal 0.5555702 0 0.8314696
    outer loop
      vertex -63.17157 -181 45.82843
      vertex -64.46927 -186 46.69552
      vertex -63.17157 -186 45.82843
    endloop
  endfacet
  facet normal 0.1950903 0 0.9807853
    outer loop
      vertex -64.46927 -181 46.69552
      vertex -66 -181 47
      vertex -66 -186 47
    endloop
  endfacet
  facet normal 0.1950903 0 0.9807853
    outer loop
      vertex -64.46927 -181 46.69552
      vertex -66 -186 47
      vertex -64.46927 -186 46.69552
    endloop
  endfacet
  facet normal -0.1950903 0 0.9807853
    outer loop
      vertex -66 -181 47
      vertex -67.53073 -181 46.69552
      vertex -67.53073 -186 46.69552
    endloop
  endfacet
  facet normal -0.1950903 0 0.9807853
    outer loop
      vertex -66 -181 47
      vertex -67.53073 -186 46.69552
      vertex -66 -186 47
    endloop
  endfacet
  facet normal -0.5555702 0 0.8314696
    outer loop
      vertex -67.53073 -181 46.69552
      vertex -68.82843 -181 45.82843
      vertex -68.82843 -186 45.82843
    endloop
  endfacet
  facet normal -0.5555702 0 0.8314696
    outer loop
      vertex -67.53073 -181 46.69552
      vertex -68.82843 -186 45.82843
      vertex -67.53073 -186 46.69552
    endloop
  endfacet
  facet normal -0.8314696 0 0.5555702
    outer loop
      vertex -68.82843 -181 45.82843
      vertex -69.69552 -181 44.53073
      vertex -69.69552 -186 44.53073
    endloop
  endfacet
  facet normal -0.8314696 0 0.5555702
    outer loop
      vertex -68.82843 -181 45.82843
      vertex -69.69552 -186 44.53073
      vertex -68.82843 -186 45.82843
    endloop
  endfacet
  facet normal -0.9807853 0 0.1950903
    outer loop
      vertex -69.69552 -181 44.53073
      vertex -70 -181 43
      vertex -70 -186 43
    endloop
  endfacet
  facet normal -0.9807853 0 0.1950903
    outer loop
      vertex -69.69552 -181 44.53073
      vertex -70 -186 43
      vertex -69.69552 -186 44.53073
    endloop
  endfacet
  facet normal -0.9807853 0 -0.1950903
    outer loop
      vertex -70 -181 43
      vertex -69.69552 -181 41.46927
      vertex -69.69552 -186 41.46927
    endloop
  endfacet
  facet normal -0.9807853 -0 -0.1950903
    outer loop
      vertex -70 -181 43
      vertex -69.69552 -186 41.46927
      vertex -70 -186 43
    endloop
  endfacet
  facet normal -0.8314696 0 -0.5555702
    outer loop
      vertex -69.69552 -181 41.46927
      vertex -68.82843 -181 40.17157
      vertex -68.82843 -186 40.17157
    endloop
  endfacet
  facet normal -0.8314696 -0 -0.5555702
    outer loop
      vertex -69.69552 -181 41.46927
      vertex -68.82843 -186 40.17157
      vertex -69.69552 -186 41.46927
    endloop
  endfacet
  facet normal -0.5555702 0 -0.8314696
    outer loop
      vertex -68.82843 -181 40.17157
      vertex -67.53073 -181 39.30448
      vertex -67.53073 -186 39.30448
    endloop
  endfacet
  facet normal -0.5555702 -0 -0.8314696
    outer loop
      vertex -68.82843 -181 40.17157
      vertex -67.53073 -186 39.30448
      vertex -68.82843 -186 40.17157
    endloop
  endfacet
  facet normal -0.1950903 0 -0.9807853
    outer loop
      vertex -67.53073 -181 39.30448
      vertex -66 -181 39
      vertex -66 -186 39
    endloop
  endfacet
  facet normal -0.1950903 -0 -0.9807853
    outer loop
      vertex -67.53073 -181 39.30448
      vertex -66 -186 39
      vertex -67.53073 -186 39.30448
    endloop
  endfacet
  facet normal 0.1950903 0 -0.9807853
    outer loop
      vertex -66 -181 39
      vertex -64.46927 -181 39.30448
      vertex -64.46927 -186 39.30448
    endloop
  endfacet
  facet normal 0.1950903 0 -0.9807853
    outer loop
      vertex -66 -181 39
      vertex -64.46927 -186 39.30448
      vertex -66 -186 39
    endloop
  endfacet
  facet normal 0.5555702 0 -0.8314696
    outer loop
      vertex -64.46927 -181 39.30448
      vertex -63.17157 -181 40.17157
      vertex -63.17157 -186 40.17157
    endloop
  endfacet
  facet normal 0.5555702 0 -0.8314696
    outer loop
      vertex -64.46927 -181 39.30448
      vertex -63.17157 -186 40.17157
      vertex -64.46927 -186 39.30448
    endloop
  endfacet
  facet normal 0.8314696 0 -0.5555702
    outer loop
      vertex -63.17157 -181 40.17157
      vertex -62.30448 -181 41.46927
      vertex -62.30448 -186 41.46927
    endloop
  endfacet
  facet normal 0.8314696 0 -0.5555702
    outer loop
      vertex -63.17157 -181 40.17157
      vertex -62.30448 -186 41.46927
      vertex -63.17157 -186 40.17157
    endloop
  endfacet
  facet normal 0.9807853 0 -0.1950903
    outer loop
      vertex -62.30448 -181 41.46927
      vertex -62 -181 43
      vertex -62 -186 43
    endloop
  endfacet
  facet normal 0.9807853 0 -0.1950903
    outer loop
      vertex -62.30448 -181 41.46927
      vertex -62 -186 43
      vertex -62.30448 -186 41.46927
    endloop
  endfacet
  facet normal 0 1 0
    outer loop
      vertex 229.6955 -181 111.4693
      vertex 228.8284 -181 110.1716
      vertex 227.5307 -181 109.3045
    endloop
  endfacet
  facet normal 0 1 0
    outer loop
      vertex 229.6955 -181 111.4693
      vertex 227.5307 -181 109.3045
      vertex 226 -181 109
    endloop
  endfacet
  facet normal 0 1 0
    outer loop
      vertex 229.6955 -181 111.4693
      vertex 226 -181 109
      vertex 224.4693 -181 109.3045
    endloop
  endfacet
  facet normal 0 1 0
    outer loop
      vertex 229.6955 -181 111.4693
      vertex 224.4693 -181 109.3045
      vertex 223.1716 -181 110.1716
    endloop
  endfacet
  facet normal 0 1 0
    outer loop
      vertex 229.6955 -181 111.4693
      vertex 223.1716 -181 110.1716
      vertex 222.3045 -181 111.4693
    endloop
  endfacet
  facet normal 0 1 0
    outer loop
      vertex 229.6955 -181 111.4693
      vertex 222.3045 -181 111.4693
      vertex 222 -181 113
    endloop
  endfacet
  facet normal 0 1 0
    outer loop
      vertex 229.6955 -181 111.4693
      vertex 222 -181 113
      vertex 222.3045 -181 114.5307
    endloop
  endfacet
  facet normal 0 1 0
    outer loop
      vertex 229.6955 -181 111.4693
      vertex 222.3045 -181 114.5307
      vertex 223.1716 -181 115.8284
    endloop
  endfacet
  facet normal 0 1 0
    outer loop
      vertex 229.6955 -181 111.4693
      vertex 223.1716 -181 115.8284
      vertex 224.4693 -181 116.6955
    endloop
  endfacet
  facet normal 0 1 0
    outer loop
      vertex 229.6955 -181 111.4693
      vertex 224.4693 -181 116.6955
      vertex 226 -181 117
    endloop
  endfacet
  facet normal 0 1 0
    outer loop
      vertex 229.6955 -181 111.4693
      vertex 226 -181 117
      vertex 227.5307 -181 116.6955
    endloop
  endfacet
  facet normal 0 1 0
    outer loop
      vertex 229.6955 -181 111.4693
      vertex 227.5307 -181 116.6955
      vertex 228.8284 -181 115.8284
    endloop
  endfacet
  facet normal 0 1 -0
    outer loop
      vertex 229.6955 -181 111.4693
      vertex 228.8284 -181 115.8284
      vertex 229.6955 -181 114.5307
    endloop
  endfacet
  facet normal 0 1 0
    outer loop
      vertex 229.6955 -181 111.4693
      vertex 229.6955 -181 114.5307
      vertex 230 -181 113
    endloop
  endfacet
  facet normal 0 -1 0
    outer loop
      vertex 230 -186 113
      vertex 229.6955 -186 114.5307
      vertex 228.8284 -186 115.8284
    endloop
  endfacet
  facet normal 0 -1 0
    outer loop
      vertex 230 -186 113
      vertex 228.8284 -186 115.8284
      vertex 227.5307 -186 116.6955
    endloop
  endfacet
  facet normal 0 -1 0
    outer loop
      vertex 230 -186 113
      vertex 227.5307 -186 116.6955
      vertex 226 -186 117
    endloop
  endfacet
  facet normal 0 -1 0
    outer loop
      vertex 230 -186 113
      vertex 226 -186 117
      vertex 224.4693 -186 116.6955
    endloop
  endfacet
  facet normal 0 -1 0
    outer loop
      vertex 230 -186 113
      vertex 224.4693 -186 116.6955
      vertex 223.1716 -186 115.8284
    endloop
  endfacet
  facet normal 0 -1 0
    outer loop
      vertex 230 -186 113
      vertex 223.1716 -186 115.8284
      vertex 222.3045 -186 114.5307
    endloop
  endfacet
  facet normal 0 -1 0
    outer loop
      vertex 230 -186 113
      vertex 222.3045 -186 114.5307
      vertex 222 -186 113
    endloop
  endfacet
  facet normal -0 -1 0
    outer loop
      vertex 230 -186 113
      vertex 222 -186 113
      vertex 222.3045 -186 111.4693
    endloop
  endfacet
  facet normal 0 -1 0
    outer loop
      vertex 230 -186 113
      vertex 222.3045 -186 111.4693
      vertex 223.1716 -186 110.1716
    endloop
  endfacet
  facet normal 0 -1 0
    outer loop
      vertex 230 -186 113
      vertex 223.1716 -186 110.1716
      vertex 224.4693 -186 109.3045
    endloop
  endfacet
  facet normal 0 -1 0
    outer loop
      vertex 230 -186 113
      vertex 224.4693 -186 109.3045
      vertex 226 -186 109
    endloop
  endfacet
  facet normal 0 -1 0
    outer loop
      vertex 230 -186 113
      vertex 226 -186 109
      vertex 227.5307 -186 109.3045
    endloop
  endfacet
  facet normal 0 -1 0
    outer loop
      vertex 230 -186 113
      vertex 227.5307 -186 109.3045
      vertex 228.8284 -186 110.1716
    endloop
  endfacet
  facet normal 0 -1 0
    outer loop
      vertex 230 -186 113
      vertex 228.8284 -186 110.1716
      vertex 229.6955 -186 111.4693
    endloop
  endfacet
  facet normal 0.9807853 0 0.1950903
    outer loop
      vertex 230 -181 113
      vertex 229.6955 -181 114.5307
      vertex 229.6955 -186 114.5307
    endloop
  endfacet
  facet normal 0.9807853 0 0.1950903
    outer loop
      vertex 230 -181 113
      vertex 229.6955 -186 114.5307
      vertex 230 -186 113
    endloop
  endfacet
  facet normal 0.8314696 0 0.5555702
    outer loop
      vertex 229.6955 -181 114.5307
      vertex 228.8284 -181 115.8284
      vertex 228.8284 -186 115.8284
    endloop
  endfacet
  facet normal 0.8314696 0 0.5555702
    outer loop
      vertex 229.6955 -181 114.5307
      vertex 228.8284 -186 115.8284
      vertex 229.6955 -186 114.5307
    endloop
  endfacet
  facet normal 0.5555702 0 0.8314696
    outer loop
      vertex 228.8284 -181 115.8284
      vertex 227.5307 -181 116.6955
      vertex 227.5307 -186 116.6955
    endloop
  endfacet
  facet normal 0.5555702 0 0.8314696
    outer loop
      vertex 228.8284 -181 115.8284
      vertex 227.5307 -186 116.6955
      vertex 228.8284 -186 115.8284
    endloop
  endfacet
  facet normal 0.1950903 0 0.9807853
    outer loop
      vertex 227.5307 -181 116.6955
      vertex 226 -181 117
      vertex 226 -186 117
    endloop
  endfacet
  facet normal 0.1950903 0 0.9807853
    outer loop
      vertex 227.5307 -181 116.6955
      vertex 226 -186 117
      vertex 227.5307 -186 116.6955
    endloop
  endfacet
  facet normal -0.1950903 0 0.9807853
    outer loop
      vertex 226 -181 117
      vertex 224.4693 -181 116.6955
      vertex 224.4693 -186 116.6955
    endloop
  endfacet
  facet normal -0.1950903 0 0.9807853
    outer loop
      vertex 226 -181 117
      vertex 224.4693 -186 116.6955
      vertex 226 -186 117
    endloop
  endfacet
  facet normal -0.5555702 0 0.8314696
    outer loop
      vertex 224.4693 -181 116.6955
      vertex 223.1716 -181 115.8284
      vertex 223.1716 -186 115.8284
    endloop
  endfacet
  facet normal -0.5555702 0 0.8314696
    outer loop
      vertex 224.4693 -181 116.6955
      vertex 223.1716 -186 115.8284
      vertex 224.4693 -186 116.6955
    endloop
  endfacet
  facet normal -0.8314696 0 0.5555702
    outer loop
      vertex 223.1716 -181 115.8284
      vertex 222.3045 -181 114.5307
      vertex 222.3045 -186 114.5307
    endloop
  endfacet
  facet normal -0.8314696 0 0.5555702
    outer loop
      vertex 223.1716 -181 115.8284
      vertex 222.3045 -186 114.5307
      vertex 223.1716 -186 115.8284
    endloop
  endfacet
  facet normal -0.9807853 0 0.1950903
    outer loop
      vertex 222.3045 -181 114.5307
      vertex 222 -181 113
      vertex 222 -186 113
    endloop
  endfacet
  facet normal -0.9807853 0 0.1950903
    outer loop
      vertex 222.3045 -181 114.5307
      vertex 222 -186 113
      vertex 222.3045 -186 114.5307
    endloop
  endfacet
  facet normal -0.9807853 0 -0.1950903
    outer loop
      vertex 222 -181 113
      vertex 222.3045 -181 111.4693
      vertex 222.3045 -186 111.4693
    endloop
  endfacet
  facet normal -0.9807853 -0 -0.1950903
    outer loop
      vertex 222 -181 113
      vertex 222.3045 -186 111.4693
      vertex 222 -186 113
    endloop
  endfacet
  facet normal -0.8314696 0 -0.5555702
    outer loop
      vertex 222.3045 -181 111.4693
      vertex 223.1716 -181 110.1716
      vertex 223.1716 -186 110.1716
    endloop
  endfacet
  facet normal -0.8314696 -0 -0.5555702
    outer loop
      vertex 222.3045 -181 111.4693
      vertex 223.1716 -186 110.1716
      vertex 222.3045 -186 111.4693
    endloop
  endfacet
  facet normal -0.5555702 0 -0.8314696
    outer loop
      vertex 223.1716 -181 110.1716
      vertex 224.4693 -181 109.3045
      vertex 224.4693 -186 109.3045
    endloop
  endfacet
  facet normal -0.5555702 -0 -0.8314696
    outer loop
      vertex 223.1716 -181 110.1716
      vertex 224.4693 -186 109.3045
      vertex 223.1716 -186 110.1716
    endloop
  endfacet
  facet normal -0.1950903 0 -0.9807853
    outer loop
      vertex 224.4693 -181 109.3045
      vertex 226 -181 109
      vertex 226 -186 109
    endloop
  endfacet
  facet normal -0.1950903 -0 -0.9807853
    outer loop
      vertex 224.4693 -181 109.3045
      vertex 226 -186 109
      vertex 224.4693 -186 109.3045
    endloop
  endfacet
  facet normal 0.1950903 0 -0.9807853
    outer loop
      vertex 226 -181 109
      vertex 227.5307 -181 109.3045
      vertex 227.5307 -186 109.3045
    endloop
  endfacet
  facet normal 0.1950903 0 -0.9807853
    outer loop
      vertex 226 -181 109
      vertex 227.5307 -186 109.3045
      vertex 226 -186 109
    endloop
  endfacet
  facet normal 0.5555702 0 -0.8314696
    outer loop
      vertex 227.5307 -181 109.3045
      vertex 228.8284 -181 110.1716
      vertex 228.8284 -186 110.1716
    endloop
  endfacet
  facet normal 0.5555702 0 -0.8314696
    outer loop
      vertex 227.5307 -181 109.3045
      vertex 228.8284 -186 110.1716
      vertex 227.5307 -186 109.3045
    endloop
  endfacet
  facet normal 0.8314696 0 -0.5555702
    outer loop
      vertex 228.8284 -181 110.1716
      vertex 229.6955 -181 111.4693
      vertex 229.6955 -186 111.4693
    endloop
  endfacet
  facet normal 0.8314696 0 -0.5555702
    outer loop
      vertex 228.8284 -181 110.1716
      vertex 229.6955 -186 111.4693
      vertex 228.8284 -186 110.1716
    endloop
  endfacet
  facet normal 0.9807853 0 -0.1950903
    outer loop
      vertex 229.6955 -181 111.4693
      vertex 230 -181 113
      vertex 230 -186 113
    endloop
  endfacet
  facet normal 0.9807853 0 -0.1950903
    outer loop
      vertex 229.6955 -181 111.4693
      vertex 230 -186 113
      vertex 229.6955 -186 111.4693
    endloop
  endfacet
  facet normal 0 1 0
    outer loop
      vertex -62.30448 -181 111.4693
      vertex -63.17157 -181 110.1716
      vertex -64.46927 -181 109.3045
    endloop
  endfacet
  facet normal 0 1 0
    outer loop
      vertex -62.30448 -181 111.4693
      vertex -64.46927 -181 109.3045
      vertex -66 -181 109
    endloop
  endfacet
  facet normal 0 1 0
    outer loop
      vertex -62.30448 -181 111.4693
      vertex -66 -181 109
      vertex -67.53073 -181 109.3045
    endloop
  endfacet
  facet normal 0 1 0
    outer loop
      vertex -62.30448 -181 111.4693
      vertex -67.53073 -181 109.3045
      vertex -68.82843 -181 110.1716
    endloop
  endfacet
  facet normal 0 1 0
    outer loop
      vertex -62.30448 -181 111.4693
      vertex -68.82843 -181 110.1716
      vertex -69.69552 -181 111.4693
    endloop
  endfacet
  facet normal 0 1 0
    outer loop
      vertex -62.30448 -181 111.4693
      vertex -69.69552 -181 111.4693
      vertex -70 -181 113
    endloop
  endfacet
  facet normal 0 1 0
    outer loop
      vertex -62.30448 -181 111.4693
      vertex -70 -181 113
      vertex -69.69552 -181 114.5307
    endloop
  endfacet
  facet normal 0 1 0
    outer loop
      vertex -62.30448 -181 111.4693
      vertex -69.69552 -181 114.5307
      vertex -68.82843 -181 115.8284
    endloop
  endfacet
  facet normal 0 1 0
    outer loop
      vertex -62.30448 -181 111.4693
      vertex -68.82843 -181 115.8284
      vertex -67.53073 -181 116.6955
    endloop
  endfacet
  facet normal 0 1 0
    outer loop
      vertex -62.30448 -181 111.4693
      vertex -67.53073 -181 116.6955
      vertex -66 -181 117
    endloop
  endfacet
  facet normal 0 1 0
    outer loop
      vertex -62.30448 -181 111.4693
      vertex -66 -181 117
      vertex -64.46927 -181 116.6955
    endloop
  endfacet
  facet normal 0 1 0
    outer loop
      vertex -62.30448 -181 111.4693
      vertex -64.46927 -181 116.6955
      vertex -63.17157 -181 115.8284
    endloop
  endfacet
  facet normal 0 1 -0
    outer loop
      vertex -62.30448 -181 111.4693
      vertex -63.17157 -181 115.8284
      vertex -62.30448 -181 114.5307
    endloop
  endfacet
  facet normal 0 1 0
    outer loop
      vertex -62.30448 -181 111.4693
      vertex -62.30448 -181 114.5307
      vertex -62 -181 113
    endloop
  endfacet
  facet normal 0 -1 0
    outer loop
      vertex -62 -186 113
      vertex -62.30448 -186 114.5307
      vertex -63.17157 -186 115.8284
    endloop
  endfacet
  facet normal 0 -1 0
    outer loop
      vertex -62 -186 113
      vertex -63.17157 -186 115.8284
      vertex -64.46927 -186 116.6955
    endloop
  endfacet
  facet normal 0 -1 0
    outer loop
      vertex -62 -186 113
      vertex -64.46927 -186 116.6955
      vertex -66 -186 117
    endloop
  endfacet
  facet normal 0 -1 0
    outer loop
      vertex -62 -186 113
      vertex -66 -186 117
      vertex -67.53073 -186 116.6955
    endloop
  endfacet
  facet normal 0 -1 0
    outer loop
      vertex -62 -186 113
      vertex -67.53073 -186 116.6955
      vertex -68.82843 -186 115.8284
    endloop
  endfacet
  facet normal 0 -1 0
    outer loop
      vertex -62 -186 113
      vertex -68.82843 -186 115.8284
      vertex -69.69552 -186 114.5307
    endloop
  endfacet
  facet normal 0 -1 0
    outer loop
      vertex -62 -186 113
      vertex -69.69552 -186 114.5307
      vertex -70 -186 113
    endloop
  endfacet
  facet normal -0 -1 0
    outer loop
      vertex -62 -186 113
      vertex -70 -186 113
      vertex -69.69552 -186 111.4693
    endloop
  endfacet
  facet normal 0 -1 0
    outer loop
      vertex -62 -186 113
      vertex -69.69552 -186 111.4693
      vertex -68.82843 -186 110.1716
    endloop
  endfacet
  facet normal 0 -1 0
    outer loop
      vertex -62 -186 113
      vertex -68.82843 -186 110.1716
      vertex -67.53073 -186 109.3045
    endloop
  endfacet
  facet normal 0 -1 0
    outer loop
      vertex -62 -186 113
      vertex -67.53073 -186 109.3045
      vertex -66 -186 109
    endloop
  endfacet
  facet normal 0 -1 0
    outer loop
      vertex -62 -186 113
      vertex -66 -186 109
      vertex -64.46927 -186 109.3045
    endloop
  endfacet
  facet normal 0 -1 0
    outer loop
      vertex -62 -186 113
      vertex -64.46927 -186 109.3045
      vertex -63.17157 -186 110.1716
    endloop
  endfacet
  facet normal 0 -1 0
    outer loop
      vertex -62 -186 113
      vertex -63.17157 -186 110.1716
      vertex -62.30448 -186 111.4693
    endloop
  endfacet
  facet normal 0.9807853 0 0.1950903
    outer loop
      vertex -62 -181 113
      vertex -62.30448 -181 114.5307
      vertex -62.30448 -186 114.5307
    endloop
  endfacet
  facet normal 0.9807853 0 0.1950903
    outer loop
      vertex -62 -181 113
      vertex -62.30448 -186 114.5307
      vertex -62 -186 113
    endloop
  endfacet
  facet normal 0.8314696 0 0.5555702
    outer loop
      vertex -62.30448 -181 114.5307
      vertex -63.17157 -181 115.8284
      vertex -63.17157 -186 115.8284
    endloop
  endfacet
  facet normal 0.8314696 0 0.5555702
    outer loop
      vertex -62.30448 -181 114.5307
      vertex -63.17157 -186 115.8284
      vertex -62.30448 -186 114.5307
    endloop
  endfacet
  facet normal 0.5555702 0 0.8314696
    outer loop
      vertex -63.17157 -181 115.8284
      vertex -64.46927 -181 116.6955
      vertex -64.46927 -186 116.6955
    endloop
  endfacet
  facet normal 0.5555702 0 0.8314696
    outer loop
      vertex -63.17157 -181 115.8284
      vertex -64.46927 -186 116.6955
      vertex -63.17157 -186 115.8284
    endloop
  endfacet
  facet normal 0.1950903 0 0.9807853
    outer loop
      vertex -64.46927 -181 116.6955
      vertex -66 -181 117
      vertex -66 -186 117
    endloop
  endfacet
  facet normal 0.1950903 0 0.9807853
    outer loop
      vertex -64.46927 -181 116.6955
      vertex -66 -186 117
      vertex -64.46927 -186 116.6955
    endloop
  endfacet
  facet normal -0.1950903 0 0.9807853
    outer loop
      vertex -66 -181 117
      vertex -67.53073 -181 116.6955
      vertex -67.53073 -186 116.6955
    endloop
  endfacet
  facet normal -0.1950903 0 0.9807853
    outer loop
      vertex -66 -181 117
      vertex -67.53073 -186 116.6955
      vertex -66 -186 117
    endloop
  endfacet
  facet normal -0.5555702 0 0.8314696
    outer loop
      vertex -67.53073 -181 116.6955
      vertex -68.82843 -181 115.8284
      vertex -68.82843 -186 115.8284
    endloop
  endfacet
  facet normal -0.5555702 0 0.8314696
    outer loop
      vertex -67.53073 -181 116.6955
      vertex -68.82843 -186 115.8284
      vertex -67.53073 -186 116.6955
    endloop
  endfacet
  facet normal -0.8314696 0 0.5555702
    outer loop
      vertex -68.82843 -181 115.8284
      vertex -69.69552 -181 114.5307
      vertex -69.69552 -186 114.5307
    endloop
  endfacet
  facet normal -0.8314696 0 0.5555702
    outer loop
      vertex -68.82843 -181 115.8284
      vertex -69.69552 -186 114.5307
      vertex -68.82843 -186 115.8284
    endloop
  endfacet
  facet normal -0.9807853 0 0.1950903
    outer loop
      vertex -69.69552 -181 114.5307
      vertex -70 -181 113
      vertex -70 -186 113
    endloop
  endfacet
  facet normal -0.9807853 0 0.1950903
    outer loop
      vertex -69.69552 -181 114.5307
      vertex -70 -186 113
      vertex -69.69552 -186 114.5307
    endloop
  endfacet
  facet normal -0.9807853 0 -0.1950903
    outer loop
      vertex -70 -181 113
      vertex -69.69552 -181 111.4693
      vertex -69.69552 -186 111.4693
    endloop
  endfacet
  facet normal -0.9807853 -0 -0.1950903
    outer loop
      vertex -70 -181 113
      vertex -69.69552 -186 111.4693
      vertex -70 -186 113
    endloop
  endfacet
  facet normal -0.8314696 0 -0.5555702
    outer loop
      vertex -69.69552 -181 111.4693
      vertex -68.82843 -181 110.1716
      vertex -68.82843 -186 110.1716
    endloop
  endfacet
  facet normal -0.8314696 -0 -0.5555702
    outer loop
      vertex -69.69552 -181 111.4693
      vertex -68.82843 -186 110.1716
      vertex -69.69552 -186 111.4693
    endloop
  endfacet
  facet normal -0.5555702 0 -0.8314696
    outer loop
      vertex -68.82843 -181 110.1716
      vertex -67.53073 -181 109.3045
      vertex -67.53073 -186 109.3045
    endloop
  endfacet
  facet normal -0.5555702 -0 -0.8314696
    outer loop
      vertex -68.82843 -181 110.1716
      vertex -67.53073 -186 109.3045
      vertex -68.82843 -186 110.1716
    endloop
  endfacet
  facet normal -0.1950903 0 -0.9807853
    outer loop
      vertex -67.53073 -181 109.3045
      vertex -66 -181 109
      vertex -66 -186 109
    endloop
  endfacet
  facet normal -0.1950903 -0 -0.9807853
    outer loop
      vertex -67.53073 -181 109.3045
      vertex -66 -186 109
      vertex -67.53073 -186 109.3045
    endloop
  endfacet
  facet normal 0.1950903 0 -0.9807853
    outer loop
      vertex -66 -181 109
      vertex -64.46927 -181 109.3045
      vertex -64.46927 -186 109.3045
    endloop
  endfacet
  facet normal 0.1950903 0 -0.9807853
    outer loop
      vertex -66 -181 109
      vertex -64.46927 -186 109.3045
      vertex -66 -186 109
    endloop
  endfacet
  facet normal 0.5555702 0 -0.8314696
    outer loop
      vertex -64.46927 -181 109.3045
      vertex -63.17157 -181 110.1716
      vertex -63.17157 -186 110.1716
    endloop
  endfacet
  facet normal 0.5555702 0 -0.8314696
    outer loop
      vertex -64.46927 -181 109.3045
      vertex -63.17157 -186 110.1716
      vertex -64.46927 -186 109.3045
    endloop
  endfacet
  facet normal 0.8314696 0 -0.5555702
    outer loop
      vertex -63.17157 -181 110.1716
      vertex -62.30448 -181 111.4693
      vertex -62.30448 -186 111.4693
    endloop
  endfacet
  facet normal 0.8314696 0 -0.5555702
    outer loop
      vertex -63.17157 -181 110.1716
      vertex -62.30448 -186 111.4693
      vertex -63.17157 -186 110.1716
    endloop
  endfacet
  facet normal 0.9807853 0 -0.1950903
    outer loop
      vertex -62.30448 -181 111.4693
      vertex -62 -181 113
      vertex -62 -186 113
    endloop
  endfacet
  facet normal 0.9807853 0 -0.1950903
    outer loop
      vertex -62.30448 -181 111.4693
      vertex -62 -186 113
      vertex -62.30448 -186 111.4693
    endloop
  endfacet
  facet normal 0 1 0
    outer loop
      vertex 229.6955 -181 41.46927
      vertex 228.8284 -181 40.17157
      vertex 227.5307 -181 39.30448
    endloop
  endfacet
  facet normal 0 1 0
    outer loop
      vertex 229.6955 -181 41.46927
      vertex 227.5307 -181 39.30448
      vertex 226 -181 39
    endloop
  endfacet
  facet normal 0 1 0
    outer loop
      vertex 229.6955 -181 41.46927
      vertex 226 -181 39
      vertex 224.4693 -181 39.30448
    endloop
  endfacet
  facet normal 0 1 0
    outer loop
      vertex 229.6955 -181 41.46927
      vertex 224.4693 -181 39.30448
      vertex 223.1716 -181 40.17157
    endloop
  endfacet
  facet normal 0 1 0
    outer loop
      vertex 229.6955 -181 41.46927
      vertex 223.1716 -181 40.17157
      vertex 222.3045 -181 41.46927
    endloop
  endfacet
  facet normal 0 1 0
    outer loop
      vertex 229.6955 -181 41.46927
      vertex 222.3045 -181 41.46927
      vertex 222 -181 43
    endloop
  endfacet
  facet normal 0 1 0
    outer loop
      vertex 229.6955 -181 41.46927
      vertex 222 -181 43
      vertex 222.3045 -181 44.53073
    endloop
  endfacet
  facet normal 0 1 0
    outer loop
      vertex 229.6955 -181 41.46927
      vertex 222.3045 -181 44.53073
      vertex 223.1716 -181 45.82843
    endloop
  endfacet
  facet normal 0 1 0
    outer loop
      vertex 229.6955 -181 41.46927
      vertex 223.1716 -181 45.82843
      vertex 224.4693 -181 46.69552
    endloop
  endfacet
  facet normal 0 1 0
    outer loop
      vertex 229.6955 -181 41.46927
      vertex 224.4693 -181 46.69552
      vertex 226 -181 47
    endloop
  endfacet
  facet normal 0 1 0
    outer loop
      vertex 229.6955 -181 41.46927
      vertex 226 -181 47
      vertex 227.5307 -181 46.69552
    endloop
  endfacet
  facet normal 0 1 0
    outer loop
      vertex 229.6955 -181 41.46927
      vertex 227.5307 -181 46.69552
      vertex 228.8284 -181 45.82843
    endloop
  endfacet
  facet normal 0 1 -0
    outer loop
      vertex 229.6955 -181 41.46927
      vertex 228.8284 -181 45.82843
      vertex 229.6955 -181 44.53073
    endloop
  endfacet
  facet normal 0 1 0
    outer loop
      vertex 229.6955 -181 41.46927
      vertex 229.6955 -181 44.53073
      vertex 230 -181 43
    endloop
  endfacet
  facet normal 0 -1 0
    outer loop
      vertex 230 -186 43
      vertex 229.6955 -186 44.53073
      vertex 228.8284 -186 45.82843
    endloop
  endfacet
  facet normal 0 -1 0
    outer loop
      vertex 230 -186 43
      vertex 228.8284 -186 45.82843
      vertex 227.5307 -186 46.69552
    endloop
  endfacet
  facet normal 0 -1 0
    outer loop
      vertex 230 -186 43
      vertex 227.5307 -186 46.69552
      vertex 226 -186 47
    endloop
  endfacet
  facet normal 0 -1 0
    outer loop
      vertex 230 -186 43
      vertex 226 -186 47
      vertex 224.4693 -186 46.69552
    endloop
  endfacet
  facet normal 0 -1 0
    outer loop
      vertex 230 -186 43
      vertex 224.4693 -186 46.69552
      vertex 223.1716 -186 45.82843
    endloop
  endfacet
  facet normal 0 -1 0
    outer loop
      vertex 230 -186 43
      vertex 223.1716 -186 45.82843
      vertex 222.3045 -186 44.53073
    endloop
  endfacet
  facet normal 0 -1 0
    outer loop
      vertex 230 -186 43
      vertex 222.3045 -186 44.53073
      vertex 222 -186 43
    endloop
  endfacet
  facet normal -0 -1 0
    outer loop
      vertex 230 -186 43
      vertex 222 -186 43
      vertex 222.3045 -186 41.46927
    endloop
  endfacet
  facet normal 0 -1 0
    outer loop
      vertex 230 -186 43
      vertex 222.3045 -186 41.46927
      vertex 223.1716 -186 40.17157
    endloop
  endfacet
  facet normal 0 -1 0
    outer loop
      vertex 230 -186 43
      vertex 223.1716 -186 40.17157
      vertex 224.4693 -186 39.30448
    endloop
  endfacet
  facet normal 0 -1 0
    outer loop
      vertex 230 -186 43
      vertex 224.4693 -186 39.30448
      vertex 226 -186 39
    endloop
  endfacet
  facet normal 0 -1 0
    outer loop
      vertex 230 -186 43
      vertex 226 -186 39
      vertex 227.5307 -186 39.30448
    endloop
  endfacet
  facet normal 0 -1 0
    outer loop
      vertex 230 -186 43
      vertex 227.5307 -186 39.30448
      vertex 228.8284 -186 40.17157
    endloop
  endfacet
  facet normal 0 -1 0
    outer loop
      vertex 230 -186 43
      vertex 228.8284 -186 40.17157
      vertex 229.6955 -186 41.46927
    endloop
  endfacet
  facet normal 0.9807853 0 0.1950903
    outer loop
      vertex 230 -181 43
      vertex 229.6955 -181 44.53073
      vertex 229.6955 -186 44.53073
    endloop
  endfacet
  facet normal 0.9807853 0 0.1950903
    outer loop
      vertex 230 -181 43
      vertex 229.6955 -186 44.53073
      vertex 230 -186 43
    endloop
  endfacet
  facet normal 0.8314696 0 0.5555702
    outer loop
      vertex 229.6955 -181 44.53073
      vertex 228.8284 -181 45.82843
      vertex 228.8284 -186 45.82843
    endloop
  endfacet
  facet normal 0.8314696 0 0.5555702
    outer loop
      vertex 229.6955 -181 44.53073
      vertex 228.8284 -186 45.82843
      vertex 229.6955 -186 44.53073
    endloop
  endfacet
  facet normal 0.5555702 0 0.8314696
    outer loop
      vertex 228.8284 -181 45.82843
      vertex 227.5307 -181 46.69552
      vertex 227.5307 -186 46.69552
    endloop
  endfacet
  facet normal 0.5555702 0 0.8314696
    outer loop
      vertex 228.8284 -181 45.82843
      vertex 227.5307 -186 46.69552
      vertex 228.8284 -186 45.82843
    endloop
  endfacet
  facet normal 0.1950903 0 0.9807853
    outer loop
      vertex 227.5307 -181 46.69552
      vertex 226 -181 47
      vertex 226 -186 47
    endloop
  endfacet
  facet normal 0.1950903 0 0.9807853
    outer loop
      vertex 227.5307 -181 46.69552
      vertex 226 -186 47
      vertex 227.5307 -186 46.69552
    endloop
  endfacet
  facet normal -0.1950903 0 0.9807853
    outer loop
      vertex 226 -181 47
      vertex 224.4693 -181 46.69552
      vertex 224.4693 -186 46.69552
    endloop
  endfacet
  facet normal -0.1950903 0 0.9807853
    outer loop
      vertex 226 -181 47
      vertex 224.4693 -186 46.69552
      vertex 226 -186 47
    endloop
  endfacet
  facet normal -0.5555702 0 0.8314696
    outer loop
      vertex 224.4693 -181 46.69552
      vertex 223.1716 -181 45.82843
      vertex 223.1716 -186 45.82843
    endloop
  endfacet
  facet normal -0.5555702 0 0.8314696
    outer loop
      vertex 224.4693 -181 46.69552
      vertex 223.1716 -186 45.82843
      vertex 224.4693 -186 46.69552
    endloop
  endfacet
  facet normal -0.8314696 0 0.5555702
    outer loop
      vertex 223.1716 -181 45.82843
      vertex 222.3045 -181 44.53073
      vertex 222.3045 -186 44.53073
    endloop
  endfacet
  facet normal -0.8314696 0 0.5555702
    outer loop
      vertex 223.1716 -181 45.82843
      vertex 222.3045 -186 44.53073
      vertex 223.1716 -186 45.82843
    endloop
  endfacet
  facet normal -0.9807853 0 0.1950903
    outer loop
      vertex 222.3045 -181 44.53073
      vertex 222 -181 43
      vertex 222 -186 43
    endloop
  endfacet
  facet normal -0.9807853 0 0.1950903
    outer loop
      vertex 222.3045 -181 44.53073
      vertex 222 -186 43
      vertex 222.3045 -186 44.53073
    endloop
  endfacet
  facet normal -0.9807853 0 -0.1950903
    outer loop
      vertex 222 -181 43
      vertex 222.3045 -181 41.46927
      vertex 222.3045 -186 41.46927
    endloop
  endfacet
  facet normal -0.9807853 -0 -0.1950903
    outer loop
      vertex 222 -181 43
      vertex 222.3045 -186 41.46927
      vertex 222 -186 43
    endloop
  endfacet
  facet normal -0.8314696 0 -0.5555702
    outer loop
      vertex 222.3045 -181 41.46927
      vertex 223.1716 -181 40.17157
      vertex 223.1716 -186 40.17157
    endloop
  endfacet
  facet normal -0.8314696 -0 -0.5555702
    outer loop
      vertex 222.3045 -181 41.46927
      vertex 223.1716 -186 40.17157
      vertex 222.3045 -186 41.46927
    endloop
  endfacet
  facet normal -0.5555702 0 -0.8314696
    outer loop
      vertex 223.1716 -181 40.17157
      vertex 224.4693 -181 39.30448
      vertex 224.4693 -186 39.30448
    endloop
  endfacet
  facet normal -0.5555702 -0 -0.8314696
    outer loop
      vertex 223.1716 -181 40.17157
      vertex 224.4693 -186 39.30448
      vertex 223.1716 -186 40.17157
    endloop
  endfacet
  facet normal -0.1950903 0 -0.9807853
    outer loop
      vertex 224.4693 -181 39.30448
      vertex 226 -181 39
      vertex 226 -186 39
    endloop
  endfacet
  facet normal -0.1950903 -0 -0.9807853
    outer loop
      vertex 224.4693 -181 39.30448
      vertex 226 -186 39
      vertex 224.4693 -186 39.30448
    endloop
  endfacet
  facet normal 0.1950903 0 -0.9807853
    outer loop
      vertex 226 -181 39
      vertex 227.5307 -181 39.30448
      vertex 227.5307 -186 39.30448
    endloop
  endfacet
  facet normal 0.1950903 0 -0.9807853
    outer loop
      vertex 226 -181 39
      vertex 227.5307 -186 39.30448
      vertex 226 -186 39
    endloop
  endfacet
  facet normal 0.5555702 0 -0.8314696
    outer loop
      vertex 227.5307 -181 39.30448
      vertex 228.8284 -181 40.17157
      vertex 228.8284 -186 40.17157
    endloop
  endfacet
  facet normal 0.5555702 0 -0.8314696
    outer loop
      vertex 227.5307 -181 39.30448
      vertex 228.8284 -186 40.17157
      vertex 227.5307 -186 39.30448
    endloop
  endfacet
  facet normal 0.8314696 0 -0.5555702
    outer loop
      vertex 228.8284 -181 40.17157
      vertex 229.6955 -181 41.46927
      vertex 229.6955 -186 41.46927
    endloop
  endfacet
  facet normal 0.8314696 0 -0.5555702
    outer loop
      vertex 228.8284 -181 40.17157
      vertex 229.6955 -186 41.46927
      vertex 228.8284 -186 40.17157
    endloop
  endfacet
  facet normal 0.9807853 0 -0.1950903
    outer loop
      vertex 229.6955 -181 41.46927
      vertex 230 -181 43
      vertex 230 -186 43
    endloop
  endfacet
  facet normal 0.9807853 0 -0.1950903
    outer loop
      vertex 229.6955 -181 41.46927
      vertex 230 -186 43
      vertex 229.6955 -186 41.46927
    endloop
  endfacet
  facet normal 0 1 0
    outer loop
      vertex -62.30448 -181 41.46927
      vertex -63.17157 -181 40.17157
      vertex -64.46927 -181 39.30448
    endloop
  endfacet
  facet normal 0 1 0
    outer loop
      vertex -62.30448 -181 41.46927
      vertex -64.46927 -181 39.30448
      vertex -66 -181 39
    endloop
  endfacet
  facet normal 0 1 0
    outer loop
      vertex -62.30448 -181 41.46927
      vertex -66 -181 39
      vertex -67.53073 -181 39.30448
    endloop
  endfacet
  facet normal 0 1 0
    outer loop
      vertex -62.30448 -181 41.46927
      vertex -67.53073 -181 39.30448
      vertex -68.82843 -181 40.17157
    endloop
  endfacet
  facet normal 0 1 0
    outer loop
      vertex -62.30448 -181 41.46927
      vertex -68.82843 -181 40.17157
      vertex -69.69552 -181 41.46927
    endloop
  endfacet
  facet normal 0 1 0
    outer loop
      vertex -62.30448 -181 41.46927
      vertex -69.69552 -181 41.46927
      vertex -70 -181 43
    endloop
  endfacet
  facet normal 0 1 0
    outer loop
      vertex -62.30448 -181 41.46927
      vertex -70 -181 43
      vertex -69.69552 -181 44.53073
    endloop
  endfacet
  facet normal 0 1 0
    outer loop
      vertex -62.30448 -181 41.46927
      vertex -69.69552 -181 44.53073
      vertex -68.82843 -181 45.82843
    endloop
  endfacet
  facet normal 0 1 0
    outer loop
      vertex -62.30448 -181 41.46927
      vertex -68.82843 -181 45.82843
      vertex -67.53073 -181 46.69552
    endloop
  endfacet
  facet normal 0 1 0
    outer loop
      vertex -62.30448 -181 41.46927
      vertex -67.53073 -181 46.69552
      vertex -66 -181 47
    endloop
  endfacet
  facet normal 0 1 0
    outer loop
      vertex -62.30448 -181 41.46927
      vertex -66 -181 47
      vertex -64.46927 -181 46.69552
    endloop
  endfacet
  facet normal 0 1 0
    outer loop
      vertex -62.30448 -181 41.46927
      vertex -64.46927 -181 46.69552
      vertex -63.17157 -181 45.82843
    endloop
  endfacet
  facet normal 0 1 -0
    outer loop
      vertex -62.30448 -181 41.46927
      vertex -63.17157 -181 45.82843
      vertex -62.30448 -181 44.53073
    endloop
  endfacet
  facet normal 0 1 0
    outer loop
      vertex -62.30448 -181 41.46927
      vertex -62.30448 -181 44.53073
      vertex -62 -181 43
    endloop
  endfacet
  facet normal 0 -1 0
    outer loop
      vertex -62 -186 43
      vertex -62.30448 -186 44.53073
      vertex -63.17157 -186 45.82843
    endloop
  endfacet
  facet normal 0 -1 0
    outer loop
      vertex -62 -186 43
      vertex -63.17157 -186 45.82843
      vertex -64.46927 -186 46.69552
    endloop
  endfacet
  facet normal 0 -1 0
    outer loop
      vertex -62 -186 43
      vertex -64.46927 -186 46.69552
      vertex -66 -186 47
    endloop
  endfacet
  facet normal 0 -1 0
    outer loop
      vertex -62 -186 43
      vertex -66 -186 47
      vertex -67.53073 -186 46.69552
    endloop
  endfacet
  facet normal 0 -1 0
    outer loop
      vertex -62 -186 43
      vertex -67.53073 -186 46.69552
      vertex -68.82843 -186 45.82843
    endloop
  endfacet
  facet normal 0 -1 0
    outer loop
      vertex -62 -186 43
      vertex -68.82843 -186 45.82843
      vertex -69.69552 -186 44.53073
    endloop
  endfacet
  facet normal 0 -1 0
    outer loop
      vertex -62 -186 43
      vertex -69.69552 -186 44.53073
      vertex -70 -186 43
    endloop
  endfacet
  facet normal -0 -1 0
    outer loop
      vertex -62 -186 43
      vertex -70 -186 43
      vertex -69.69552 -186 41.46927
    endloop
  endfacet
  facet normal 0 -1 0
    outer loop
      vertex -62 -186 43
      vertex -69.69552 -186 41.46927
      vertex -68.82843 -186 40.17157
    endloop
  endfacet
  facet normal 0 -1 0
    outer loop
      vertex -62 -186 43
      vertex -68.82843 -186 40.17157
      vertex -67.53073 -186 39.30448
    endloop
  endfacet
  facet normal 0 -1 0
    outer loop
      vertex -62 -186 43
      vertex -67.53073 -186 39.30448
      vertex -66 -186 39
    endloop
  endfacet
  facet normal 0 -1 0
    outer loop
      vertex -62 -186 43
      vertex -66 -186 39
      vertex -64.46927 -186 39.30448
    endloop
  endfacet
  facet normal 0 -1 0
    outer loop
      vertex -62 -186 43
      vertex -64.46927 -186 39.30448
      vertex -63.17157 -186 40.17157
    endloop
  endfacet
  facet normal 0 -1 0
    outer loop
      vertex -62 -186 43
      vertex -63.17157 -186 40.17157
      vertex -62.30448 -186 41.46927
    endloop
  endfacet
  facet normal 0.9807853 0 0.1950903
    outer loop
      vertex -62 -181 43
      vertex -62.30448 -181 44.53073
      vertex -62.30448 -186 44.53073
    endloop
  endfacet
  facet normal 0.9807853 0 0.1950903
    outer loop
      vertex -62 -181 43
      vertex -62.30448 -186 44.53073
      vertex -62 -186 43
    endloop
  endfacet
  facet normal 0.8314696 0 0.5555702
    outer loop
      vertex -62.30448 -181 44.53073
      vertex -63.17157 -181 45.82843
      vertex -63.17157 -186 45.82843
    endloop
  endfacet
  facet normal 0.8314696 0 0.5555702
    outer loop
      vertex -62.30448 -181 44.53073
      vertex -63.17157 -186 45.82843
      vertex -62.30448 -186 44.53073
    endloop
  endfacet
  facet normal 0.5555702 0 0.8314696
    outer loop
      vertex -63.17157 -181 45.82843
      vertex -64.46927 -181 46.69552
      vertex -64.46927 -186 46.69552
    endloop
  endfacet
  facet normal 0.5555702 0 0.8314696
    outer loop
      vertex -63.17157 -181 45.82843
      vertex -64.46927 -186 46.69552
      vertex -63.17157 -186 45.82843
    endloop
  endfacet
  facet normal 0.1950903 0 0.9807853
    outer loop
      vertex -64.46927 -181 46.69552
      vertex -66 -181 47
      vertex -66 -186 47
    endloop
  endfacet
  facet normal 0.1950903 0 0.9807853
    outer loop
      vertex -64.46927 -181 46.69552
      vertex -66 -186 47
      vertex -64.46927 -186 46.69552
    endloop
  endfacet
  facet normal -0.1950903 0 0.9807853
    outer loop
      vertex -66 -181 47
      vertex -67.53073 -181 46.69552
      vertex -67.53073 -186 46.69552
    endloop
  endfacet
  facet normal -0.1950903 0 0.9807853
    outer loop
      vertex -66 -181 47
      vertex -67.53073 -186 46.69552
      vertex -66 -186 47
    endloop
  endfacet
  facet normal -0.5555702 0 0.8314696
    outer loop
      vertex -67.53073 -181 46.69552
      vertex -68.82843 -181 45.82843
      vertex -68.82843 -186 45.82843
    endloop
  endfacet
  facet normal -0.5555702 0 0.8314696
    outer loop
      vertex -67.53073 -181 46.69552
      vertex -68.82843 -186 45.82843
      vertex -67.53073 -186 46.69552
    endloop
  endfacet
  facet normal -0.8314696 0 0.5555702
    outer loop
      vertex -68.82843 -181 45.82843
      vertex -69.69552 -181 44.53073
      vertex -69.69552 -186 44.53073
    endloop
  endfacet
  facet normal -0.8314696 0 0.5555702
    outer loop
      vertex -68.82843 -181 45.82843
      vertex -69.69552 -186 44.53073
      vertex -68.82843 -186 45.82843
    endloop
  endfacet
  facet normal -0.9807853 0 0.1950903
    outer loop
      vertex -69.69552 -181 44.53073
      vertex -70 -181 43
      vertex -70 -186 43
    endloop
  endfacet
  facet normal -0.9807853 0 0.1950903
    outer loop
      vertex -69.69552 -181 44.53073
      vertex -70 -186 43
      vertex -69.69552 -186 44.53073
    endloop
  endfacet
  facet normal -0.9807853 0 -0.1950903
    outer loop
      vertex -70 -181 43
      vertex -69.69552 -181 41.46927
      vertex -69.69552 -186 41.46927
    endloop
  endfacet
  facet normal -0.9807853 -0 -0.1950903
    outer loop
      vertex -70 -181 43
      vertex -69.69552 -186 41.46927
      vertex -70 -186 43
    endloop
  endfacet
  facet normal -0.8314696 0 -0.5555702
    outer loop
      vertex -69.69552 -181 41.46927
      vertex -68.82843 -181 40.17157
      vertex -68.82843 -186 40.17157
    endloop
  endfacet
  facet normal -0.8314696 -0 -0.5555702
    outer loop
      vertex -69.69552 -181 41.46927
      vertex -68.82843 -186 40.17157
      vertex -69.69552 -186 41.46927
    endloop
  endfacet
  facet normal -0.5555702 0 -0.8314696
    outer loop
      vertex -68.82843 -181 40.17157
      vertex -67.53073 -181 39.30448
      vertex -67.53073 -186 39.30448
    endloop
  endfacet
  facet normal -0.5555702 -0 -0.8314696
    outer loop
      vertex -68.82843 -181 40.17157
      vertex -67.53073 -186 39.30448
      vertex -68.82843 -186 40.17157
    endloop
  endfacet
  facet normal -0.1950903 0 -0.9807853
    outer loop
      vertex -67.53073 -181 39.30448
      vertex -66 -181 39
      vertex -66 -186 39
    endloop
  endfacet
  facet normal -0.1950903 -0 -0.9807853
    outer loop
      vertex -67.53073 -181 39.30448
      vertex -66 -186 39
      vertex -67.53073 -186 39.30448
    endloop
  endfacet
  facet normal 0.1950903 0 -0.9807853
    outer loop
      vertex -66 -181 39
      vertex -64.46927 -181 39.30448
      vertex -64.46927 -186 39.30448
    endloop
  endfacet
  facet normal 0.1950903 0 -0.9807853
    outer loop
      vertex -66 -181 39
      vertex -64.46927 -186 39.30448
      vertex -66 -186 39
    endloop
  endfacet
  facet normal 0.5555702 0 -0.8314696
    outer loop
      vertex -64.46927 -181 39.30448
      vertex -63.17157 -181 40.17157
      vertex -63.17157 -186 40.17157
    endloop
  endfacet
  facet normal 0.5555702 0 -0.8314696
    outer loop
      vertex -64.46927 -181 39.30448
      vertex -63.17157 -186 40.17157
      vertex -64.46927 -186 39.30448
    endloop
  endfacet
  facet normal 0.8314696 0 -0.5555702
    outer loop
      vertex -63.17157 -181 40.17157
      vertex -62.30448 -181 41.46927
      vertex -62.30448 -186 41.46927
    endloop
  endfacet
  facet normal 0.8314696 0 -0.5555702
    outer loop
      vertex -63.17157 -181 40.17157
      vertex -62.30448 -186 41.46927
      vertex -63.17157 -186 40.17157
    endloop
  endfacet
  facet normal 0.9807853 0 -0.1950903
    outer loop
      vertex -62.30448 -181 41.46927
      vertex -62 -181 43
      vertex -62 -186 43
    endloop
  endfacet
  facet normal 0.9807853 0 -0.1950903
    outer loop
      vertex -62.30448 -181 41.46927
      vertex -62 -186 43
      vertex -62.30448 -186 41.46927
    endloop
  endfacet
  facet normal 0 1 0
    outer loop
      vertex 229.6955 -181 111.4693
      vertex 228.8284 -181 110.1716
      vertex 227.5307 -181 109.3045
    endloop
  endfacet
  facet normal 0 1 0
    outer loop
      vertex 229.6955 -181 111.4693
      vertex 227.5307 -181 109.3045
      vertex 226 -181 109
    endloop
  endfacet
  facet normal 0 1 0
    outer loop
      vertex 229.6955 -181 111.4693
      vertex 226 -181 109
      vertex 224.4693 -181 109.3045
    endloop
  endfacet
  facet normal 0 1 0
    outer loop
      vertex 229.6955 -181 111.4693
      vertex 224.4693 -181 109.3045
      vertex 223.1716 -181 110.1716
    endloop
  endfacet
  facet normal 0 1 0
    outer loop
      vertex 229.6955 -181 111.4693
      vertex 223.1716 -181 110.1716
      vertex 222.3045 -181 111.4693
    endloop
  endfacet
  facet normal 0 1 0
    outer loop
      vertex 229.6955 -181 111.4693
      vertex 222.3045 -181 111.4693
      vertex 222 -181 113
    endloop
  endfacet
  facet normal 0 1 0
    outer loop
      vertex 229.6955 -181 111.4693
      vertex 222 -181 113
      vertex 222.3045 -181 114.5307
    endloop
  endfacet
  facet normal 0 1 0
    outer loop
      vertex 229.6955 -181 111.4693
      vertex 222.3045 -181 114.5307
      vertex 223.1716 -181 115.8284
    endloop
  endfacet
  facet normal 0 1 0
    outer loop
      vertex 229.6955 -181 111.4693
      vertex 223.1716 -181 115.8284
      vertex 224.4693 -181 116.6955
    endloop
  endfacet
  facet normal 0 1 0
    outer loop
      vertex 229.6955 -181 111.4693
      vertex 224.4693 -181 116.6955
      vertex 226 -181 117
    endloop
  endfacet
  facet normal 0 1 0
    outer loop
      vertex 229.6955 -181 111.4693
      vertex 226 -181 117
      vertex 227.5307 -181 116.6955
    endloop
  endfacet
  facet normal 0 1 0
    outer loop
      vertex 229.6955 -181 111.4693
      vertex 227.5307 -181 116.6955
      vertex 228.8284 -181 115.8284
    endloop
  endfacet
  facet normal 0 1 -0
    outer loop
      vertex 229.6955 -181 111.4693
      vertex 228.8284 -181 115.8284
      vertex 229.6955 -181 114.5307
    endloop
  endfacet
  facet normal 0 1 0
    outer loop
      vertex 229.6955 -181 111.4693
      vertex 229.6955 -181 114.5307
      vertex 230 -181 113
    endloop
  endfacet
  facet normal 0 -1 0
    outer loop
      vertex 230 -186 113
      vertex 229.6955 -186 114.5307
      vertex 228.8284 -186 115.8284
    endloop
  endfacet
  facet normal 0 -1 0
    outer loop
      vertex 230 -186 113
      vertex 228.8284 -186 115.8284
      vertex 227.5307 -186 116.6955
    endloop
  endfacet
  facet normal 0 -1 0
    outer loop
      vertex 230 -186 113
      vertex 227.5307 -186 116.6955
      vertex 226 -186 117
    endloop
  endfacet
  facet normal 0 -1 0
    outer loop
      vertex 230 -186 113
      vertex 226 -186 117
      vertex 224.4693 -186 116.6955
    endloop
  endfacet
  facet normal 0 -1 0
    outer loop
      vertex 230 -186 113
      vertex 224.4693 -186 116.6955
      vertex 223.1716 -186 115.8284
    endloop
  endfacet
  facet normal 0 -1 0
    outer loop
      vertex 230 -186 113
      vertex 223.1716 -186 115.8284
      vertex 222.3045 -186 114.5307
    endloop
  endfacet
  facet normal 0 -1 0
    outer loop
      vertex 230 -186 113
      vertex 222.3045 -186 114.5307
      vertex 222 -186 113
    endloop
  endfacet
  facet normal -0 -1 0
    outer loop
      vertex 230 -186 113
      vertex 222 -186 113
      vertex 222.3045 -186 111.4693
    endloop
  endfacet
  facet normal 0 -1 0
    outer loop
      vertex 230 -186 113
      vertex 222.3045 -186 111.4693
      vertex 223.1716 -186 110.1716
    endloop
  endfacet
  facet normal 0 -1 0
    outer loop
      vertex 230 -186 113
      vertex 223.1716 -186 110.1716
      vertex 224.4693 -186 109.3045
    endloop
  endfacet
  facet normal 0 -1 0
    outer loop
      vertex 230 -186 113
      vertex 224.4693 -186 109.3045
      vertex 226 -186 109
    endloop
  endfacet
  facet normal 0 -1 0
    outer loop
      vertex 230 -186 113
      vertex 226 -186 109
      vertex 227.5307 -186 109.3045
    endloop
  endfacet
  facet normal 0 -1 0
    outer loop
      vertex 230 -186 113
      vertex 227.5307 -186 109.3045
      vertex 228.8284 -186 110.1716
    endloop
  endfacet
  facet normal 0 -1 0
    outer loop
      vertex 230 -186 113
      vertex 228.8284 -186 110.1716
      vertex 229.6955 -186 111.4693
    endloop
  endfacet
  facet normal 0.9807853 0 0.1950903
    outer loop
      vertex 230 -181 113
      vertex 229.6955 -181 114.5307
      vertex 229.6955 -186 114.5307
    endloop
  endfacet
  facet normal 0.9807853 0 0.1950903
    outer loop
      vertex 230 -181 113
      vertex 229.6955 -186 114.5307
      vertex 230 -186 113
    endloop
  endfacet
  facet normal 0.8314696 0 0.5555702
    outer loop
      vertex 229.6955 -181 114.5307
      vertex 228.8284 -181 115.8284
      vertex 228.8284 -186 115.8284
    endloop
  endfacet
  facet normal 0.8314696 0 0.5555702
    outer loop
      vertex 229.6955 -181 114.5307
      vertex 228.8284 -186 115.8284
      vertex 229.6955 -186 114.5307
    endloop
  endfacet
  facet normal 0.5555702 0 0.8314696
    outer loop
      vertex 228.8284 -181 115.8284
      vertex 227.5307 -181 116.6955
      vertex 227.5307 -186 116.6955
    endloop
  endfacet
  facet normal 0.5555702 0 0.8314696
    outer loop
      vertex 228.8284 -181 115.8284
      vertex 227.5307 -186 116.6955
      vertex 228.8284 -186 115.8284
    endloop
  endfacet
  facet normal 0.1950903 0 0.9807853
    outer loop
      vertex 227.5307 -181 116.6955
      vertex 226 -181 117
      vertex 226 -186 117
    endloop
  endfacet
  facet normal 0.1950903 0 0.9807853
    outer loop
      vertex 227.5307 -181 116.6955
      vertex 226 -186 117
      vertex 227.5307 -186 116.6955
    endloop
  endfacet
  facet normal -0.1950903 0 0.9807853
    outer loop
      vertex 226 -181 117
      vertex 224.4693 -181 116.6955
      vertex 224.4693 -186 116.6955
    endloop
  endfacet
  facet normal -0.1950903 0 0.9807853
    outer loop
      vertex 226 -181 117
      vertex 224.4693 -186 116.6955
      vertex 226 -186 117
    endloop
  endfacet
  facet normal -0.5555702 0 0.8314696
    outer loop
      vertex 224.4693 -181 116.6955
      vertex 223.1716 -181 115.8284
      vertex 223.1716 -186 115.8284
    endloop
  endfacet
  facet normal -0.5555702 0 0.8314696
    outer loop
      vertex 224.4693 -181 116.6955
      vertex 223.1716 -186 115.8284
      vertex 224.4693 -186 116.6955
    endloop
  endfacet
  facet normal -0.8314696 0 0.5555702
    outer loop
      vertex 223.1716 -181 115.8284
      vertex 222.3045 -181 114.5307
      vertex 222.3045 -186 114.5307
    endloop
  endfacet
  facet normal -0.8314696 0 0.5555702
    outer loop
      vertex 223.1716 -181 115.8284
      vertex 222.3045 -186 114.5307
      vertex 223.1716 -186 115.8284
    endloop
  endfacet
  facet normal -0.9807853 0 0.1950903
    outer loop
      vertex 222.3045 -181 114.5307
      vertex 222 -181 113
      vertex 222 -186 113
    endloop
  endfacet
  facet normal -0.9807853 0 0.1950903
    outer loop
      vertex 222.3045 -181 114.5307
      vertex 222 -186 113
      vertex 222.3045 -186 114.5307
    endloop
  endfacet
  facet normal -0.9807853 0 -0.1950903
    outer loop
      vertex 222 -181 113
      vertex 222.3045 -181 111.4693
      vertex 222.3045 -186 111.4693
    endloop
  endfacet
  facet normal -0.9807853 -0 -0.1950903
    outer loop
      vertex 222 -181 113
      vertex 222.3045 -186 111.4693
      vertex 222 -186 113
    endloop
  endfacet
  facet normal -0.8314696 0 -0.5555702
    outer loop
      vertex 222.3045 -181 111.4693
      vertex 223.1716 -181 110.1716
      vertex 223.1716 -186 110.1716
    endloop
  endfacet
  facet normal -0.8314696 -0 -0.5555702
    outer loop
      vertex 222.3045 -181 111.4693
      vertex 223.1716 -186 110.1716
      vertex 222.3045 -186 111.4693
    endloop
  endfacet
  facet normal -0.5555702 0 -0.8314696
    outer loop
      vertex 223.1716 -181 110.1716
      vertex 224.4693 -181 109.3045
      vertex 224.4693 -186 109.3045
    endloop
  endfacet
  facet normal -0.5555702 -0 -0.8314696
    outer loop
      vertex 223.1716 -181 110.1716
      vertex 224.4693 -186 109.3045
      vertex 223.1716 -186 110.1716
    endloop
  endfacet
  facet normal -0.1950903 0 -0.9807853
    outer loop
      vertex 224.4693 -181 109.3045
      vertex 226 -181 109
      vertex 226 -186 109
    endloop
  endfacet
  facet normal -0.1950903 -0 -0.9807853
    outer loop
      vertex 224.4693 -181 109.3045
      vertex 226 -186 109
      vertex 224.4693 -186 109.3045
    endloop
  endfacet
  facet normal 0.1950903 0 -0.9807853
    outer loop
      vertex 226 -181 109
      vertex 227.5307 -181 109.3045
      vertex 227.5307 -186 109.3045
    endloop
  endfacet
  facet normal 0.1950903 0 -0.9807853
    outer loop
      vertex 226 -181 109
      vertex 227.5307 -186 109.3045
      vertex 226 -186 109
    endloop
  endfacet
  facet normal 0.5555702 0 -0.8314696
    outer loop
      vertex 227.5307 -181 109.3045
      vertex 228.8284 -181 110.1716
      vertex 228.8284 -186 110.1716
    endloop
  endfacet
  facet normal 0.5555702 0 -0.8314696
    outer loop
      vertex 227.5307 -181 109.3045
      vertex 228.8284 -186 110.1716
      vertex 227.5307 -186 109.3045
    endloop
  endfacet
  facet normal 0.8314696 0 -0.5555702
    outer loop
      vertex 228.8284 -181 110.1716
      vertex 229.6955 -181 111.4693
      vertex 229.6955 -186 111.4693
    endloop
  endfacet
  facet normal 0.8314696 0 -0.5555702
    outer loop
      vertex 228.8284 -181 110.1716
      vertex 229.6955 -186 111.4693
      vertex 228.8284 -186 110.1716
    endloop
  endfacet
  facet normal 0.9807853 0 -0.1950903
    outer loop
      vertex 229.6955 -181 111.4693
      vertex 230 -181 113
      vertex 230 -186 113
    endloop
  endfacet
  facet normal 0.9807853 0 -0.1950903
    outer loop
      vertex 229.6955 -181 111.4693
      vertex 230 -186 113
      vertex 229.6955 -186 111.4693
    endloop
  endfacet
  facet normal 0 1 0
    outer loop
      vertex -62.30448 -181 111.4693
      vertex -63.17157 -181 110.1716
      vertex -64.46927 -181 109.3045
    endloop
  endfacet
  facet normal 0 1 0
    outer loop
      vertex -62.30448 -181 111.4693
      vertex -64.46927 -181 109.3045
      vertex -66 -181 109
    endloop
  endfacet
  facet normal 0 1 0
    outer loop
      vertex -62.30448 -181 111.4693
      vertex -66 -181 109
      vertex -67.53073 -181 109.3045
    endloop
  endfacet
  facet normal 0 1 0
    outer loop
      vertex -62.30448 -181 111.4693
      vertex -67.53073 -181 109.3045
      vertex -68.82843 -181 110.1716
    endloop
  endfacet
  facet normal 0 1 0
    outer loop
      vertex -62.30448 -181 111.4693
      vertex -68.82843 -181 110.1716
      vertex -69.69552 -181 111.4693
    endloop
  endfacet
  facet normal 0 1 0
    outer loop
      vertex -62.30448 -181 111.4693
      vertex -69.69552 -181 111.4693
      vertex -70 -181 113
    endloop
  endfacet
  facet normal 0 1 0
    outer loop
      vertex -62.30448 -181 111.4693
      vertex -70 -181 113
      vertex -69.69552 -181 114.5307
    endloop
  endfacet
  facet normal 0 1 0
    outer loop
      vertex -62.30448 -181 111.4693
      vertex -69.69552 -181 114.5307
      vertex -68.82843 -181 115.8284
    endloop
  endfacet
  facet normal 0 1 0
    outer loop
      vertex -62.30448 -181 111.4693
      vertex -68.82843 -181 115.8284
      vertex -67.53073 -181 116.6955
    endloop
  endfacet
  facet normal 0 1 0
    outer loop
      vertex -62.30448 -181 111.4693
      vertex -67.53073 -181 116.6955
      vertex -66 -181 117
    endloop
  endfacet
  facet normal 0 1 0
    outer loop
      vertex -62.30448 -181 111.4693
      vertex -66 -181 117
      vertex -64.46927 -181 116.6955
    endloop
  endfacet
  facet normal 0 1 0
    outer loop
      vertex -62.30448 -181 111.4693
      vertex -64.46927 -181 116.6955
      vertex -63.17157 -181 115.8284
    endloop
  endfacet
  facet normal 0 1 -0
    outer loop
      vertex -62.30448 -181 111.4693
      vertex -63.17157 -181 115.8284
      vertex -62.30448 -181 114.5307
    endloop
  endfacet
  facet normal 0 1 0
    outer loop
      vertex -62.30448 -181 111.4693
      vertex -62.30448 -181 114.5307
      vertex -62 -181 113
    endloop
  endfacet
  facet normal 0 -1 0
    outer loop
      vertex -62 -186 113
      vertex -62.30448 -186 114.5307
      vertex -63.17157 -186 115.8284
    endloop
  endfacet
  facet normal 0 -1 0
    outer loop
      vertex -62 -186 113
      vertex -63.17157 -186 115.8284
      vertex -64.46927 -186 116.6955
    endloop
  endfacet
  facet normal 0 -1 0
    outer loop
      vertex -62 -186 113
      vertex -64.46927 -186 116.6955
      vertex -66 -186 117
    endloop
  endfacet
  facet normal 0 -1 0
    outer loop
      vertex -62 -186 113
      vertex -66 -186 117
      vertex -67.53073 -186 116.6955
    endloop
  endfacet
  facet normal 0 -1 0
    outer loop
      vertex -62 -186 113
      vertex -67.53073 -186 116.6955
      vertex -68.82843 -186 115.8284
    endloop
  endfacet
  facet normal 0 -1 0
    outer loop
      vertex -62 -186 113
      vertex -68.82843 -186 115.8284
      vertex -69.69552 -186 114.5307
    endloop
  endfacet
  facet normal 0 -1 0
    outer loop
      vertex -62 -186 113
      vertex -69.69552 -186 114.5307
      vertex -70 -186 113
    endloop
  endfacet
  facet normal -0 -1 0
    outer loop
      vertex -62 -186 113
      vertex -70 -186 113
      vertex -69.69552 -186 111.4693
    endloop
  endfacet
  facet normal 0 -1 0
    outer loop
      vertex -62 -186 113
      vertex -69.69552 -186 111.4693
      vertex -68.82843 -186 110.1716
    endloop
  endfacet
  facet normal 0 -1 0
    outer loop
      vertex -62 -186 113
      vertex -68.82843 -186 110.1716
      vertex -67.53073 -186 109.3045
    endloop
  endfacet
  facet normal 0 -1 0
    outer loop
      vertex -62 -186 113
      vertex -67.53073 -186 109.3045
      vertex -66 -186 109
    endloop
  endfacet
  facet normal 0 -1 0
    outer loop
      vertex -62 -186 113
      vertex -66 -186 109
      vertex -64.46927 -186 109.3045
    endloop
  endfacet
  facet normal 0 -1 0
    outer loop
      vertex -62 -186 113
      vertex -64.46927 -186 109.3045
      vertex -63.17157 -186 110.1716
    endloop
  endfacet
  facet normal 0 -1 0
    outer loop
      vertex -62 -186 113
      vertex -63.17157 -186 110.1716
      vertex -62.30448 -186 111.4693
    endloop
  endfacet
  facet normal 0.9807853 0 0.1950903
    outer loop
      vertex -62 -181 113
      vertex -62.30448 -181 114.5307
      vertex -62.30448 -186 114.5307
    endloop
  endfacet
  facet normal 0.9807853 0 0.1950903
    outer loop
      vertex -62 -181 113
      vertex -62.30448 -186 114.5307
      vertex -62 -186 113
    endloop
  endfacet
  facet normal 0.8314696 0 0.5555702
    outer loop
      vertex -62.30448 -181 114.5307
      vertex -63.17157 -181 115.8284
      vertex -63.17157 -186 115.8284
    endloop
  endfacet
  facet normal 0.8314696 0 0.5555702
    outer loop
      vertex -62.30448 -181 114.5307
      vertex -63.17157 -186 115.8284
      vertex -62.30448 -186 114.5307
    endloop
  endfacet
  facet normal 0.5555702 0 0.8314696
    outer loop
      vertex -63.17157 -181 115.8284
      vertex -64.46927 -181 116.6955
      vertex -64.46927 -186 116.6955
    endloop
  endfacet
  facet normal 0.5555702 0 0.8314696
    outer loop
      vertex -63.17157 -181 115.8284
      vertex -64.46927 -186 116.6955
      vertex -63.17157 -186 115.8284
    endloop
  endfacet
  facet normal 0.1950903 0 0.9807853
    outer loop
      vertex -64.46927 -181 116.6955
      vertex -66 -181 117
      vertex -66 -186 117
    endloop
  endfacet
  facet normal 0.1950903 0 0.9807853
    outer loop
      vertex -64.46927 -181 116.6955
      vertex -66 -186 117
      vertex -64.46927 -186 116.6955
    endloop
  endfacet
  facet normal -0.1950903 0 0.9807853
    outer loop
      vertex -66 -181 117
      vertex -67.53073 -181 116.6955
      vertex -67.53073 -186 116.6955
    endloop
  endfacet
  facet normal -0.1950903 0 0.9807853
    outer loop
      vertex -66 -181 117
      vertex -67.53073 -186 116.6955
      vertex -66 -186 117
    endloop
  endfacet
  facet normal -0.5555702 0 0.8314696
    outer loop
      vertex -67.53073 -181 116.6955
      vertex -68.82843 -181 115.8284
      vertex -68.82843 -186 115.8284
    endloop
  endfacet
  facet normal -0.5555702 0 0.8314696
    outer loop
      vertex -67.53073 -181 116.6955
      vertex -68.82843 -186 115.8284
      vertex -67.53073 -186 116.6955
    endloop
  endfacet
  facet normal -0.8314696 0 0.5555702
    outer loop
      vertex -68.82843 -181 115.8284
      vertex -69.69552 -181 114.5307
      vertex -69.69552 -186 114.5307
    endloop
  endfacet
  facet normal -0.8314696 0 0.5555702
    outer loop
      vertex -68.82843 -181 115.8284
      vertex -69.69552 -186 114.5307
      vertex -68.82843 -186 115.8284
    endloop
  endfacet
  facet normal -0.9807853 0 0.1950903
    outer loop
      vertex -69.69552 -181 114.5307
      vertex -70 -181 113
      vertex -70 -186 113
    endloop
  endfacet
  facet normal -0.9807853 0 0.1950903
    outer loop
      vertex -69.69552 -181 114.5307
      vertex -70 -186 113
      vertex -69.69552 -186 114.5307
    endloop
  endfacet
  facet normal -0.9807853 0 -0.1950903
    outer loop
      vertex -70 -181 113
      vertex -69.69552 -181 111.4693
      vertex -69.69552 -186 111.4693
    endloop
  endfacet
  facet normal -0.9807853 -0 -0.1950903
    outer loop
      vertex -70 -181 113
      vertex -69.69552 -186 111.4693
      vertex -70 -186 113
    endloop
  endfacet
  facet normal -0.8314696 0 -0.5555702
    outer loop
      vertex -69.69552 -181 111.4693
      vertex -68.82843 -181 110.1716
      vertex -68.82843 -186 110.1716
    endloop
  endfacet
  facet normal -0.8314696 -0 -0.5555702
    outer loop
      vertex -69.69552 -181 111.4693
      vertex -68.82843 -186 110.1716
      vertex -69.69552 -186 111.4693
    endloop
  endfacet
  facet normal -0.5555702 0 -0.8314696
    outer loop
      vertex -68.82843 -181 110.1716
      vertex -67.53073 -181 109.3045
      vertex -67.53073 -186 109.3045
    endloop
  endfacet
  facet normal -0.5555702 -0 -0.8314696
    outer loop
      vertex -68.82843 -181 110.1716
      vertex -67.53073 -186 109.3045
      vertex -68.82843 -186 110.1716
    endloop
  endfacet
  facet normal -0.1950903 0 -0.9807853
    outer loop
      vertex -67.53073 -181 109.3045
      vertex -66 -181 109
      vertex -66 -186 109
    endloop
  endfacet
  facet normal -0.1950903 -0 -0.9807853
    outer loop
      vertex -67.53073 -181 109.3045
      vertex -66 -186 109
      vertex -67.53073 -186 109.3045
    endloop
  endfacet
  facet normal 0.1950903 0 -0.9807853
    outer loop
      vertex -66 -181 109
      vertex -64.46927 -181 109.3045
      vertex -64.46927 -186 109.3045
    endloop
  endfacet
  facet normal 0.1950903 0 -0.9807853
    outer loop
      vertex -66 -181 109
      vertex -64.46927 -186 109.3045
      vertex -66 -186 109
    endloop
  endfacet
  facet normal 0.5555702 0 -0.8314696
    outer loop
      vertex -64.46927 -181 109.3045
      vertex -63.17157 -181 110.1716
      vertex -63.17157 -186 110.1716
    endloop
  endfacet
  facet normal 0.5555702 0 -0.8314696
    outer loop
      vertex -64.46927 -181 109.3045
      vertex -63.17157 -186 110.1716
      vertex -64.46927 -186 109.3045
    endloop
  endfacet
  facet normal 0.8314696 0 -0.5555702
    outer loop
      vertex -63.17157 -181 110.1716
      vertex -62.30448 -181 111.4693
      vertex -62.30448 -186 111.4693
    endloop
  endfacet
  facet normal 0.8314696 0 -0.5555702
    outer loop
      vertex -63.17157 -181 110.1716
      vertex -62.30448 -186 111.4693
      vertex -63.17157 -186 110.1716
    endloop
  endfacet
  facet normal 0.9807853 0 -0.1950903
    outer loop
      vertex -62.30448 -181 111.4693
      vertex -62 -181 113
      vertex -62 -186 113
    endloop
  endfacet
  facet normal 0.9807853 0 -0.1950903
    outer loop
      vertex -62.30448 -181 111.4693
      vertex -62 -186 113
      vertex -62.30448 -186 111.4693
    endloop
  endfacet
  facet normal 0 0 -1
    outer loop
      vertex 520 117.5 16
      vertex 520 212.5 16
      vertex 750 212.5 16
    endloop
  endfacet
  facet normal 0 0 -1
    outer loop
      vertex 520 117.5 16
      vertex 750 212.5 16
      vertex 750 117.5 16
    endloop
  endfacet
  facet normal 0 0 1
    outer loop
      vertex 520 117.5 104
      vertex 750 117.5 104
      vertex 750 212.5 104
    endloop
  endfacet
  facet normal 0 0 1
    outer loop
      vertex 520 117.5 104
      vertex 750 212.5 104
      vertex 520 212.5 104
    endloop
  endfacet
  facet normal 0 -1 0
    outer loop
      vertex 520 117.5 16
      vertex 750 117.5 16
      vertex 750 117.5 104
    endloop
  endfacet
  facet normal 0 -1 0
    outer loop
      vertex 520 117.5 16
      vertex 750 117.5 104
      vertex 520 117.5 104
    endloop
  endfacet
  facet normal 1 0 0
    outer loop
      vertex 750 117.5 16
      vertex 750 212.5 16
      vertex 750 212.5 104
    endloop
  endfacet
  facet normal 1 0 0
    outer loop
      vertex 750 117.5 16
      vertex 750 212.5 104
      vertex 750 117.5 104
    endloop
  endfacet
  facet normal 0 1 0
    outer loop
      vertex 750 212.5 16
      vertex 520 212.5 16
      vertex 520 212.5 104
    endloop
  endfacet
  facet normal 0 1 -0
    outer loop
      vertex 750 212.5 16
      vertex 520 212.5 104
      vertex 750 212.5 104
    endloop
  endfacet
  facet normal -1 0 0
    outer loop
      vertex 520 212.5 16
      vertex 520 117.5 16
      vertex 520 117.5 104
    endloop
  endfacet
  facet normal -1 0 0
    outer loop
      vertex 520 212.5 16
      vertex 520 117.5 104
      vertex 520 212.5 104
    endloop
  endfacet
  facet normal 0 0 -1
    outer loop
      vertex 510 121 22
      vertex 510 209 22
      vertex 520 209 22
    endloop
  endfacet
  facet normal 0 0 -1
    outer loop
      vertex 510 121 22
      vertex 520 209 22
      vertex 520 121 22
    endloop
  endfacet
  facet normal 0 0 1
    outer loop
      vertex 510 121 98
      vertex 520 121 98
      vertex 520 209 98
    endloop
  endfacet
  facet normal 0 0 1
    outer loop
      vertex 510 121 98
      vertex 520 209 98
      vertex 510 209 98
    endloop
  endfacet
  facet normal 0 -1 0
    outer loop
      vertex 510 121 22
      vertex 520 121 22
      vertex 520 121 98
    endloop
  endfacet
  facet normal 0 -1 0
    outer loop
      vertex 510 121 22
      vertex 520 121 98
      vertex 510 121 98
    endloop
  endfacet
  facet normal 1 0 0
    outer loop
      vertex 520 121 22
      vertex 520 209 22
      vertex 520 209 98
    endloop
  endfacet
  facet normal 1 0 0
    outer loop
      vertex 520 121 22
      vertex 520 209 98
      vertex 520 121 98
    endloop
  endfacet
  facet normal 0 1 0
    outer loop
      vertex 520 209 22
      vertex 510 209 22
      vertex 510 209 98
    endloop
  endfacet
  facet normal 0 1 -0
    outer loop
      vertex 520 209 22
      vertex 510 209 98
      vertex 520 209 98
    endloop
  endfacet
  facet normal -1 0 0
    outer loop
      vertex 510 209 22
      vertex 510 121 22
      vertex 510 121 98
    endloop
  endfacet
  facet normal -1 0 0
    outer loop
      vertex 510 209 22
      vertex 510 121 98
      vertex 510 209 98
    endloop
  endfacet
  facet normal 0 0 -1
    outer loop
      vertex 531 163 102.5
      vertex 531 167 102.5
      vertex 741 167 102.5
    endloop
  endfacet
  facet normal 0 0 -1
    outer loop
      vertex 531 163 102.5
      vertex 741 167 102.5
      vertex 741 163 102.5
    endloop
  endfacet
  facet normal 0 0 1
    outer loop
      vertex 531 163 107.5
      vertex 741 163 107.5
      vertex 741 167 107.5
    endloop
  endfacet
  facet normal 0 0 1
    outer loop
      vertex 531 163 107.5
      vertex 741 167 107.5
      vertex 531 167 107.5
    endloop
  endfacet
  facet normal 0 -1 0
    outer loop
      vertex 531 163 102.5
      vertex 741 163 102.5
      vertex 741 163 107.5
    endloop
  endfacet
  facet normal 0 -1 0
    outer loop
      vertex 531 163 102.5
      vertex 741 163 107.5
      vertex 531 163 107.5
    endloop
  endfacet
  facet normal 1 0 0
    outer loop
      vertex 741 163 102.5
      vertex 741 167 102.5
      vertex 741 167 107.5
    endloop
  endfacet
  facet normal 1 0 0
    outer loop
      vertex 741 163 102.5
      vertex 741 167 107.5
      vertex 741 163 107.5
    endloop
  endfacet
  facet normal 0 1 0
    outer loop
      vertex 741 167 102.5
      vertex 531 167 102.5
      vertex 531 167 107.5
    endloop
  endfacet
  facet normal 0 1 -0
    outer loop
      vertex 741 167 102.5
      vertex 531 167 107.5
      vertex 741 167 107.5
    endloop
  endfacet
  facet normal -1 0 0
    outer loop
      vertex 531 167 102.5
      vertex 531 163 102.5
      vertex 531 163 107.5
    endloop
  endfacet
  facet normal -1 0 0
    outer loop
      vertex 531 167 102.5
      vertex 531 163 107.5
      vertex 531 167 107.5
    endloop
  endfacet
  facet normal 0 0 -1
    outer loop
      vertex 701 113.5 55.5
      vertex 701 118.5 55.5
      vertex 783 118.5 55.5
    endloop
  endfacet
  facet normal 0 0 -1
    outer loop
      vertex 701 113.5 55.5
      vertex 783 118.5 55.5
      vertex 783 113.5 55.5
    endloop
  endfacet
  facet normal 0 0 1
    outer loop
      vertex 701 113.5 80.5
      vertex 783 113.5 80.5
      vertex 783 118.5 80.5
    endloop
  endfacet
  facet normal 0 0 1
    outer loop
      vertex 701 113.5 80.5
      vertex 783 118.5 80.5
      vertex 701 118.5 80.5
    endloop
  endfacet
  facet normal 0 -1 0
    outer loop
      vertex 701 113.5 55.5
      vertex 783 113.5 55.5
      vertex 783 113.5 80.5
    endloop
  endfacet
  facet normal 0 -1 0
    outer loop
      vertex 701 113.5 55.5
      vertex 783 113.5 80.5
      vertex 701 113.5 80.5
    endloop
  endfacet
  facet normal 1 0 0
    outer loop
      vertex 783 113.5 55.5
      vertex 783 118.5 55.5
      vertex 783 118.5 80.5
    endloop
  endfacet
  facet normal 1 0 0
    outer loop
      vertex 783 113.5 55.5
      vertex 783 118.5 80.5
      vertex 783 113.5 80.5
    endloop
  endfacet
  facet normal 0 1 0
    outer loop
      vertex 783 118.5 55.5
      vertex 701 118.5 55.5
      vertex 701 118.5 80.5
    endloop
  endfacet
  facet normal 0 1 -0
    outer loop
      vertex 783 118.5 55.5
      vertex 701 118.5 80.5
      vertex 783 118.5 80.5
    endloop
  endfacet
  facet normal -1 0 0
    outer loop
      vertex 701 118.5 55.5
      vertex 701 113.5 55.5
      vertex 701 113.5 80.5
    endloop
  endfacet
  facet normal -1 0 0
    outer loop
      vertex 701 118.5 55.5
      vertex 701 113.5 80.5
      vertex 701 118.5 80.5
    endloop
  endfacet
  facet normal 0 1 0
    outer loop
      vertex 543.7713 114 23.4
      vertex 542.6 114 22.22872
      vertex 541 114 21.8
    endloop
  endfacet
  facet normal 0 1 0
    outer loop
      vertex 543.7713 114 23.4
      vertex 541 114 21.8
      vertex 539.4 114 22.22872
    endloop
  endfacet
  facet normal 0 1 0
    outer loop
      vertex 543.7713 114 23.4
      vertex 539.4 114 22.22872
      vertex 538.2287 114 23.4
    endloop
  endfacet
  facet normal 0 1 0
    outer loop
      vertex 543.7713 114 23.4
      vertex 538.2287 114 23.4
      vertex 537.8 114 25
    endloop
  endfacet
  facet normal 0 1 0
    outer loop
      vertex 543.7713 114 23.4
      vertex 537.8 114 25
      vertex 538.2287 114 26.6
    endloop
  endfacet
  facet normal 0 1 0
    outer loop
      vertex 543.7713 114 23.4
      vertex 538.2287 114 26.6
      vertex 539.4 114 27.77128
    endloop
  endfacet
  facet normal 0 1 0
    outer loop
      vertex 543.7713 114 23.4
      vertex 539.4 114 27.77128
      vertex 541 114 28.2
    endloop
  endfacet
  facet normal 0 1 0
    outer loop
      vertex 543.7713 114 23.4
      vertex 541 114 28.2
      vertex 542.6 114 27.77128
    endloop
  endfacet
  facet normal 0 1 -0
    outer loop
      vertex 543.7713 114 23.4
      vertex 542.6 114 27.77128
      vertex 543.7713 114 26.6
    endloop
  endfacet
  facet normal 0 1 0
    outer loop
      vertex 543.7713 114 23.4
      vertex 543.7713 114 26.6
      vertex 544.2 114 25
    endloop
  endfacet
  facet normal 0 -1 0
    outer loop
      vertex 544.2 109 25
      vertex 543.7713 109 26.6
      vertex 542.6 109 27.77128
    endloop
  endfacet
  facet normal 0 -1 0
    outer loop
      vertex 544.2 109 25
      vertex 542.6 109 27.77128
      vertex 541 109 28.2
    endloop
  endfacet
  facet normal 0 -1 0
    outer loop
      vertex 544.2 109 25
      vertex 541 109 28.2
      vertex 539.4 109 27.77128
    endloop
  endfacet
  facet normal 0 -1 0
    outer loop
      vertex 544.2 109 25
      vertex 539.4 109 27.77128
      vertex 538.2287 109 26.6
    endloop
  endfacet
  facet normal 0 -1 0
    outer loop
      vertex 544.2 109 25
      vertex 538.2287 109 26.6
      vertex 537.8 109 25
    endloop
  endfacet
  facet normal -0 -1 0
    outer loop
      vertex 544.2 109 25
      vertex 537.8 109 25
      vertex 538.2287 109 23.4
    endloop
  endfacet
  facet normal 0 -1 0
    outer loop
      vertex 544.2 109 25
      vertex 538.2287 109 23.4
      vertex 539.4 109 22.22872
    endloop
  endfacet
  facet normal 0 -1 0
    outer loop
      vertex 544.2 109 25
      vertex 539.4 109 22.22872
      vertex 541 109 21.8
    endloop
  endfacet
  facet normal 0 -1 0
    outer loop
      vertex 544.2 109 25
      vertex 541 109 21.8
      vertex 542.6 109 22.22872
    endloop
  endfacet
  facet normal 0 -1 0
    outer loop
      vertex 544.2 109 25
      vertex 542.6 109 22.22872
      vertex 543.7713 109 23.4
    endloop
  endfacet
  facet normal 0.9659258 0 0.258819
    outer loop
      vertex 544.2 114 25
      vertex 543.7713 114 26.6
      vertex 543.7713 109 26.6
    endloop
  endfacet
  facet normal 0.9659258 0 0.258819
    outer loop
      vertex 544.2 114 25
      vertex 543.7713 109 26.6
      vertex 544.2 109 25
    endloop
  endfacet
  facet normal 0.7071068 0 0.7071068
    outer loop
      vertex 543.7713 114 26.6
      vertex 542.6 114 27.77128
      vertex 542.6 109 27.77128
    endloop
  endfacet
  facet normal 0.7071068 0 0.7071068
    outer loop
      vertex 543.7713 114 26.6
      vertex 542.6 109 27.77128
      vertex 543.7713 109 26.6
    endloop
  endfacet
  facet normal 0.258819 0 0.9659258
    outer loop
      vertex 542.6 114 27.77128
      vertex 541 114 28.2
      vertex 541 109 28.2
    endloop
  endfacet
  facet normal 0.258819 0 0.9659258
    outer loop
      vertex 542.6 114 27.77128
      vertex 541 109 28.2
      vertex 542.6 109 27.77128
    endloop
  endfacet
  facet normal -0.258819 0 0.9659258
    outer loop
      vertex 541 114 28.2
      vertex 539.4 114 27.77128
      vertex 539.4 109 27.77128
    endloop
  endfacet
  facet normal -0.258819 0 0.9659258
    outer loop
      vertex 541 114 28.2
      vertex 539.4 109 27.77128
      vertex 541 109 28.2
    endloop
  endfacet
  facet normal -0.7071068 0 0.7071068
    outer loop
      vertex 539.4 114 27.77128
      vertex 538.2287 114 26.6
      vertex 538.2287 109 26.6
    endloop
  endfacet
  facet normal -0.7071068 0 0.7071068
    outer loop
      vertex 539.4 114 27.77128
      vertex 538.2287 109 26.6
      vertex 539.4 109 27.77128
    endloop
  endfacet
  facet normal -0.9659258 0 0.258819
    outer loop
      vertex 538.2287 114 26.6
      vertex 537.8 114 25
      vertex 537.8 109 25
    endloop
  endfacet
  facet normal -0.9659258 0 0.258819
    outer loop
      vertex 538.2287 114 26.6
      vertex 537.8 109 25
      vertex 538.2287 109 26.6
    endloop
  endfacet
  facet normal -0.9659258 0 -0.258819
    outer loop
      vertex 537.8 114 25
      vertex 538.2287 114 23.4
      vertex 538.2287 109 23.4
    endloop
  endfacet
  facet normal -0.9659258 -0 -0.258819
    outer loop
      vertex 537.8 114 25
      vertex 538.2287 109 23.4
      vertex 537.8 109 25
    endloop
  endfacet
  facet normal -0.7071068 0 -0.7071068
    outer loop
      vertex 538.2287 114 23.4
      vertex 539.4 114 22.22872
      vertex 539.4 109 22.22872
    endloop
  endfacet
  facet normal -0.7071068 -0 -0.7071068
    outer loop
      vertex 538.2287 114 23.4
      vertex 539.4 109 22.22872
      vertex 538.2287 109 23.4
    endloop
  endfacet
  facet normal -0.258819 0 -0.9659258
    outer loop
      vertex 539.4 114 22.22872
      vertex 541 114 21.8
      vertex 541 109 21.8
    endloop
  endfacet
  facet normal -0.258819 -0 -0.9659258
    outer loop
      vertex 539.4 114 22.22872
      vertex 541 109 21.8
      vertex 539.4 109 22.22872
    endloop
  endfacet
  facet normal 0.258819 0 -0.9659258
    outer loop
      vertex 541 114 21.8
      vertex 542.6 114 22.22872
      vertex 542.6 109 22.22872
    endloop
  endfacet
  facet normal 0.258819 0 -0.9659258
    outer loop
      vertex 541 114 21.8
      vertex 542.6 109 22.22872
      vertex 541 109 21.8
    endloop
  endfacet
  facet normal 0.7071068 0 -0.7071068
    outer loop
      vertex 542.6 114 22.22872
      vertex 543.7713 114 23.4
      vertex 543.7713 109 23.4
    endloop
  endfacet
  facet normal 0.7071068 0 -0.7071068
    outer loop
      vertex 542.6 114 22.22872
      vertex 543.7713 109 23.4
      vertex 542.6 109 22.22872
    endloop
  endfacet
  facet normal 0.9659258 0 -0.258819
    outer loop
      vertex 543.7713 114 23.4
      vertex 544.2 114 25
      vertex 544.2 109 25
    endloop
  endfacet
  facet normal 0.9659258 0 -0.258819
    outer loop
      vertex 543.7713 114 23.4
      vertex 544.2 109 25
      vertex 543.7713 109 23.4
    endloop
  endfacet
  facet normal 0 1 0
    outer loop
      vertex 543.7713 114 93.4
      vertex 542.6 114 92.22872
      vertex 541 114 91.8
    endloop
  endfacet
  facet normal 0 1 0
    outer loop
      vertex 543.7713 114 93.4
      vertex 541 114 91.8
      vertex 539.4 114 92.22872
    endloop
  endfacet
  facet normal 0 1 0
    outer loop
      vertex 543.7713 114 93.4
      vertex 539.4 114 92.22872
      vertex 538.2287 114 93.4
    endloop
  endfacet
  facet normal 0 1 0
    outer loop
      vertex 543.7713 114 93.4
      vertex 538.2287 114 93.4
      vertex 537.8 114 95
    endloop
  endfacet
  facet normal 0 1 0
    outer loop
      vertex 543.7713 114 93.4
      vertex 537.8 114 95
      vertex 538.2287 114 96.6
    endloop
  endfacet
  facet normal 0 1 0
    outer loop
      vertex 543.7713 114 93.4
      vertex 538.2287 114 96.6
      vertex 539.4 114 97.77128
    endloop
  endfacet
  facet normal 0 1 0
    outer loop
      vertex 543.7713 114 93.4
      vertex 539.4 114 97.77128
      vertex 541 114 98.2
    endloop
  endfacet
  facet normal 0 1 0
    outer loop
      vertex 543.7713 114 93.4
      vertex 541 114 98.2
      vertex 542.6 114 97.77128
    endloop
  endfacet
  facet normal 0 1 -0
    outer loop
      vertex 543.7713 114 93.4
      vertex 542.6 114 97.77128
      vertex 543.7713 114 96.6
    endloop
  endfacet
  facet normal 0 1 0
    outer loop
      vertex 543.7713 114 93.4
      vertex 543.7713 114 96.6
      vertex 544.2 114 95
    endloop
  endfacet
  facet normal 0 -1 0
    outer loop
      vertex 544.2 109 95
      vertex 543.7713 109 96.6
      vertex 542.6 109 97.77128
    endloop
  endfacet
  facet normal 0 -1 0
    outer loop
      vertex 544.2 109 95
      vertex 542.6 109 97.77128
      vertex 541 109 98.2
    endloop
  endfacet
  facet normal 0 -1 0
    outer loop
      vertex 544.2 109 95
      vertex 541 109 98.2
      vertex 539.4 109 97.77128
    endloop
  endfacet
  facet normal 0 -1 0
    outer loop
      vertex 544.2 109 95
      vertex 539.4 109 97.77128
      vertex 538.2287 109 96.6
    endloop
  endfacet
  facet normal 0 -1 0
    outer loop
      vertex 544.2 109 95
      vertex 538.2287 109 96.6
      vertex 537.8 109 95
    endloop
  endfacet
  facet normal -0 -1 0
    outer loop
      vertex 544.2 109 95
      vertex 537.8 109 95
      vertex 538.2287 109 93.4
    endloop
  endfacet
  facet normal 0 -1 0
    outer loop
      vertex 544.2 109 95
      vertex 538.2287 109 93.4
      vertex 539.4 109 92.22872
    endloop
  endfacet
  facet normal 0 -1 0
    outer loop
      vertex 544.2 109 95
      vertex 539.4 109 92.22872
      vertex 541 109 91.8
    endloop
  endfacet
  facet normal 0 -1 0
    outer loop
      vertex 544.2 109 95
      vertex 541 109 91.8
      vertex 542.6 109 92.22872
    endloop
  endfacet
  facet normal 0 -1 0
    outer loop
      vertex 544.2 109 95
      vertex 542.6 109 92.22872
      vertex 543.7713 109 93.4
    endloop
  endfacet
  facet normal 0.9659258 0 0.258819
    outer loop
      vertex 544.2 114 95
      vertex 543.7713 114 96.6
      vertex 543.7713 109 96.6
    endloop
  endfacet
  facet normal 0.9659258 0 0.258819
    outer loop
      vertex 544.2 114 95
      vertex 543.7713 109 96.6
      vertex 544.2 109 95
    endloop
  endfacet
  facet normal 0.7071068 0 0.7071068
    outer loop
      vertex 543.7713 114 96.6
      vertex 542.6 114 97.77128
      vertex 542.6 109 97.77128
    endloop
  endfacet
  facet normal 0.7071068 0 0.7071068
    outer loop
      vertex 543.7713 114 96.6
      vertex 542.6 109 97.77128
      vertex 543.7713 109 96.6
    endloop
  endfacet
  facet normal 0.258819 0 0.9659258
    outer loop
      vertex 542.6 114 97.77128
      vertex 541 114 98.2
      vertex 541 109 98.2
    endloop
  endfacet
  facet normal 0.258819 0 0.9659258
    outer loop
      vertex 542.6 114 97.77128
      vertex 541 109 98.2
      vertex 542.6 109 97.77128
    endloop
  endfacet
  facet normal -0.258819 0 0.9659258
    outer loop
      vertex 541 114 98.2
      vertex 539.4 114 97.77128
      vertex 539.4 109 97.77128
    endloop
  endfacet
  facet normal -0.258819 0 0.9659258
    outer loop
      vertex 541 114 98.2
      vertex 539.4 109 97.77128
      vertex 541 109 98.2
    endloop
  endfacet
  facet normal -0.7071068 0 0.7071068
    outer loop
      vertex 539.4 114 97.77128
      vertex 538.2287 114 96.6
      vertex 538.2287 109 96.6
    endloop
  endfacet
  facet normal -0.7071068 0 0.7071068
    outer loop
      vertex 539.4 114 97.77128
      vertex 538.2287 109 96.6
      vertex 539.4 109 97.77128
    endloop
  endfacet
  facet normal -0.9659258 0 0.258819
    outer loop
      vertex 538.2287 114 96.6
      vertex 537.8 114 95
      vertex 537.8 109 95
    endloop
  endfacet
  facet normal -0.9659258 0 0.258819
    outer loop
      vertex 538.2287 114 96.6
      vertex 537.8 109 95
      vertex 538.2287 109 96.6
    endloop
  endfacet
  facet normal -0.9659258 0 -0.258819
    outer loop
      vertex 537.8 114 95
      vertex 538.2287 114 93.4
      vertex 538.2287 109 93.4
    endloop
  endfacet
  facet normal -0.9659258 -0 -0.258819
    outer loop
      vertex 537.8 114 95
      vertex 538.2287 109 93.4
      vertex 537.8 109 95
    endloop
  endfacet
  facet normal -0.7071068 0 -0.7071068
    outer loop
      vertex 538.2287 114 93.4
      vertex 539.4 114 92.22872
      vertex 539.4 109 92.22872
    endloop
  endfacet
  facet normal -0.7071068 -0 -0.7071068
    outer loop
      vertex 538.2287 114 93.4
      vertex 539.4 109 92.22872
      vertex 538.2287 109 93.4
    endloop
  endfacet
  facet normal -0.258819 0 -0.9659258
    outer loop
      vertex 539.4 114 92.22872
      vertex 541 114 91.8
      vertex 541 109 91.8
    endloop
  endfacet
  facet normal -0.258819 -0 -0.9659258
    outer loop
      vertex 539.4 114 92.22872
      vertex 541 109 91.8
      vertex 539.4 109 92.22872
    endloop
  endfacet
  facet normal 0.258819 0 -0.9659258
    outer loop
      vertex 541 114 91.8
      vertex 542.6 114 92.22872
      vertex 542.6 109 92.22872
    endloop
  endfacet
  facet normal 0.258819 0 -0.9659258
    outer loop
      vertex 541 114 91.8
      vertex 542.6 109 92.22872
      vertex 541 109 91.8
    endloop
  endfacet
  facet normal 0.7071068 0 -0.7071068
    outer loop
      vertex 542.6 114 92.22872
      vertex 543.7713 114 93.4
      vertex 543.7713 109 93.4
    endloop
  endfacet
  facet normal 0.7071068 0 -0.7071068
    outer loop
      vertex 542.6 114 92.22872
      vertex 543.7713 109 93.4
      vertex 542.6 109 92.22872
    endloop
  endfacet
  facet normal 0.9659258 0 -0.258819
    outer loop
      vertex 543.7713 114 93.4
      vertex 544.2 114 95
      vertex 544.2 109 95
    endloop
  endfacet
  facet normal 0.9659258 0 -0.258819
    outer loop
      vertex 543.7713 114 93.4
      vertex 544.2 109 95
      vertex 543.7713 109 93.4
    endloop
  endfacet
  facet normal 0 1 0
    outer loop
      vertex 731.7713 114 23.4
      vertex 730.6 114 22.22872
      vertex 729 114 21.8
    endloop
  endfacet
  facet normal 0 1 0
    outer loop
      vertex 731.7713 114 23.4
      vertex 729 114 21.8
      vertex 727.4 114 22.22872
    endloop
  endfacet
  facet normal 0 1 0
    outer loop
      vertex 731.7713 114 23.4
      vertex 727.4 114 22.22872
      vertex 726.2287 114 23.4
    endloop
  endfacet
  facet normal 0 1 0
    outer loop
      vertex 731.7713 114 23.4
      vertex 726.2287 114 23.4
      vertex 725.8 114 25
    endloop
  endfacet
  facet normal 0 1 0
    outer loop
      vertex 731.7713 114 23.4
      vertex 725.8 114 25
      vertex 726.2287 114 26.6
    endloop
  endfacet
  facet normal 0 1 0
    outer loop
      vertex 731.7713 114 23.4
      vertex 726.2287 114 26.6
      vertex 727.4 114 27.77128
    endloop
  endfacet
  facet normal 0 1 0
    outer loop
      vertex 731.7713 114 23.4
      vertex 727.4 114 27.77128
      vertex 729 114 28.2
    endloop
  endfacet
  facet normal 0 1 0
    outer loop
      vertex 731.7713 114 23.4
      vertex 729 114 28.2
      vertex 730.6 114 27.77128
    endloop
  endfacet
  facet normal 0 1 -0
    outer loop
      vertex 731.7713 114 23.4
      vertex 730.6 114 27.77128
      vertex 731.7713 114 26.6
    endloop
  endfacet
  facet normal 0 1 0
    outer loop
      vertex 731.7713 114 23.4
      vertex 731.7713 114 26.6
      vertex 732.2 114 25
    endloop
  endfacet
  facet normal 0 -1 0
    outer loop
      vertex 732.2 109 25
      vertex 731.7713 109 26.6
      vertex 730.6 109 27.77128
    endloop
  endfacet
  facet normal 0 -1 0
    outer loop
      vertex 732.2 109 25
      vertex 730.6 109 27.77128
      vertex 729 109 28.2
    endloop
  endfacet
  facet normal 0 -1 0
    outer loop
      vertex 732.2 109 25
      vertex 729 109 28.2
      vertex 727.4 109 27.77128
    endloop
  endfacet
  facet normal 0 -1 0
    outer loop
      vertex 732.2 109 25
      vertex 727.4 109 27.77128
      vertex 726.2287 109 26.6
    endloop
  endfacet
  facet normal 0 -1 0
    outer loop
      vertex 732.2 109 25
      vertex 726.2287 109 26.6
      vertex 725.8 109 25
    endloop
  endfacet
  facet normal -0 -1 0
    outer loop
      vertex 732.2 109 25
      vertex 725.8 109 25
      vertex 726.2287 109 23.4
    endloop
  endfacet
  facet normal 0 -1 0
    outer loop
      vertex 732.2 109 25
      vertex 726.2287 109 23.4
      vertex 727.4 109 22.22872
    endloop
  endfacet
  facet normal 0 -1 0
    outer loop
      vertex 732.2 109 25
      vertex 727.4 109 22.22872
      vertex 729 109 21.8
    endloop
  endfacet
  facet normal 0 -1 0
    outer loop
      vertex 732.2 109 25
      vertex 729 109 21.8
      vertex 730.6 109 22.22872
    endloop
  endfacet
  facet normal 0 -1 0
    outer loop
      vertex 732.2 109 25
      vertex 730.6 109 22.22872
      vertex 731.7713 109 23.4
    endloop
  endfacet
  facet normal 0.9659258 0 0.258819
    outer loop
      vertex 732.2 114 25
      vertex 731.7713 114 26.6
      vertex 731.7713 109 26.6
    endloop
  endfacet
  facet normal 0.9659258 0 0.258819
    outer loop
      vertex 732.2 114 25
      vertex 731.7713 109 26.6
      vertex 732.2 109 25
    endloop
  endfacet
  facet normal 0.7071068 0 0.7071068
    outer loop
      vertex 731.7713 114 26.6
      vertex 730.6 114 27.77128
      vertex 730.6 109 27.77128
    endloop
  endfacet
  facet normal 0.7071068 0 0.7071068
    outer loop
      vertex 731.7713 114 26.6
      vertex 730.6 109 27.77128
      vertex 731.7713 109 26.6
    endloop
  endfacet
  facet normal 0.258819 0 0.9659258
    outer loop
      vertex 730.6 114 27.77128
      vertex 729 114 28.2
      vertex 729 109 28.2
    endloop
  endfacet
  facet normal 0.258819 0 0.9659258
    outer loop
      vertex 730.6 114 27.77128
      vertex 729 109 28.2
      vertex 730.6 109 27.77128
    endloop
  endfacet
  facet normal -0.258819 0 0.9659258
    outer loop
      vertex 729 114 28.2
      vertex 727.4 114 27.77128
      vertex 727.4 109 27.77128
    endloop
  endfacet
  facet normal -0.258819 0 0.9659258
    outer loop
      vertex 729 114 28.2
      vertex 727.4 109 27.77128
      vertex 729 109 28.2
    endloop
  endfacet
  facet normal -0.7071068 0 0.7071068
    outer loop
      vertex 727.4 114 27.77128
      vertex 726.2287 114 26.6
      vertex 726.2287 109 26.6
    endloop
  endfacet
  facet normal -0.7071068 0 0.7071068
    outer loop
      vertex 727.4 114 27.77128
      vertex 726.2287 109 26.6
      vertex 727.4 109 27.77128
    endloop
  endfacet
  facet normal -0.9659258 0 0.258819
    outer loop
      vertex 726.2287 114 26.6
      vertex 725.8 114 25
      vertex 725.8 109 25
    endloop
  endfacet
  facet normal -0.9659258 0 0.258819
    outer loop
      vertex 726.2287 114 26.6
      vertex 725.8 109 25
      vertex 726.2287 109 26.6
    endloop
  endfacet
  facet normal -0.9659258 0 -0.258819
    outer loop
      vertex 725.8 114 25
      vertex 726.2287 114 23.4
      vertex 726.2287 109 23.4
    endloop
  endfacet
  facet normal -0.9659258 -0 -0.258819
    outer loop
      vertex 725.8 114 25
      vertex 726.2287 109 23.4
      vertex 725.8 109 25
    endloop
  endfacet
  facet normal -0.7071068 0 -0.7071068
    outer loop
      vertex 726.2287 114 23.4
      vertex 727.4 114 22.22872
      vertex 727.4 109 22.22872
    endloop
  endfacet
  facet normal -0.7071068 -0 -0.7071068
    outer loop
      vertex 726.2287 114 23.4
      vertex 727.4 109 22.22872
      vertex 726.2287 109 23.4
    endloop
  endfacet
  facet normal -0.258819 0 -0.9659258
    outer loop
      vertex 727.4 114 22.22872
      vertex 729 114 21.8
      vertex 729 109 21.8
    endloop
  endfacet
  facet normal -0.258819 -0 -0.9659258
    outer loop
      vertex 727.4 114 22.22872
      vertex 729 109 21.8
      vertex 727.4 109 22.22872
    endloop
  endfacet
  facet normal 0.258819 0 -0.9659258
    outer loop
      vertex 729 114 21.8
      vertex 730.6 114 22.22872
      vertex 730.6 109 22.22872
    endloop
  endfacet
  facet normal 0.258819 0 -0.9659258
    outer loop
      vertex 729 114 21.8
      vertex 730.6 109 22.22872
      vertex 729 109 21.8
    endloop
  endfacet
  facet normal 0.7071068 0 -0.7071068
    outer loop
      vertex 730.6 114 22.22872
      vertex 731.7713 114 23.4
      vertex 731.7713 109 23.4
    endloop
  endfacet
  facet normal 0.7071068 0 -0.7071068
    outer loop
      vertex 730.6 114 22.22872
      vertex 731.7713 109 23.4
      vertex 730.6 109 22.22872
    endloop
  endfacet
  facet normal 0.9659258 0 -0.258819
    outer loop
      vertex 731.7713 114 23.4
      vertex 732.2 114 25
      vertex 732.2 109 25
    endloop
  endfacet
  facet normal 0.9659258 0 -0.258819
    outer loop
      vertex 731.7713 114 23.4
      vertex 732.2 109 25
      vertex 731.7713 109 23.4
    endloop
  endfacet
  facet normal 0 1 0
    outer loop
      vertex 731.7713 114 93.4
      vertex 730.6 114 92.22872
      vertex 729 114 91.8
    endloop
  endfacet
  facet normal 0 1 0
    outer loop
      vertex 731.7713 114 93.4
      vertex 729 114 91.8
      vertex 727.4 114 92.22872
    endloop
  endfacet
  facet normal 0 1 0
    outer loop
      vertex 731.7713 114 93.4
      vertex 727.4 114 92.22872
      vertex 726.2287 114 93.4
    endloop
  endfacet
  facet normal 0 1 0
    outer loop
      vertex 731.7713 114 93.4
      vertex 726.2287 114 93.4
      vertex 725.8 114 95
    endloop
  endfacet
  facet normal 0 1 0
    outer loop
      vertex 731.7713 114 93.4
      vertex 725.8 114 95
      vertex 726.2287 114 96.6
    endloop
  endfacet
  facet normal 0 1 0
    outer loop
      vertex 731.7713 114 93.4
      vertex 726.2287 114 96.6
      vertex 727.4 114 97.77128
    endloop
  endfacet
  facet normal 0 1 0
    outer loop
      vertex 731.7713 114 93.4
      vertex 727.4 114 97.77128
      vertex 729 114 98.2
    endloop
  endfacet
  facet normal 0 1 0
    outer loop
      vertex 731.7713 114 93.4
      vertex 729 114 98.2
      vertex 730.6 114 97.77128
    endloop
  endfacet
  facet normal 0 1 -0
    outer loop
      vertex 731.7713 114 93.4
      vertex 730.6 114 97.77128
      vertex 731.7713 114 96.6
    endloop
  endfacet
  facet normal 0 1 0
    outer loop
      vertex 731.7713 114 93.4
      vertex 731.7713 114 96.6
      vertex 732.2 114 95
    endloop
  endfacet
  facet normal 0 -1 0
    outer loop
      vertex 732.2 109 95
      vertex 731.7713 109 96.6
      vertex 730.6 109 97.77128
    endloop
  endfacet
  facet normal 0 -1 0
    outer loop
      vertex 732.2 109 95
      vertex 730.6 109 97.77128
      vertex 729 109 98.2
    endloop
  endfacet
  facet normal 0 -1 0
    outer loop
      vertex 732.2 109 95
      vertex 729 109 98.2
      vertex 727.4 109 97.77128
    endloop
  endfacet
  facet normal 0 -1 0
    outer loop
      vertex 732.2 109 95
      vertex 727.4 109 97.77128
      vertex 726.2287 109 96.6
    endloop
  endfacet
  facet normal 0 -1 0
    outer loop
      vertex 732.2 109 95
      vertex 726.2287 109 96.6
      vertex 725.8 109 95
    endloop
  endfacet
  facet normal -0 -1 0
    outer loop
      vertex 732.2 109 95
      vertex 725.8 109 95
      vertex 726.2287 109 93.4
    endloop
  endfacet
  facet normal 0 -1 0
    outer loop
      vertex 732.2 109 95
      vertex 726.2287 109 93.4
      vertex 727.4 109 92.22872
    endloop
  endfacet
  facet normal 0 -1 0
    outer loop
      vertex 732.2 109 95
      vertex 727.4 109 92.22872
      vertex 729 109 91.8
    endloop
  endfacet
  facet normal 0 -1 0
    outer loop
      vertex 732.2 109 95
      vertex 729 109 91.8
      vertex 730.6 109 92.22872
    endloop
  endfacet
  facet normal 0 -1 0
    outer loop
      vertex 732.2 109 95
      vertex 730.6 109 92.22872
      vertex 731.7713 109 93.4
    endloop
  endfacet
  facet normal 0.9659258 0 0.258819
    outer loop
      vertex 732.2 114 95
      vertex 731.7713 114 96.6
      vertex 731.7713 109 96.6
    endloop
  endfacet
  facet normal 0.9659258 0 0.258819
    outer loop
      vertex 732.2 114 95
      vertex 731.7713 109 96.6
      vertex 732.2 109 95
    endloop
  endfacet
  facet normal 0.7071068 0 0.7071068
    outer loop
      vertex 731.7713 114 96.6
      vertex 730.6 114 97.77128
      vertex 730.6 109 97.77128
    endloop
  endfacet
  facet normal 0.7071068 0 0.7071068
    outer loop
      vertex 731.7713 114 96.6
      vertex 730.6 109 97.77128
      vertex 731.7713 109 96.6
    endloop
  endfacet
  facet normal 0.258819 0 0.9659258
    outer loop
      vertex 730.6 114 97.77128
      vertex 729 114 98.2
      vertex 729 109 98.2
    endloop
  endfacet
  facet normal 0.258819 0 0.9659258
    outer loop
      vertex 730.6 114 97.77128
      vertex 729 109 98.2
      vertex 730.6 109 97.77128
    endloop
  endfacet
  facet normal -0.258819 0 0.9659258
    outer loop
      vertex 729 114 98.2
      vertex 727.4 114 97.77128
      vertex 727.4 109 97.77128
    endloop
  endfacet
  facet normal -0.258819 0 0.9659258
    outer loop
      vertex 729 114 98.2
      vertex 727.4 109 97.77128
      vertex 729 109 98.2
    endloop
  endfacet
  facet normal -0.7071068 0 0.7071068
    outer loop
      vertex 727.4 114 97.77128
      vertex 726.2287 114 96.6
      vertex 726.2287 109 96.6
    endloop
  endfacet
  facet normal -0.7071068 0 0.7071068
    outer loop
      vertex 727.4 114 97.77128
      vertex 726.2287 109 96.6
      vertex 727.4 109 97.77128
    endloop
  endfacet
  facet normal -0.9659258 0 0.258819
    outer loop
      vertex 726.2287 114 96.6
      vertex 725.8 114 95
      vertex 725.8 109 95
    endloop
  endfacet
  facet normal -0.9659258 0 0.258819
    outer loop
      vertex 726.2287 114 96.6
      vertex 725.8 109 95
      vertex 726.2287 109 96.6
    endloop
  endfacet
  facet normal -0.9659258 0 -0.258819
    outer loop
      vertex 725.8 114 95
      vertex 726.2287 114 93.4
      vertex 726.2287 109 93.4
    endloop
  endfacet
  facet normal -0.9659258 -0 -0.258819
    outer loop
      vertex 725.8 114 95
      vertex 726.2287 109 93.4
      vertex 725.8 109 95
    endloop
  endfacet
  facet normal -0.7071068 0 -0.7071068
    outer loop
      vertex 726.2287 114 93.4
      vertex 727.4 114 92.22872
      vertex 727.4 109 92.22872
    endloop
  endfacet
  facet normal -0.7071068 -0 -0.7071068
    outer loop
      vertex 726.2287 114 93.4
      vertex 727.4 109 92.22872
      vertex 726.2287 109 93.4
    endloop
  endfacet
  facet normal -0.258819 0 -0.9659258
    outer loop
      vertex 727.4 114 92.22872
      vertex 729 114 91.8
      vertex 729 109 91.8
    endloop
  endfacet
  facet normal -0.258819 -0 -0.9659258
    outer loop
      vertex 727.4 114 92.22872
      vertex 729 109 91.8
      vertex 727.4 109 92.22872
    endloop
  endfacet
  facet normal 0.258819 0 -0.9659258
    outer loop
      vertex 729 114 91.8
      vertex 730.6 114 92.22872
      vertex 730.6 109 92.22872
    endloop
  endfacet
  facet normal 0.258819 0 -0.9659258
    outer loop
      vertex 729 114 91.8
      vertex 730.6 109 92.22872
      vertex 729 109 91.8
    endloop
  endfacet
  facet normal 0.7071068 0 -0.7071068
    outer loop
      vertex 730.6 114 92.22872
      vertex 731.7713 114 93.4
      vertex 731.7713 109 93.4
    endloop
  endfacet
  facet normal 0.7071068 0 -0.7071068
    outer loop
      vertex 730.6 114 92.22872
      vertex 731.7713 109 93.4
      vertex 730.6 109 92.22872
    endloop
  endfacet
  facet normal 0.9659258 0 -0.258819
    outer loop
      vertex 731.7713 114 93.4
      vertex 732.2 114 95
      vertex 732.2 109 95
    endloop
  endfacet
  facet normal 0.9659258 0 -0.258819
    outer loop
      vertex 731.7713 114 93.4
      vertex 732.2 109 95
      vertex 731.7713 109 93.4
    endloop
  endfacet
  facet normal 0 0 -1
    outer loop
      vertex 520 264.5 16
      vertex 520 359.5 16
      vertex 750 359.5 16
    endloop
  endfacet
  facet normal 0 0 -1
    outer loop
      vertex 520 264.5 16
      vertex 750 359.5 16
      vertex 750 264.5 16
    endloop
  endfacet
  facet normal 0 0 1
    outer loop
      vertex 520 264.5 104
      vertex 750 264.5 104
      vertex 750 359.5 104
    endloop
  endfacet
  facet normal 0 0 1
    outer loop
      vertex 520 264.5 104
      vertex 750 359.5 104
      vertex 520 359.5 104
    endloop
  endfacet
  facet normal 0 -1 0
    outer loop
      vertex 520 264.5 16
      vertex 750 264.5 16
      vertex 750 264.5 104
    endloop
  endfacet
  facet normal 0 -1 0
    outer loop
      vertex 520 264.5 16
      vertex 750 264.5 104
      vertex 520 264.5 104
    endloop
  endfacet
  facet normal 1 0 0
    outer loop
      vertex 750 264.5 16
      vertex 750 359.5 16
      vertex 750 359.5 104
    endloop
  endfacet
  facet normal 1 0 0
    outer loop
      vertex 750 264.5 16
      vertex 750 359.5 104
      vertex 750 264.5 104
    endloop
  endfacet
  facet normal 0 1 0
    outer loop
      vertex 750 359.5 16
      vertex 520 359.5 16
      vertex 520 359.5 104
    endloop
  endfacet
  facet normal 0 1 -0
    outer loop
      vertex 750 359.5 16
      vertex 520 359.5 104
      vertex 750 359.5 104
    endloop
  endfacet
  facet normal -1 0 0
    outer loop
      vertex 520 359.5 16
      vertex 520 264.5 16
      vertex 520 264.5 104
    endloop
  endfacet
  facet normal -1 0 0
    outer loop
      vertex 520 359.5 16
      vertex 520 264.5 104
      vertex 520 359.5 104
    endloop
  endfacet
  facet normal 0 0 -1
    outer loop
      vertex 510 268 22
      vertex 510 356 22
      vertex 520 356 22
    endloop
  endfacet
  facet normal 0 0 -1
    outer loop
      vertex 510 268 22
      vertex 520 356 22
      vertex 520 268 22
    endloop
  endfacet
  facet normal 0 0 1
    outer loop
      vertex 510 268 98
      vertex 520 268 98
      vertex 520 356 98
    endloop
  endfacet
  facet normal 0 0 1
    outer loop
      vertex 510 268 98
      vertex 520 356 98
      vertex 510 356 98
    endloop
  endfacet
  facet normal 0 -1 0
    outer loop
      vertex 510 268 22
      vertex 520 268 22
      vertex 520 268 98
    endloop
  endfacet
  facet normal 0 -1 0
    outer loop
      vertex 510 268 22
      vertex 520 268 98
      vertex 510 268 98
    endloop
  endfacet
  facet normal 1 0 0
    outer loop
      vertex 520 268 22
      vertex 520 356 22
      vertex 520 356 98
    endloop
  endfacet
  facet normal 1 0 0
    outer loop
      vertex 520 268 22
      vertex 520 356 98
      vertex 520 268 98
    endloop
  endfacet
  facet normal 0 1 0
    outer loop
      vertex 520 356 22
      vertex 510 356 22
      vertex 510 356 98
    endloop
  endfacet
  facet normal 0 1 -0
    outer loop
      vertex 520 356 22
      vertex 510 356 98
      vertex 520 356 98
    endloop
  endfacet
  facet normal -1 0 0
    outer loop
      vertex 510 356 22
      vertex 510 268 22
      vertex 510 268 98
    endloop
  endfacet
  facet normal -1 0 0
    outer loop
      vertex 510 356 22
      vertex 510 268 98
      vertex 510 356 98
    endloop
  endfacet
  facet normal 0 0 -1
    outer loop
      vertex 531 310 102.5
      vertex 531 314 102.5
      vertex 741 314 102.5
    endloop
  endfacet
  facet normal 0 0 -1
    outer loop
      vertex 531 310 102.5
      vertex 741 314 102.5
      vertex 741 310 102.5
    endloop
  endfacet
  facet normal 0 0 1
    outer loop
      vertex 531 310 107.5
      vertex 741 310 107.5
      vertex 741 314 107.5
    endloop
  endfacet
  facet normal 0 0 1
    outer loop
      vertex 531 310 107.5
      vertex 741 314 107.5
      vertex 531 314 107.5
    endloop
  endfacet
  facet normal 0 -1 0
    outer loop
      vertex 531 310 102.5
      vertex 741 310 102.5
      vertex 741 310 107.5
    endloop
  endfacet
  facet normal 0 -1 0
    outer loop
      vertex 531 310 102.5
      vertex 741 310 107.5
      vertex 531 310 107.5
    endloop
  endfacet
  facet normal 1 0 0
    outer loop
      vertex 741 310 102.5
      vertex 741 314 102.5
      vertex 741 314 107.5
    endloop
  endfacet
  facet normal 1 0 0
    outer loop
      vertex 741 310 102.5
      vertex 741 314 107.5
      vertex 741 310 107.5
    endloop
  endfacet
  facet normal 0 1 0
    outer loop
      vertex 741 314 102.5
      vertex 531 314 102.5
      vertex 531 314 107.5
    endloop
  endfacet
  facet normal 0 1 -0
    outer loop
      vertex 741 314 102.5
      vertex 531 314 107.5
      vertex 741 314 107.5
    endloop
  endfacet
  facet normal -1 0 0
    outer loop
      vertex 531 314 102.5
      vertex 531 310 102.5
      vertex 531 310 107.5
    endloop
  endfacet
  facet normal -1 0 0
    outer loop
      vertex 531 314 102.5
      vertex 531 310 107.5
      vertex 531 314 107.5
    endloop
  endfacet
  facet normal 0 0 -1
    outer loop
      vertex 701 260.5 55.5
      vertex 701 265.5 55.5
      vertex 783 265.5 55.5
    endloop
  endfacet
  facet normal 0 0 -1
    outer loop
      vertex 701 260.5 55.5
      vertex 783 265.5 55.5
      vertex 783 260.5 55.5
    endloop
  endfacet
  facet normal 0 0 1
    outer loop
      vertex 701 260.5 80.5
      vertex 783 260.5 80.5
      vertex 783 265.5 80.5
    endloop
  endfacet
  facet normal 0 0 1
    outer loop
      vertex 701 260.5 80.5
      vertex 783 265.5 80.5
      vertex 701 265.5 80.5
    endloop
  endfacet
  facet normal 0 -1 0
    outer loop
      vertex 701 260.5 55.5
      vertex 783 260.5 55.5
      vertex 783 260.5 80.5
    endloop
  endfacet
  facet normal 0 -1 0
    outer loop
      vertex 701 260.5 55.5
      vertex 783 260.5 80.5
      vertex 701 260.5 80.5
    endloop
  endfacet
  facet normal 1 0 0
    outer loop
      vertex 783 260.5 55.5
      vertex 783 265.5 55.5
      vertex 783 265.5 80.5
    endloop
  endfacet
  facet normal 1 0 0
    outer loop
      vertex 783 260.5 55.5
      vertex 783 265.5 80.5
      vertex 783 260.5 80.5
    endloop
  endfacet
  facet normal 0 1 0
    outer loop
      vertex 783 265.5 55.5
      vertex 701 265.5 55.5
      vertex 701 265.5 80.5
    endloop
  endfacet
  facet normal 0 1 -0
    outer loop
      vertex 783 265.5 55.5
      vertex 701 265.5 80.5
      vertex 783 265.5 80.5
    endloop
  endfacet
  facet normal -1 0 0
    outer loop
      vertex 701 265.5 55.5
      vertex 701 260.5 55.5
      vertex 701 260.5 80.5
    endloop
  endfacet
  facet normal -1 0 0
    outer loop
      vertex 701 265.5 55.5
      vertex 701 260.5 80.5
      vertex 701 265.5 80.5
    endloop
  endfacet
  facet normal 0 1 0
    outer loop
      vertex 543.7713 261 23.4
      vertex 542.6 261 22.22872
      vertex 541 261 21.8
    endloop
  endfacet
  facet normal 0 1 0
    outer loop
      vertex 543.7713 261 23.4
      vertex 541 261 21.8
      vertex 539.4 261 22.22872
    endloop
  endfacet
  facet normal 0 1 0
    outer loop
      vertex 543.7713 261 23.4
      vertex 539.4 261 22.22872
      vertex 538.2287 261 23.4
    endloop
  endfacet
  facet normal 0 1 0
    outer loop
      vertex 543.7713 261 23.4
      vertex 538.2287 261 23.4
      vertex 537.8 261 25
    endloop
  endfacet
  facet normal 0 1 0
    outer loop
      vertex 543.7713 261 23.4
      vertex 537.8 261 25
      vertex 538.2287 261 26.6
    endloop
  endfacet
  facet normal 0 1 0
    outer loop
      vertex 543.7713 261 23.4
      vertex 538.2287 261 26.6
      vertex 539.4 261 27.77128
    endloop
  endfacet
  facet normal 0 1 0
    outer loop
      vertex 543.7713 261 23.4
      vertex 539.4 261 27.77128
      vertex 541 261 28.2
    endloop
  endfacet
  facet normal 0 1 0
    outer loop
      vertex 543.7713 261 23.4
      vertex 541 261 28.2
      vertex 542.6 261 27.77128
    endloop
  endfacet
  facet normal 0 1 -0
    outer loop
      vertex 543.7713 261 23.4
      vertex 542.6 261 27.77128
      vertex 543.7713 261 26.6
    endloop
  endfacet
  facet normal 0 1 0
    outer loop
      vertex 543.7713 261 23.4
      vertex 543.7713 261 26.6
      vertex 544.2 261 25
    endloop
  endfacet
  facet normal 0 -1 0
    outer loop
      vertex 544.2 256 25
      vertex 543.7713 256 26.6
      vertex 542.6 256 27.77128
    endloop
  endfacet
  facet normal 0 -1 0
    outer loop
      vertex 544.2 256 25
      vertex 542.6 256 27.77128
      vertex 541 256 28.2
    endloop
  endfacet
  facet normal 0 -1 0
    outer loop
      vertex 544.2 256 25
      vertex 541 256 28.2
      vertex 539.4 256 27.77128
    endloop
  endfacet
  facet normal 0 -1 0
    outer loop
      vertex 544.2 256 25
      vertex 539.4 256 27.77128
      vertex 538.2287 256 26.6
    endloop
  endfacet
  facet normal 0 -1 0
    outer loop
      vertex 544.2 256 25
      vertex 538.2287 256 26.6
      vertex 537.8 256 25
    endloop
  endfacet
  facet normal -0 -1 0
    outer loop
      vertex 544.2 256 25
      vertex 537.8 256 25
      vertex 538.2287 256 23.4
    endloop
  endfacet
  facet normal 0 -1 0
    outer loop
      vertex 544.2 256 25
      vertex 538.2287 256 23.4
      vertex 539.4 256 22.22872
    endloop
  endfacet
  facet normal 0 -1 0
    outer loop
      vertex 544.2 256 25
      vertex 539.4 256 22.22872
      vertex 541 256 21.8
    endloop
  endfacet
  facet normal 0 -1 0
    outer loop
      vertex 544.2 256 25
      vertex 541 256 21.8
      vertex 542.6 256 22.22872
    endloop
  endfacet
  facet normal 0 -1 0
    outer loop
      vertex 544.2 256 25
      vertex 542.6 256 22.22872
      vertex 543.7713 256 23.4
    endloop
  endfacet
  facet normal 0.9659258 0 0.258819
    outer loop
      vertex 544.2 261 25
      vertex 543.7713 261 26.6
      vertex 543.7713 256 26.6
    endloop
  endfacet
  facet normal 0.9659258 0 0.258819
    outer loop
      vertex 544.2 261 25
      vertex 543.7713 256 26.6
      vertex 544.2 256 25
    endloop
  endfacet
  facet normal 0.7071068 0 0.7071068
    outer loop
      vertex 543.7713 261 26.6
      vertex 542.6 261 27.77128
      vertex 542.6 256 27.77128
    endloop
  endfacet
  facet normal 0.7071068 0 0.7071068
    outer loop
      vertex 543.7713 261 26.6
      vertex 542.6 256 27.77128
      vertex 543.7713 256 26.6
    endloop
  endfacet
  facet normal 0.258819 0 0.9659258
    outer loop
      vertex 542.6 261 27.77128
      vertex 541 261 28.2
      vertex 541 256 28.2
    endloop
  endfacet
  facet normal 0.258819 0 0.9659258
    outer loop
      vertex 542.6 261 27.77128
      vertex 541 256 28.2
      vertex 542.6 256 27.77128
    endloop
  endfacet
  facet normal -0.258819 0 0.9659258
    outer loop
      vertex 541 261 28.2
      vertex 539.4 261 27.77128
      vertex 539.4 256 27.77128
    endloop
  endfacet
  facet normal -0.258819 0 0.9659258
    outer loop
      vertex 541 261 28.2
      vertex 539.4 256 27.77128
      vertex 541 256 28.2
    endloop
  endfacet
  facet normal -0.7071068 0 0.7071068
    outer loop
      vertex 539.4 261 27.77128
      vertex 538.2287 261 26.6
      vertex 538.2287 256 26.6
    endloop
  endfacet
  facet normal -0.7071068 0 0.7071068
    outer loop
      vertex 539.4 261 27.77128
      vertex 538.2287 256 26.6
      vertex 539.4 256 27.77128
    endloop
  endfacet
  facet normal -0.9659258 0 0.258819
    outer loop
      vertex 538.2287 261 26.6
      vertex 537.8 261 25
      vertex 537.8 256 25
    endloop
  endfacet
  facet normal -0.9659258 0 0.258819
    outer loop
      vertex 538.2287 261 26.6
      vertex 537.8 256 25
      vertex 538.2287 256 26.6
    endloop
  endfacet
  facet normal -0.9659258 0 -0.258819
    outer loop
      vertex 537.8 261 25
      vertex 538.2287 261 23.4
      vertex 538.2287 256 23.4
    endloop
  endfacet
  facet normal -0.9659258 -0 -0.258819
    outer loop
      vertex 537.8 261 25
      vertex 538.2287 256 23.4
      vertex 537.8 256 25
    endloop
  endfacet
  facet normal -0.7071068 0 -0.7071068
    outer loop
      vertex 538.2287 261 23.4
      vertex 539.4 261 22.22872
      vertex 539.4 256 22.22872
    endloop
  endfacet
  facet normal -0.7071068 -0 -0.7071068
    outer loop
      vertex 538.2287 261 23.4
      vertex 539.4 256 22.22872
      vertex 538.2287 256 23.4
    endloop
  endfacet
  facet normal -0.258819 0 -0.9659258
    outer loop
      vertex 539.4 261 22.22872
      vertex 541 261 21.8
      vertex 541 256 21.8
    endloop
  endfacet
  facet normal -0.258819 -0 -0.9659258
    outer loop
      vertex 539.4 261 22.22872
      vertex 541 256 21.8
      vertex 539.4 256 22.22872
    endloop
  endfacet
  facet normal 0.258819 0 -0.9659258
    outer loop
      vertex 541 261 21.8
      vertex 542.6 261 22.22872
      vertex 542.6 256 22.22872
    endloop
  endfacet
  facet normal 0.258819 0 -0.9659258
    outer loop
      vertex 541 261 21.8
      vertex 542.6 256 22.22872
      vertex 541 256 21.8
    endloop
  endfacet
  facet normal 0.7071068 0 -0.7071068
    outer loop
      vertex 542.6 261 22.22872
      vertex 543.7713 261 23.4
      vertex 543.7713 256 23.4
    endloop
  endfacet
  facet normal 0.7071068 0 -0.7071068
    outer loop
      vertex 542.6 261 22.22872
      vertex 543.7713 256 23.4
      vertex 542.6 256 22.22872
    endloop
  endfacet
  facet normal 0.9659258 0 -0.258819
    outer loop
      vertex 543.7713 261 23.4
      vertex 544.2 261 25
      vertex 544.2 256 25
    endloop
  endfacet
  facet normal 0.9659258 0 -0.258819
    outer loop
      vertex 543.7713 261 23.4
      vertex 544.2 256 25
      vertex 543.7713 256 23.4
    endloop
  endfacet
  facet normal 0 1 0
    outer loop
      vertex 543.7713 261 93.4
      vertex 542.6 261 92.22872
      vertex 541 261 91.8
    endloop
  endfacet
  facet normal 0 1 0
    outer loop
      vertex 543.7713 261 93.4
      vertex 541 261 91.8
      vertex 539.4 261 92.22872
    endloop
  endfacet
  facet normal 0 1 0
    outer loop
      vertex 543.7713 261 93.4
      vertex 539.4 261 92.22872
      vertex 538.2287 261 93.4
    endloop
  endfacet
  facet normal 0 1 0
    outer loop
      vertex 543.7713 261 93.4
      vertex 538.2287 261 93.4
      vertex 537.8 261 95
    endloop
  endfacet
  facet normal 0 1 0
    outer loop
      vertex 543.7713 261 93.4
      vertex 537.8 261 95
      vertex 538.2287 261 96.6
    endloop
  endfacet
  facet normal 0 1 0
    outer loop
      vertex 543.7713 261 93.4
      vertex 538.2287 261 96.6
      vertex 539.4 261 97.77128
    endloop
  endfacet
  facet normal 0 1 0
    outer loop
      vertex 543.7713 261 93.4
      vertex 539.4 261 97.77128
      vertex 541 261 98.2
    endloop
  endfacet
  facet normal 0 1 0
    outer loop
      vertex 543.7713 261 93.4
      vertex 541 261 98.2
      vertex 542.6 261 97.77128
    endloop
  endfacet
  facet normal 0 1 -0
    outer loop
      vertex 543.7713 261 93.4
      vertex 542.6 261 97.77128
      vertex 543.7713 261 96.6
    endloop
  endfacet
  facet normal 0 1 0
    outer loop
      vertex 543.7713 261 93.4
      vertex 543.7713 261 96.6
      vertex 544.2 261 95
    endloop
  endfacet
  facet normal 0 -1 0
    outer loop
      vertex 544.2 256 95
      vertex 543.7713 256 96.6
      vertex 542.6 256 97.77128
    endloop
  endfacet
  facet normal 0 -1 0
    outer loop
      vertex 544.2 256 95
      vertex 542.6 256 97.77128
      vertex 541 256 98.2
    endloop
  endfacet
  facet normal 0 -1 0
    outer loop
      vertex 544.2 256 95
      vertex 541 256 98.2
      vertex 539.4 256 97.77128
    endloop
  endfacet
  facet normal 0 -1 0
    outer loop
      vertex 544.2 256 95
      vertex 539.4 256 97.77128
      vertex 538.2287 256 96.6
    endloop
  endfacet
  facet normal 0 -1 0
    outer loop
      vertex 544.2 256 95
      vertex 538.2287 256 96.6
      vertex 537.8 256 95
    endloop
  endfacet
  facet normal -0 -1 0
    outer loop
      vertex 544.2 256 95
      vertex 537.8 256 95
      vertex 538.2287 256 93.4
    endloop
  endfacet
  facet normal 0 -1 0
    outer loop
      vertex 544.2 256 95
      vertex 538.2287 256 93.4
      vertex 539.4 256 92.22872
    endloop
  endfacet
  facet normal 0 -1 0
    outer loop
      vertex 544.2 256 95
      vertex 539.4 256 92.22872
      vertex 541 256 91.8
    endloop
  endfacet
  facet normal 0 -1 0
    outer loop
      vertex 544.2 256 95
      vertex 541 256 91.8
      vertex 542.6 256 92.22872
    endloop
  endfacet
  facet normal 0 -1 0
    outer loop
      vertex 544.2 256 95
      vertex 542.6 256 92.22872
      vertex 543.7713 256 93.4
    endloop
  endfacet
  facet normal 0.9659258 0 0.258819
    outer loop
      vertex 544.2 261 95
      vertex 543.7713 261 96.6
      vertex 543.7713 256 96.6
    endloop
  endfacet
  facet normal 0.9659258 0 0.258819
    outer loop
      vertex 544.2 261 95
      vertex 543.7713 256 96.6
      vertex 544.2 256 95
    endloop
  endfacet
  facet normal 0.7071068 0 0.7071068
    outer loop
      vertex 543.7713 261 96.6
      vertex 542.6 261 97.77128
      vertex 542.6 256 97.77128
    endloop
  endfacet
  facet normal 0.7071068 0 0.7071068
    outer loop
      vertex 543.7713 261 96.6
      vertex 542.6 256 97.77128
      vertex 543.7713 256 96.6
    endloop
  endfacet
  facet normal 0.258819 0 0.9659258
    outer loop
      vertex 542.6 261 97.77128
      vertex 541 261 98.2
      vertex 541 256 98.2
    endloop
  endfacet
  facet normal 0.258819 0 0.9659258
    outer loop
      vertex 542.6 261 97.77128
      vertex 541 256 98.2
      vertex 542.6 256 97.77128
    endloop
  endfacet
  facet normal -0.258819 0 0.9659258
    outer loop
      vertex 541 261 98.2
      vertex 539.4 261 97.77128
      vertex 539.4 256 97.77128
    endloop
  endfacet
  facet normal -0.258819 0 0.9659258
    outer loop
      vertex 541 261 98.2
      vertex 539.4 256 97.77128
      vertex 541 256 98.2
    endloop
  endfacet
  facet normal -0.7071068 0 0.7071068
    outer loop
      vertex 539.4 261 97.77128
      vertex 538.2287 261 96.6
      vertex 538.2287 256 96.6
    endloop
  endfacet
  facet normal -0.7071068 0 0.7071068
    outer loop
      vertex 539.4 261 97.77128
      vertex 538.2287 256 96.6
      vertex 539.4 256 97.77128
    endloop
  endfacet
  facet normal -0.9659258 0 0.258819
    outer loop
      vertex 538.2287 261 96.6
      vertex 537.8 261 95
      vertex 537.8 256 95
    endloop
  endfacet
  facet normal -0.9659258 0 0.258819
    outer loop
      vertex 538.2287 261 96.6
      vertex 537.8 256 95
      vertex 538.2287 256 96.6
    endloop
  endfacet
  facet normal -0.9659258 0 -0.258819
    outer loop
      vertex 537.8 261 95
      vertex 538.2287 261 93.4
      vertex 538.2287 256 93.4
    endloop
  endfacet
  facet normal -0.9659258 -0 -0.258819
    outer loop
      vertex 537.8 261 95
      vertex 538.2287 256 93.4
      vertex 537.8 256 95
    endloop
  endfacet
  facet normal -0.7071068 0 -0.7071068
    outer loop
      vertex 538.2287 261 93.4
      vertex 539.4 261 92.22872
      vertex 539.4 256 92.22872
    endloop
  endfacet
  facet normal -0.7071068 -0 -0.7071068
    outer loop
      vertex 538.2287 261 93.4
      vertex 539.4 256 92.22872
      vertex 538.2287 256 93.4
    endloop
  endfacet
  facet normal -0.258819 0 -0.9659258
    outer loop
      vertex 539.4 261 92.22872
      vertex 541 261 91.8
      vertex 541 256 91.8
    endloop
  endfacet
  facet normal -0.258819 -0 -0.9659258
    outer loop
      vertex 539.4 261 92.22872
      vertex 541 256 91.8
      vertex 539.4 256 92.22872
    endloop
  endfacet
  facet normal 0.258819 0 -0.9659258
    outer loop
      vertex 541 261 91.8
      vertex 542.6 261 92.22872
      vertex 542.6 256 92.22872
    endloop
  endfacet
  facet normal 0.258819 0 -0.9659258
    outer loop
      vertex 541 261 91.8
      vertex 542.6 256 92.22872
      vertex 541 256 91.8
    endloop
  endfacet
  facet normal 0.7071068 0 -0.7071068
    outer loop
      vertex 542.6 261 92.22872
      vertex 543.7713 261 93.4
      vertex 543.7713 256 93.4
    endloop
  endfacet
  facet normal 0.7071068 0 -0.7071068
    outer loop
      vertex 542.6 261 92.22872
      vertex 543.7713 256 93.4
      vertex 542.6 256 92.22872
    endloop
  endfacet
  facet normal 0.9659258 0 -0.258819
    outer loop
      vertex 543.7713 261 93.4
      vertex 544.2 261 95
      vertex 544.2 256 95
    endloop
  endfacet
  facet normal 0.9659258 0 -0.258819
    outer loop
      vertex 543.7713 261 93.4
      vertex 544.2 256 95
      vertex 543.7713 256 93.4
    endloop
  endfacet
  facet normal 0 1 0
    outer loop
      vertex 731.7713 261 23.4
      vertex 730.6 261 22.22872
      vertex 729 261 21.8
    endloop
  endfacet
  facet normal 0 1 0
    outer loop
      vertex 731.7713 261 23.4
      vertex 729 261 21.8
      vertex 727.4 261 22.22872
    endloop
  endfacet
  facet normal 0 1 0
    outer loop
      vertex 731.7713 261 23.4
      vertex 727.4 261 22.22872
      vertex 726.2287 261 23.4
    endloop
  endfacet
  facet normal 0 1 0
    outer loop
      vertex 731.7713 261 23.4
      vertex 726.2287 261 23.4
      vertex 725.8 261 25
    endloop
  endfacet
  facet normal 0 1 0
    outer loop
      vertex 731.7713 261 23.4
      vertex 725.8 261 25
      vertex 726.2287 261 26.6
    endloop
  endfacet
  facet normal 0 1 0
    outer loop
      vertex 731.7713 261 23.4
      vertex 726.2287 261 26.6
      vertex 727.4 261 27.77128
    endloop
  endfacet
  facet normal 0 1 0
    outer loop
      vertex 731.7713 261 23.4
      vertex 727.4 261 27.77128
      vertex 729 261 28.2
    endloop
  endfacet
  facet normal 0 1 0
    outer loop
      vertex 731.7713 261 23.4
      vertex 729 261 28.2
      vertex 730.6 261 27.77128
    endloop
  endfacet
  facet normal 0 1 -0
    outer loop
      vertex 731.7713 261 23.4
      vertex 730.6 261 27.77128
      vertex 731.7713 261 26.6
    endloop
  endfacet
  facet normal 0 1 0
    outer loop
      vertex 731.7713 261 23.4
      vertex 731.7713 261 26.6
      vertex 732.2 261 25
    endloop
  endfacet
  facet normal 0 -1 0
    outer loop
      vertex 732.2 256 25
      vertex 731.7713 256 26.6
      vertex 730.6 256 27.77128
    endloop
  endfacet
  facet normal 0 -1 0
    outer loop
      vertex 732.2 256 25
      vertex 730.6 256 27.77128
      vertex 729 256 28.2
    endloop
  endfacet
  facet normal 0 -1 0
    outer loop
      vertex 732.2 256 25
      vertex 729 256 28.2
      vertex 727.4 256 27.77128
    endloop
  endfacet
  facet normal 0 -1 0
    outer loop
      vertex 732.2 256 25
      vertex 727.4 256 27.77128
      vertex 726.2287 256 26.6
    endloop
  endfacet
  facet normal 0 -1 0
    outer loop
      vertex 732.2 256 25
      vertex 726.2287 256 26.6
      vertex 725.8 256 25
    endloop
  endfacet
  facet normal -0 -1 0
    outer loop
      vertex 732.2 256 25
      vertex 725.8 256 25
      vertex 726.2287 256 23.4
    endloop
  endfacet
  facet normal 0 -1 0
    outer loop
      vertex 732.2 256 25
      vertex 726.2287 256 23.4
      vertex 727.4 256 22.22872
    endloop
  endfacet
  facet normal 0 -1 0
    outer loop
      vertex 732.2 256 25
      vertex 727.4 256 22.22872
      vertex 729 256 21.8
    endloop
  endfacet
  facet normal 0 -1 0
    outer loop
      vertex 732.2 256 25
      vertex 729 256 21.8
      vertex 730.6 256 22.22872
    endloop
  endfacet
  facet normal 0 -1 0
    outer loop
      vertex 732.2 256 25
      vertex 730.6 256 22.22872
      vertex 731.7713 256 23.4
    endloop
  endfacet
  facet normal 0.9659258 0 0.258819
    outer loop
      vertex 732.2 261 25
      vertex 731.7713 261 26.6
      vertex 731.7713 256 26.6
    endloop
  endfacet
  facet normal 0.9659258 0 0.258819
    outer loop
      vertex 732.2 261 25
      vertex 731.7713 256 26.6
      vertex 732.2 256 25
    endloop
  endfacet
  facet normal 0.7071068 0 0.7071068
    outer loop
      vertex 731.7713 261 26.6
      vertex 730.6 261 27.77128
      vertex 730.6 256 27.77128
    endloop
  endfacet
  facet normal 0.7071068 0 0.7071068
    outer loop
      vertex 731.7713 261 26.6
      vertex 730.6 256 27.77128
      vertex 731.7713 256 26.6
    endloop
  endfacet
  facet normal 0.258819 0 0.9659258
    outer loop
      vertex 730.6 261 27.77128
      vertex 729 261 28.2
      vertex 729 256 28.2
    endloop
  endfacet
  facet normal 0.258819 0 0.9659258
    outer loop
      vertex 730.6 261 27.77128
      vertex 729 256 28.2
      vertex 730.6 256 27.77128
    endloop
  endfacet
  facet normal -0.258819 0 0.9659258
    outer loop
      vertex 729 261 28.2
      vertex 727.4 261 27.77128
      vertex 727.4 256 27.77128
    endloop
  endfacet
  facet normal -0.258819 0 0.9659258
    outer loop
      vertex 729 261 28.2
      vertex 727.4 256 27.77128
      vertex 729 256 28.2
    endloop
  endfacet
  facet normal -0.7071068 0 0.7071068
    outer loop
      vertex 727.4 261 27.77128
      vertex 726.2287 261 26.6
      vertex 726.2287 256 26.6
    endloop
  endfacet
  facet normal -0.7071068 0 0.7071068
    outer loop
      vertex 727.4 261 27.77128
      vertex 726.2287 256 26.6
      vertex 727.4 256 27.77128
    endloop
  endfacet
  facet normal -0.9659258 0 0.258819
    outer loop
      vertex 726.2287 261 26.6
      vertex 725.8 261 25
      vertex 725.8 256 25
    endloop
  endfacet
  facet normal -0.9659258 0 0.258819
    outer loop
      vertex 726.2287 261 26.6
      vertex 725.8 256 25
      vertex 726.2287 256 26.6
    endloop
  endfacet
  facet normal -0.9659258 0 -0.258819
    outer loop
      vertex 725.8 261 25
      vertex 726.2287 261 23.4
      vertex 726.2287 256 23.4
    endloop
  endfacet
  facet normal -0.9659258 -0 -0.258819
    outer loop
      vertex 725.8 261 25
      vertex 726.2287 256 23.4
      vertex 725.8 256 25
    endloop
  endfacet
  facet normal -0.7071068 0 -0.7071068
    outer loop
      vertex 726.2287 261 23.4
      vertex 727.4 261 22.22872
      vertex 727.4 256 22.22872
    endloop
  endfacet
  facet normal -0.7071068 -0 -0.7071068
    outer loop
      vertex 726.2287 261 23.4
      vertex 727.4 256 22.22872
      vertex 726.2287 256 23.4
    endloop
  endfacet
  facet normal -0.258819 0 -0.9659258
    outer loop
      vertex 727.4 261 22.22872
      vertex 729 261 21.8
      vertex 729 256 21.8
    endloop
  endfacet
  facet normal -0.258819 -0 -0.9659258
    outer loop
      vertex 727.4 261 22.22872
      vertex 729 256 21.8
      vertex 727.4 256 22.22872
    endloop
  endfacet
  facet normal 0.258819 0 -0.9659258
    outer loop
      vertex 729 261 21.8
      vertex 730.6 261 22.22872
      vertex 730.6 256 22.22872
    endloop
  endfacet
  facet normal 0.258819 0 -0.9659258
    outer loop
      vertex 729 261 21.8
      vertex 730.6 256 22.22872
      vertex 729 256 21.8
    endloop
  endfacet
  facet normal 0.7071068 0 -0.7071068
    outer loop
      vertex 730.6 261 22.22872
      vertex 731.7713 261 23.4
      vertex 731.7713 256 23.4
    endloop
  endfacet
  facet normal 0.7071068 0 -0.7071068
    outer loop
      vertex 730.6 261 22.22872
      vertex 731.7713 256 23.4
      vertex 730.6 256 22.22872
    endloop
  endfacet
  facet normal 0.9659258 0 -0.258819
    outer loop
      vertex 731.7713 261 23.4
      vertex 732.2 261 25
      vertex 732.2 256 25
    endloop
  endfacet
  facet normal 0.9659258 0 -0.258819
    outer loop
      vertex 731.7713 261 23.4
      vertex 732.2 256 25
      vertex 731.7713 256 23.4
    endloop
  endfacet
  facet normal 0 1 0
    outer loop
      vertex 731.7713 261 93.4
      vertex 730.6 261 92.22872
      vertex 729 261 91.8
    endloop
  endfacet
  facet normal 0 1 0
    outer loop
      vertex 731.7713 261 93.4
      vertex 729 261 91.8
      vertex 727.4 261 92.22872
    endloop
  endfacet
  facet normal 0 1 0
    outer loop
      vertex 731.7713 261 93.4
      vertex 727.4 261 92.22872
      vertex 726.2287 261 93.4
    endloop
  endfacet
  facet normal 0 1 0
    outer loop
      vertex 731.7713 261 93.4
      vertex 726.2287 261 93.4
      vertex 725.8 261 95
    endloop
  endfacet
  facet normal 0 1 0
    outer loop
      vertex 731.7713 261 93.4
      vertex 725.8 261 95
      vertex 726.2287 261 96.6
    endloop
  endfacet
  facet normal 0 1 0
    outer loop
      vertex 731.7713 261 93.4
      vertex 726.2287 261 96.6
      vertex 727.4 261 97.77128
    endloop
  endfacet
  facet normal 0 1 0
    outer loop
      vertex 731.7713 261 93.4
      vertex 727.4 261 97.77128
      vertex 729 261 98.2
    endloop
  endfacet
  facet normal 0 1 0
    outer loop
      vertex 731.7713 261 93.4
      vertex 729 261 98.2
      vertex 730.6 261 97.77128
    endloop
  endfacet
  facet normal 0 1 -0
    outer loop
      vertex 731.7713 261 93.4
      vertex 730.6 261 97.77128
      vertex 731.7713 261 96.6
    endloop
  endfacet
  facet normal 0 1 0
    outer loop
      vertex 731.7713 261 93.4
      vertex 731.7713 261 96.6
      vertex 732.2 261 95
    endloop
  endfacet
  facet normal 0 -1 0
    outer loop
      vertex 732.2 256 95
      vertex 731.7713 256 96.6
      vertex 730.6 256 97.77128
    endloop
  endfacet
  facet normal 0 -1 0
    outer loop
      vertex 732.2 256 95
      vertex 730.6 256 97.77128
      vertex 729 256 98.2
    endloop
  endfacet
  facet normal 0 -1 0
    outer loop
      vertex 732.2 256 95
      vertex 729 256 98.2
      vertex 727.4 256 97.77128
    endloop
  endfacet
  facet normal 0 -1 0
    outer loop
      vertex 732.2 256 95
      vertex 727.4 256 97.77128
      vertex 726.2287 256 96.6
    endloop
  endfacet
  facet normal 0 -1 0
    outer loop
      vertex 732.2 256 95
      vertex 726.2287 256 96.6
      vertex 725.8 256 95
    endloop
  endfacet
  facet normal -0 -1 0
    outer loop
      vertex 732.2 256 95
      vertex 725.8 256 95
      vertex 726.2287 256 93.4
    endloop
  endfacet
  facet normal 0 -1 0
    outer loop
      vertex 732.2 256 95
      vertex 726.2287 256 93.4
      vertex 727.4 256 92.22872
    endloop
  endfacet
  facet normal 0 -1 0
    outer loop
      vertex 732.2 256 95
      vertex 727.4 256 92.22872
      vertex 729 256 91.8
    endloop
  endfacet
  facet normal 0 -1 0
    outer loop
      vertex 732.2 256 95
      vertex 729 256 91.8
      vertex 730.6 256 92.22872
    endloop
  endfacet
  facet normal 0 -1 0
    outer loop
      vertex 732.2 256 95
      vertex 730.6 256 92.22872
      vertex 731.7713 256 93.4
    endloop
  endfacet
  facet normal 0.9659258 0 0.258819
    outer loop
      vertex 732.2 261 95
      vertex 731.7713 261 96.6
      vertex 731.7713 256 96.6
    endloop
  endfacet
  facet normal 0.9659258 0 0.258819
    outer loop
      vertex 732.2 261 95
      vertex 731.7713 256 96.6
      vertex 732.2 256 95
    endloop
  endfacet
  facet normal 0.7071068 0 0.7071068
    outer loop
      vertex 731.7713 261 96.6
      vertex 730.6 261 97.77128
      vertex 730.6 256 97.77128
    endloop
  endfacet
  facet normal 0.7071068 0 0.7071068
    outer loop
      vertex 731.7713 261 96.6
      vertex 730.6 256 97.77128
      vertex 731.7713 256 96.6
    endloop
  endfacet
  facet normal 0.258819 0 0.9659258
    outer loop
      vertex 730.6 261 97.77128
      vertex 729 261 98.2
      vertex 729 256 98.2
    endloop
  endfacet
  facet normal 0.258819 0 0.9659258
    outer loop
      vertex 730.6 261 97.77128
      vertex 729 256 98.2
      vertex 730.6 256 97.77128
    endloop
  endfacet
  facet normal -0.258819 0 0.9659258
    outer loop
      vertex 729 261 98.2
      vertex 727.4 261 97.77128
      vertex 727.4 256 97.77128
    endloop
  endfacet
  facet normal -0.258819 0 0.9659258
    outer loop
      vertex 729 261 98.2
      vertex 727.4 256 97.77128
      vertex 729 256 98.2
    endloop
  endfacet
  facet normal -0.7071068 0 0.7071068
    outer loop
      vertex 727.4 261 97.77128
      vertex 726.2287 261 96.6
      vertex 726.2287 256 96.6
    endloop
  endfacet
  facet normal -0.7071068 0 0.7071068
    outer loop
      vertex 727.4 261 97.77128
      vertex 726.2287 256 96.6
      vertex 727.4 256 97.77128
    endloop
  endfacet
  facet normal -0.9659258 0 0.258819
    outer loop
      vertex 726.2287 261 96.6
      vertex 725.8 261 95
      vertex 725.8 256 95
    endloop
  endfacet
  facet normal -0.9659258 0 0.258819
    outer loop
      vertex 726.2287 261 96.6
      vertex 725.8 256 95
      vertex 726.2287 256 96.6
    endloop
  endfacet
  facet normal -0.9659258 0 -0.258819
    outer loop
      vertex 725.8 261 95
      vertex 726.2287 261 93.4
      vertex 726.2287 256 93.4
    endloop
  endfacet
  facet normal -0.9659258 -0 -0.258819
    outer loop
      vertex 725.8 261 95
      vertex 726.2287 256 93.4
      vertex 725.8 256 95
    endloop
  endfacet
  facet normal -0.7071068 0 -0.7071068
    outer loop
      vertex 726.2287 261 93.4
      vertex 727.4 261 92.22872
      vertex 727.4 256 92.22872
    endloop
  endfacet
  facet normal -0.7071068 -0 -0.7071068
    outer loop
      vertex 726.2287 261 93.4
      vertex 727.4 256 92.22872
      vertex 726.2287 256 93.4
    endloop
  endfacet
  facet normal -0.258819 0 -0.9659258
    outer loop
      vertex 727.4 261 92.22872
      vertex 729 261 91.8
      vertex 729 256 91.8
    endloop
  endfacet
  facet normal -0.258819 -0 -0.9659258
    outer loop
      vertex 727.4 261 92.22872
      vertex 729 256 91.8
      vertex 727.4 256 92.22872
    endloop
  endfacet
  facet normal 0.258819 0 -0.9659258
    outer loop
      vertex 729 261 91.8
      vertex 730.6 261 92.22872
      vertex 730.6 256 92.22872
    endloop
  endfacet
  facet normal 0.258819 0 -0.9659258
    outer loop
      vertex 729 261 91.8
      vertex 730.6 256 92.22872
      vertex 729 256 91.8
    endloop
  endfacet
  facet normal 0.7071068 0 -0.7071068
    outer loop
      vertex 730.6 261 92.22872
      vertex 731.7713 261 93.4
      vertex 731.7713 256 93.4
    endloop
  endfacet
  facet normal 0.7071068 0 -0.7071068
    outer loop
      vertex 730.6 261 92.22872
      vertex 731.7713 256 93.4
      vertex 730.6 256 92.22872
    endloop
  endfacet
  facet normal 0.9659258 0 -0.258819
    outer loop
      vertex 731.7713 261 93.4
      vertex 732.2 261 95
      vertex 732.2 256 95
    endloop
  endfacet
  facet normal 0.9659258 0 -0.258819
    outer loop
      vertex 731.7713 261 93.4
      vertex 732.2 256 95
      vertex 731.7713 256 93.4
    endloop
  endfacet
  facet normal 0 0 -1
    outer loop
      vertex 520 117.5 126
      vertex 520 212.5 126
      vertex 750 212.5 126
    endloop
  endfacet
  facet normal 0 0 -1
    outer loop
      vertex 520 117.5 126
      vertex 750 212.5 126
      vertex 750 117.5 126
    endloop
  endfacet
  facet normal 0 0 1
    outer loop
      vertex 520 117.5 214
      vertex 750 117.5 214
      vertex 750 212.5 214
    endloop
  endfacet
  facet normal 0 0 1
    outer loop
      vertex 520 117.5 214
      vertex 750 212.5 214
      vertex 520 212.5 214
    endloop
  endfacet
  facet normal 0 -1 0
    outer loop
      vertex 520 117.5 126
      vertex 750 117.5 126
      vertex 750 117.5 214
    endloop
  endfacet
  facet normal 0 -1 0
    outer loop
      vertex 520 117.5 126
      vertex 750 117.5 214
      vertex 520 117.5 214
    endloop
  endfacet
  facet normal 1 0 0
    outer loop
      vertex 750 117.5 126
      vertex 750 212.5 126
      vertex 750 212.5 214
    endloop
  endfacet
  facet normal 1 0 0
    outer loop
      vertex 750 117.5 126
      vertex 750 212.5 214
      vertex 750 117.5 214
    endloop
  endfacet
  facet normal 0 1 0
    outer loop
      vertex 750 212.5 126
      vertex 520 212.5 126
      vertex 520 212.5 214
    endloop
  endfacet
  facet normal 0 1 -0
    outer loop
      vertex 750 212.5 126
      vertex 520 212.5 214
      vertex 750 212.5 214
    endloop
  endfacet
  facet normal -1 0 0
    outer loop
      vertex 520 212.5 126
      vertex 520 117.5 126
      vertex 520 117.5 214
    endloop
  endfacet
  facet normal -1 0 0
    outer loop
      vertex 520 212.5 126
      vertex 520 117.5 214
      vertex 520 212.5 214
    endloop
  endfacet
  facet normal 0 0 -1
    outer loop
      vertex 510 121 132
      vertex 510 209 132
      vertex 520 209 132
    endloop
  endfacet
  facet normal 0 0 -1
    outer loop
      vertex 510 121 132
      vertex 520 209 132
      vertex 520 121 132
    endloop
  endfacet
  facet normal 0 0 1
    outer loop
      vertex 510 121 208
      vertex 520 121 208
      vertex 520 209 208
    endloop
  endfacet
  facet normal 0 0 1
    outer loop
      vertex 510 121 208
      vertex 520 209 208
      vertex 510 209 208
    endloop
  endfacet
  facet normal 0 -1 0
    outer loop
      vertex 510 121 132
      vertex 520 121 132
      vertex 520 121 208
    endloop
  endfacet
  facet normal 0 -1 0
    outer loop
      vertex 510 121 132
      vertex 520 121 208
      vertex 510 121 208
    endloop
  endfacet
  facet normal 1 0 0
    outer loop
      vertex 520 121 132
      vertex 520 209 132
      vertex 520 209 208
    endloop
  endfacet
  facet normal 1 0 0
    outer loop
      vertex 520 121 132
      vertex 520 209 208
      vertex 520 121 208
    endloop
  endfacet
  facet normal 0 1 0
    outer loop
      vertex 520 209 132
      vertex 510 209 132
      vertex 510 209 208
    endloop
  endfacet
  facet normal 0 1 -0
    outer loop
      vertex 520 209 132
      vertex 510 209 208
      vertex 520 209 208
    endloop
  endfacet
  facet normal -1 0 0
    outer loop
      vertex 510 209 132
      vertex 510 121 132
      vertex 510 121 208
    endloop
  endfacet
  facet normal -1 0 0
    outer loop
      vertex 510 209 132
      vertex 510 121 208
      vertex 510 209 208
    endloop
  endfacet
  facet normal 0 0 -1
    outer loop
      vertex 531 163 212.5
      vertex 531 167 212.5
      vertex 741 167 212.5
    endloop
  endfacet
  facet normal 0 0 -1
    outer loop
      vertex 531 163 212.5
      vertex 741 167 212.5
      vertex 741 163 212.5
    endloop
  endfacet
  facet normal 0 0 1
    outer loop
      vertex 531 163 217.5
      vertex 741 163 217.5
      vertex 741 167 217.5
    endloop
  endfacet
  facet normal 0 0 1
    outer loop
      vertex 531 163 217.5
      vertex 741 167 217.5
      vertex 531 167 217.5
    endloop
  endfacet
  facet normal 0 -1 0
    outer loop
      vertex 531 163 212.5
      vertex 741 163 212.5
      vertex 741 163 217.5
    endloop
  endfacet
  facet normal 0 -1 0
    outer loop
      vertex 531 163 212.5
      vertex 741 163 217.5
      vertex 531 163 217.5
    endloop
  endfacet
  facet normal 1 0 0
    outer loop
      vertex 741 163 212.5
      vertex 741 167 212.5
      vertex 741 167 217.5
    endloop
  endfacet
  facet normal 1 0 0
    outer loop
      vertex 741 163 212.5
      vertex 741 167 217.5
      vertex 741 163 217.5
    endloop
  endfacet
  facet normal 0 1 0
    outer loop
      vertex 741 167 212.5
      vertex 531 167 212.5
      vertex 531 167 217.5
    endloop
  endfacet
  facet normal 0 1 -0
    outer loop
      vertex 741 167 212.5
      vertex 531 167 217.5
      vertex 741 167 217.5
    endloop
  endfacet
  facet normal -1 0 0
    outer loop
      vertex 531 167 212.5
      vertex 531 163 212.5
      vertex 531 163 217.5
    endloop
  endfacet
  facet normal -1 0 0
    outer loop
      vertex 531 167 212.5
      vertex 531 163 217.5
      vertex 531 167 217.5
    endloop
  endfacet
  facet normal 0 0 -1
    outer loop
      vertex 701 113.5 165.5
      vertex 701 118.5 165.5
      vertex 783 118.5 165.5
    endloop
  endfacet
  facet normal 0 0 -1
    outer loop
      vertex 701 113.5 165.5
      vertex 783 118.5 165.5
      vertex 783 113.5 165.5
    endloop
  endfacet
  facet normal 0 0 1
    outer loop
      vertex 701 113.5 190.5
      vertex 783 113.5 190.5
      vertex 783 118.5 190.5
    endloop
  endfacet
  facet normal 0 0 1
    outer loop
      vertex 701 113.5 190.5
      vertex 783 118.5 190.5
      vertex 701 118.5 190.5
    endloop
  endfacet
  facet normal 0 -1 0
    outer loop
      vertex 701 113.5 165.5
      vertex 783 113.5 165.5
      vertex 783 113.5 190.5
    endloop
  endfacet
  facet normal 0 -1 0
    outer loop
      vertex 701 113.5 165.5
      vertex 783 113.5 190.5
      vertex 701 113.5 190.5
    endloop
  endfacet
  facet normal 1 0 0
    outer loop
      vertex 783 113.5 165.5
      vertex 783 118.5 165.5
      vertex 783 118.5 190.5
    endloop
  endfacet
  facet normal 1 0 0
    outer loop
      vertex 783 113.5 165.5
      vertex 783 118.5 190.5
      vertex 783 113.5 190.5
    endloop
  endfacet
  facet normal 0 1 0
    outer loop
      vertex 783 118.5 165.5
      vertex 701 118.5 165.5
      vertex 701 118.5 190.5
    endloop
  endfacet
  facet normal 0 1 -0
    outer loop
      vertex 783 118.5 165.5
      vertex 701 118.5 190.5
      vertex 783 118.5 190.5
    endloop
  endfacet
  facet normal -1 0 0
    outer loop
      vertex 701 118.5 165.5
      vertex 701 113.5 165.5
      vertex 701 113.5 190.5
    endloop
  endfacet
  facet normal -1 0 0
    outer loop
      vertex 701 118.5 165.5
      vertex 701 113.5 190.5
      vertex 701 118.5 190.5
    endloop
  endfacet
  facet normal 0 1 0
    outer loop
      vertex 543.7713 114 133.4
      vertex 542.6 114 132.2287
      vertex 541 114 131.8
    endloop
  endfacet
  facet normal 0 1 0
    outer loop
      vertex 543.7713 114 133.4
      vertex 541 114 131.8
      vertex 539.4 114 132.2287
    endloop
  endfacet
  facet normal 0 1 0
    outer loop
      vertex 543.7713 114 133.4
      vertex 539.4 114 132.2287
      vertex 538.2287 114 133.4
    endloop
  endfacet
  facet normal 0 1 0
    outer loop
      vertex 543.7713 114 133.4
      vertex 538.2287 114 133.4
      vertex 537.8 114 135
    endloop
  endfacet
  facet normal 0 1 0
    outer loop
      vertex 543.7713 114 133.4
      vertex 537.8 114 135
      vertex 538.2287 114 136.6
    endloop
  endfacet
  facet normal 0 1 0
    outer loop
      vertex 543.7713 114 133.4
      vertex 538.2287 114 136.6
      vertex 539.4 114 137.7713
    endloop
  endfacet
  facet normal 0 1 0
    outer loop
      vertex 543.7713 114 133.4
      vertex 539.4 114 137.7713
      vertex 541 114 138.2
    endloop
  endfacet
  facet normal 0 1 0
    outer loop
      vertex 543.7713 114 133.4
      vertex 541 114 138.2
      vertex 542.6 114 137.7713
    endloop
  endfacet
  facet normal 0 1 -0
    outer loop
      vertex 543.7713 114 133.4
      vertex 542.6 114 137.7713
      vertex 543.7713 114 136.6
    endloop
  endfacet
  facet normal 0 1 0
    outer loop
      vertex 543.7713 114 133.4
      vertex 543.7713 114 136.6
      vertex 544.2 114 135
    endloop
  endfacet
  facet normal 0 -1 0
    outer loop
      vertex 544.2 109 135
      vertex 543.7713 109 136.6
      vertex 542.6 109 137.7713
    endloop
  endfacet
  facet normal 0 -1 0
    outer loop
      vertex 544.2 109 135
      vertex 542.6 109 137.7713
      vertex 541 109 138.2
    endloop
  endfacet
  facet normal 0 -1 0
    outer loop
      vertex 544.2 109 135
      vertex 541 109 138.2
      vertex 539.4 109 137.7713
    endloop
  endfacet
  facet normal 0 -1 0
    outer loop
      vertex 544.2 109 135
      vertex 539.4 109 137.7713
      vertex 538.2287 109 136.6
    endloop
  endfacet
  facet normal 0 -1 0
    outer loop
      vertex 544.2 109 135
      vertex 538.2287 109 136.6
      vertex 537.8 109 135
    endloop
  endfacet
  facet normal -0 -1 0
    outer loop
      vertex 544.2 109 135
      vertex 537.8 109 135
      vertex 538.2287 109 133.4
    endloop
  endfacet
  facet normal 0 -1 0
    outer loop
      vertex 544.2 109 135
      vertex 538.2287 109 133.4
      vertex 539.4 109 132.2287
    endloop
  endfacet
  facet normal 0 -1 0
    outer loop
      vertex 544.2 109 135
      vertex 539.4 109 132.2287
      vertex 541 109 131.8
    endloop
  endfacet
  facet normal 0 -1 0
    outer loop
      vertex 544.2 109 135
      vertex 541 109 131.8
      vertex 542.6 109 132.2287
    endloop
  endfacet
  facet normal 0 -1 0
    outer loop
      vertex 544.2 109 135
      vertex 542.6 109 132.2287
      vertex 543.7713 109 133.4
    endloop
  endfacet
  facet normal 0.9659258 0 0.258819
    outer loop
      vertex 544.2 114 135
      vertex 543.7713 114 136.6
      vertex 543.7713 109 136.6
    endloop
  endfacet
  facet normal 0.9659258 0 0.258819
    outer loop
      vertex 544.2 114 135
      vertex 543.7713 109 136.6
      vertex 544.2 109 135
    endloop
  endfacet
  facet normal 0.7071068 0 0.7071068
    outer loop
      vertex 543.7713 114 136.6
      vertex 542.6 114 137.7713
      vertex 542.6 109 137.7713
    endloop
  endfacet
  facet normal 0.7071068 0 0.7071068
    outer loop
      vertex 543.7713 114 136.6
      vertex 542.6 109 137.7713
      vertex 543.7713 109 136.6
    endloop
  endfacet
  facet normal 0.258819 0 0.9659258
    outer loop
      vertex 542.6 114 137.7713
      vertex 541 114 138.2
      vertex 541 109 138.2
    endloop
  endfacet
  facet normal 0.258819 0 0.9659258
    outer loop
      vertex 542.6 114 137.7713
      vertex 541 109 138.2
      vertex 542.6 109 137.7713
    endloop
  endfacet
  facet normal -0.258819 0 0.9659258
    outer loop
      vertex 541 114 138.2
      vertex 539.4 114 137.7713
      vertex 539.4 109 137.7713
    endloop
  endfacet
  facet normal -0.258819 0 0.9659258
    outer loop
      vertex 541 114 138.2
      vertex 539.4 109 137.7713
      vertex 541 109 138.2
    endloop
  endfacet
  facet normal -0.7071068 0 0.7071068
    outer loop
      vertex 539.4 114 137.7713
      vertex 538.2287 114 136.6
      vertex 538.2287 109 136.6
    endloop
  endfacet
  facet normal -0.7071068 0 0.7071068
    outer loop
      vertex 539.4 114 137.7713
      vertex 538.2287 109 136.6
      vertex 539.4 109 137.7713
    endloop
  endfacet
  facet normal -0.9659258 0 0.258819
    outer loop
      vertex 538.2287 114 136.6
      vertex 537.8 114 135
      vertex 537.8 109 135
    endloop
  endfacet
  facet normal -0.9659258 0 0.258819
    outer loop
      vertex 538.2287 114 136.6
      vertex 537.8 109 135
      vertex 538.2287 109 136.6
    endloop
  endfacet
  facet normal -0.9659258 0 -0.258819
    outer loop
      vertex 537.8 114 135
      vertex 538.2287 114 133.4
      vertex 538.2287 109 133.4
    endloop
  endfacet
  facet normal -0.9659258 -0 -0.258819
    outer loop
      vertex 537.8 114 135
      vertex 538.2287 109 133.4
      vertex 537.8 109 135
    endloop
  endfacet
  facet normal -0.7071068 0 -0.7071068
    outer loop
      vertex 538.2287 114 133.4
      vertex 539.4 114 132.2287
      vertex 539.4 109 132.2287
    endloop
  endfacet
  facet normal -0.7071068 -0 -0.7071068
    outer loop
      vertex 538.2287 114 133.4
      vertex 539.4 109 132.2287
      vertex 538.2287 109 133.4
    endloop
  endfacet
  facet normal -0.258819 0 -0.9659258
    outer loop
      vertex 539.4 114 132.2287
      vertex 541 114 131.8
      vertex 541 109 131.8
    endloop
  endfacet
  facet normal -0.258819 -0 -0.9659258
    outer loop
      vertex 539.4 114 132.2287
      vertex 541 109 131.8
      vertex 539.4 109 132.2287
    endloop
  endfacet
  facet normal 0.258819 0 -0.9659258
    outer loop
      vertex 541 114 131.8
      vertex 542.6 114 132.2287
      vertex 542.6 109 132.2287
    endloop
  endfacet
  facet normal 0.258819 0 -0.9659258
    outer loop
      vertex 541 114 131.8
      vertex 542.6 109 132.2287
      vertex 541 109 131.8
    endloop
  endfacet
  facet normal 0.7071068 0 -0.7071068
    outer loop
      vertex 542.6 114 132.2287
      vertex 543.7713 114 133.4
      vertex 543.7713 109 133.4
    endloop
  endfacet
  facet normal 0.7071068 0 -0.7071068
    outer loop
      vertex 542.6 114 132.2287
      vertex 543.7713 109 133.4
      vertex 542.6 109 132.2287
    endloop
  endfacet
  facet normal 0.9659258 0 -0.258819
    outer loop
      vertex 543.7713 114 133.4
      vertex 544.2 114 135
      vertex 544.2 109 135
    endloop
  endfacet
  facet normal 0.9659258 0 -0.258819
    outer loop
      vertex 543.7713 114 133.4
      vertex 544.2 109 135
      vertex 543.7713 109 133.4
    endloop
  endfacet
  facet normal 0 1 0
    outer loop
      vertex 543.7713 114 203.4
      vertex 542.6 114 202.2287
      vertex 541 114 201.8
    endloop
  endfacet
  facet normal 0 1 0
    outer loop
      vertex 543.7713 114 203.4
      vertex 541 114 201.8
      vertex 539.4 114 202.2287
    endloop
  endfacet
  facet normal 0 1 0
    outer loop
      vertex 543.7713 114 203.4
      vertex 539.4 114 202.2287
      vertex 538.2287 114 203.4
    endloop
  endfacet
  facet normal 0 1 0
    outer loop
      vertex 543.7713 114 203.4
      vertex 538.2287 114 203.4
      vertex 537.8 114 205
    endloop
  endfacet
  facet normal 0 1 0
    outer loop
      vertex 543.7713 114 203.4
      vertex 537.8 114 205
      vertex 538.2287 114 206.6
    endloop
  endfacet
  facet normal 0 1 0
    outer loop
      vertex 543.7713 114 203.4
      vertex 538.2287 114 206.6
      vertex 539.4 114 207.7713
    endloop
  endfacet
  facet normal 0 1 0
    outer loop
      vertex 543.7713 114 203.4
      vertex 539.4 114 207.7713
      vertex 541 114 208.2
    endloop
  endfacet
  facet normal 0 1 0
    outer loop
      vertex 543.7713 114 203.4
      vertex 541 114 208.2
      vertex 542.6 114 207.7713
    endloop
  endfacet
  facet normal 0 1 -0
    outer loop
      vertex 543.7713 114 203.4
      vertex 542.6 114 207.7713
      vertex 543.7713 114 206.6
    endloop
  endfacet
  facet normal 0 1 0
    outer loop
      vertex 543.7713 114 203.4
      vertex 543.7713 114 206.6
      vertex 544.2 114 205
    endloop
  endfacet
  facet normal 0 -1 0
    outer loop
      vertex 544.2 109 205
      vertex 543.7713 109 206.6
      vertex 542.6 109 207.7713
    endloop
  endfacet
  facet normal 0 -1 0
    outer loop
      vertex 544.2 109 205
      vertex 542.6 109 207.7713
      vertex 541 109 208.2
    endloop
  endfacet
  facet normal 0 -1 0
    outer loop
      vertex 544.2 109 205
      vertex 541 109 208.2
      vertex 539.4 109 207.7713
    endloop
  endfacet
  facet normal 0 -1 0
    outer loop
      vertex 544.2 109 205
      vertex 539.4 109 207.7713
      vertex 538.2287 109 206.6
    endloop
  endfacet
  facet normal 0 -1 0
    outer loop
      vertex 544.2 109 205
      vertex 538.2287 109 206.6
      vertex 537.8 109 205
    endloop
  endfacet
  facet normal -0 -1 0
    outer loop
      vertex 544.2 109 205
      vertex 537.8 109 205
      vertex 538.2287 109 203.4
    endloop
  endfacet
  facet normal 0 -1 0
    outer loop
      vertex 544.2 109 205
      vertex 538.2287 109 203.4
      vertex 539.4 109 202.2287
    endloop
  endfacet
  facet normal 0 -1 0
    outer loop
      vertex 544.2 109 205
      vertex 539.4 109 202.2287
      vertex 541 109 201.8
    endloop
  endfacet
  facet normal 0 -1 0
    outer loop
      vertex 544.2 109 205
      vertex 541 109 201.8
      vertex 542.6 109 202.2287
    endloop
  endfacet
  facet normal 0 -1 0
    outer loop
      vertex 544.2 109 205
      vertex 542.6 109 202.2287
      vertex 543.7713 109 203.4
    endloop
  endfacet
  facet normal 0.9659258 0 0.258819
    outer loop
      vertex 544.2 114 205
      vertex 543.7713 114 206.6
      vertex 543.7713 109 206.6
    endloop
  endfacet
  facet normal 0.9659258 0 0.258819
    outer loop
      vertex 544.2 114 205
      vertex 543.7713 109 206.6
      vertex 544.2 109 205
    endloop
  endfacet
  facet normal 0.7071068 0 0.7071068
    outer loop
      vertex 543.7713 114 206.6
      vertex 542.6 114 207.7713
      vertex 542.6 109 207.7713
    endloop
  endfacet
  facet normal 0.7071068 0 0.7071068
    outer loop
      vertex 543.7713 114 206.6
      vertex 542.6 109 207.7713
      vertex 543.7713 109 206.6
    endloop
  endfacet
  facet normal 0.258819 0 0.9659258
    outer loop
      vertex 542.6 114 207.7713
      vertex 541 114 208.2
      vertex 541 109 208.2
    endloop
  endfacet
  facet normal 0.258819 0 0.9659258
    outer loop
      vertex 542.6 114 207.7713
      vertex 541 109 208.2
      vertex 542.6 109 207.7713
    endloop
  endfacet
  facet normal -0.258819 0 0.9659258
    outer loop
      vertex 541 114 208.2
      vertex 539.4 114 207.7713
      vertex 539.4 109 207.7713
    endloop
  endfacet
  facet normal -0.258819 0 0.9659258
    outer loop
      vertex 541 114 208.2
      vertex 539.4 109 207.7713
      vertex 541 109 208.2
    endloop
  endfacet
  facet normal -0.7071068 0 0.7071068
    outer loop
      vertex 539.4 114 207.7713
      vertex 538.2287 114 206.6
      vertex 538.2287 109 206.6
    endloop
  endfacet
  facet normal -0.7071068 0 0.7071068
    outer loop
      vertex 539.4 114 207.7713
      vertex 538.2287 109 206.6
      vertex 539.4 109 207.7713
    endloop
  endfacet
  facet normal -0.9659258 0 0.258819
    outer loop
      vertex 538.2287 114 206.6
      vertex 537.8 114 205
      vertex 537.8 109 205
    endloop
  endfacet
  facet normal -0.9659258 0 0.258819
    outer loop
      vertex 538.2287 114 206.6
      vertex 537.8 109 205
      vertex 538.2287 109 206.6
    endloop
  endfacet
  facet normal -0.9659258 0 -0.258819
    outer loop
      vertex 537.8 114 205
      vertex 538.2287 114 203.4
      vertex 538.2287 109 203.4
    endloop
  endfacet
  facet normal -0.9659258 -0 -0.258819
    outer loop
      vertex 537.8 114 205
      vertex 538.2287 109 203.4
      vertex 537.8 109 205
    endloop
  endfacet
  facet normal -0.7071068 0 -0.7071068
    outer loop
      vertex 538.2287 114 203.4
      vertex 539.4 114 202.2287
      vertex 539.4 109 202.2287
    endloop
  endfacet
  facet normal -0.7071068 -0 -0.7071068
    outer loop
      vertex 538.2287 114 203.4
      vertex 539.4 109 202.2287
      vertex 538.2287 109 203.4
    endloop
  endfacet
  facet normal -0.258819 0 -0.9659258
    outer loop
      vertex 539.4 114 202.2287
      vertex 541 114 201.8
      vertex 541 109 201.8
    endloop
  endfacet
  facet normal -0.258819 -0 -0.9659258
    outer loop
      vertex 539.4 114 202.2287
      vertex 541 109 201.8
      vertex 539.4 109 202.2287
    endloop
  endfacet
  facet normal 0.258819 0 -0.9659258
    outer loop
      vertex 541 114 201.8
      vertex 542.6 114 202.2287
      vertex 542.6 109 202.2287
    endloop
  endfacet
  facet normal 0.258819 0 -0.9659258
    outer loop
      vertex 541 114 201.8
      vertex 542.6 109 202.2287
      vertex 541 109 201.8
    endloop
  endfacet
  facet normal 0.7071068 0 -0.7071068
    outer loop
      vertex 542.6 114 202.2287
      vertex 543.7713 114 203.4
      vertex 543.7713 109 203.4
    endloop
  endfacet
  facet normal 0.7071068 0 -0.7071068
    outer loop
      vertex 542.6 114 202.2287
      vertex 543.7713 109 203.4
      vertex 542.6 109 202.2287
    endloop
  endfacet
  facet normal 0.9659258 0 -0.258819
    outer loop
      vertex 543.7713 114 203.4
      vertex 544.2 114 205
      vertex 544.2 109 205
    endloop
  endfacet
  facet normal 0.9659258 0 -0.258819
    outer loop
      vertex 543.7713 114 203.4
      vertex 544.2 109 205
      vertex 543.7713 109 203.4
    endloop
  endfacet
  facet normal 0 1 0
    outer loop
      vertex 731.7713 114 133.4
      vertex 730.6 114 132.2287
      vertex 729 114 131.8
    endloop
  endfacet
  facet normal 0 1 0
    outer loop
      vertex 731.7713 114 133.4
      vertex 729 114 131.8
      vertex 727.4 114 132.2287
    endloop
  endfacet
  facet normal 0 1 0
    outer loop
      vertex 731.7713 114 133.4
      vertex 727.4 114 132.2287
      vertex 726.2287 114 133.4
    endloop
  endfacet
  facet normal 0 1 0
    outer loop
      vertex 731.7713 114 133.4
      vertex 726.2287 114 133.4
      vertex 725.8 114 135
    endloop
  endfacet
  facet normal 0 1 0
    outer loop
      vertex 731.7713 114 133.4
      vertex 725.8 114 135
      vertex 726.2287 114 136.6
    endloop
  endfacet
  facet normal 0 1 0
    outer loop
      vertex 731.7713 114 133.4
      vertex 726.2287 114 136.6
      vertex 727.4 114 137.7713
    endloop
  endfacet
  facet normal 0 1 0
    outer loop
      vertex 731.7713 114 133.4
      vertex 727.4 114 137.7713
      vertex 729 114 138.2
    endloop
  endfacet
  facet normal 0 1 0
    outer loop
      vertex 731.7713 114 133.4
      vertex 729 114 138.2
      vertex 730.6 114 137.7713
    endloop
  endfacet
  facet normal 0 1 -0
    outer loop
      vertex 731.7713 114 133.4
      vertex 730.6 114 137.7713
      vertex 731.7713 114 136.6
    endloop
  endfacet
  facet normal 0 1 0
    outer loop
      vertex 731.7713 114 133.4
      vertex 731.7713 114 136.6
      vertex 732.2 114 135
    endloop
  endfacet
  facet normal 0 -1 0
    outer loop
      vertex 732.2 109 135
      vertex 731.7713 109 136.6
      vertex 730.6 109 137.7713
    endloop
  endfacet
  facet normal 0 -1 0
    outer loop
      vertex 732.2 109 135
      vertex 730.6 109 137.7713
      vertex 729 109 138.2
    endloop
  endfacet
  facet normal 0 -1 0
    outer loop
      vertex 732.2 109 135
      vertex 729 109 138.2
      vertex 727.4 109 137.7713
    endloop
  endfacet
  facet normal 0 -1 0
    outer loop
      vertex 732.2 109 135
      vertex 727.4 109 137.7713
      vertex 726.2287 109 136.6
    endloop
  endfacet
  facet normal 0 -1 0
    outer loop
      vertex 732.2 109 135
      vertex 726.2287 109 136.6
      vertex 725.8 109 135
    endloop
  endfacet
  facet normal -0 -1 0
    outer loop
      vertex 732.2 109 135
      vertex 725.8 109 135
      vertex 726.2287 109 133.4
    endloop
  endfacet
  facet normal 0 -1 0
    outer loop
      vertex 732.2 109 135
      vertex 726.2287 109 133.4
      vertex 727.4 109 132.2287
    endloop
  endfacet
  facet normal 0 -1 0
    outer loop
      vertex 732.2 109 135
      vertex 727.4 109 132.2287
      vertex 729 109 131.8
    endloop
  endfacet
  facet normal 0 -1 0
    outer loop
      vertex 732.2 109 135
      vertex 729 109 131.8
      vertex 730.6 109 132.2287
    endloop
  endfacet
  facet normal 0 -1 0
    outer loop
      vertex 732.2 109 135
      vertex 730.6 109 132.2287
      vertex 731.7713 109 133.4
    endloop
  endfacet
  facet normal 0.9659258 0 0.258819
    outer loop
      vertex 732.2 114 135
      vertex 731.7713 114 136.6
      vertex 731.7713 109 136.6
    endloop
  endfacet
  facet normal 0.9659258 0 0.258819
    outer loop
      vertex 732.2 114 135
      vertex 731.7713 109 136.6
      vertex 732.2 109 135
    endloop
  endfacet
  facet normal 0.7071068 0 0.7071068
    outer loop
      vertex 731.7713 114 136.6
      vertex 730.6 114 137.7713
      vertex 730.6 109 137.7713
    endloop
  endfacet
  facet normal 0.7071068 0 0.7071068
    outer loop
      vertex 731.7713 114 136.6
      vertex 730.6 109 137.7713
      vertex 731.7713 109 136.6
    endloop
  endfacet
  facet normal 0.258819 0 0.9659258
    outer loop
      vertex 730.6 114 137.7713
      vertex 729 114 138.2
      vertex 729 109 138.2
    endloop
  endfacet
  facet normal 0.258819 0 0.9659258
    outer loop
      vertex 730.6 114 137.7713
      vertex 729 109 138.2
      vertex 730.6 109 137.7713
    endloop
  endfacet
  facet normal -0.258819 0 0.9659258
    outer loop
      vertex 729 114 138.2
      vertex 727.4 114 137.7713
      vertex 727.4 109 137.7713
    endloop
  endfacet
  facet normal -0.258819 0 0.9659258
    outer loop
      vertex 729 114 138.2
      vertex 727.4 109 137.7713
      vertex 729 109 138.2
    endloop
  endfacet
  facet normal -0.7071068 0 0.7071068
    outer loop
      vertex 727.4 114 137.7713
      vertex 726.2287 114 136.6
      vertex 726.2287 109 136.6
    endloop
  endfacet
  facet normal -0.7071068 0 0.7071068
    outer loop
      vertex 727.4 114 137.7713
      vertex 726.2287 109 136.6
      vertex 727.4 109 137.7713
    endloop
  endfacet
  facet normal -0.9659258 0 0.258819
    outer loop
      vertex 726.2287 114 136.6
      vertex 725.8 114 135
      vertex 725.8 109 135
    endloop
  endfacet
  facet normal -0.9659258 0 0.258819
    outer loop
      vertex 726.2287 114 136.6
      vertex 725.8 109 135
      vertex 726.2287 109 136.6
    endloop
  endfacet
  facet normal -0.9659258 0 -0.258819
    outer loop
      vertex 725.8 114 135
      vertex 726.2287 114 133.4
      vertex 726.2287 109 133.4
    endloop
  endfacet
  facet normal -0.9659258 -0 -0.258819
    outer loop
      vertex 725.8 114 135
      vertex 726.2287 109 133.4
      vertex 725.8 109 135
    endloop
  endfacet
  facet normal -0.7071068 0 -0.7071068
    outer loop
      vertex 726.2287 114 133.4
      vertex 727.4 114 132.2287
      vertex 727.4 109 132.2287
    endloop
  endfacet
  facet normal -0.7071068 -0 -0.7071068
    outer loop
      vertex 726.2287 114 133.4
      vertex 727.4 109 132.2287
      vertex 726.2287 109 133.4
    endloop
  endfacet
  facet normal -0.258819 0 -0.9659258
    outer loop
      vertex 727.4 114 132.2287
      vertex 729 114 131.8
      vertex 729 109 131.8
    endloop
  endfacet
  facet normal -0.258819 -0 -0.9659258
    outer loop
      vertex 727.4 114 132.2287
      vertex 729 109 131.8
      vertex 727.4 109 132.2287
    endloop
  endfacet
  facet normal 0.258819 0 -0.9659258
    outer loop
      vertex 729 114 131.8
      vertex 730.6 114 132.2287
      vertex 730.6 109 132.2287
    endloop
  endfacet
  facet normal 0.258819 0 -0.9659258
    outer loop
      vertex 729 114 131.8
      vertex 730.6 109 132.2287
      vertex 729 109 131.8
    endloop
  endfacet
  facet normal 0.7071068 0 -0.7071068
    outer loop
      vertex 730.6 114 132.2287
      vertex 731.7713 114 133.4
      vertex 731.7713 109 133.4
    endloop
  endfacet
  facet normal 0.7071068 0 -0.7071068
    outer loop
      vertex 730.6 114 132.2287
      vertex 731.7713 109 133.4
      vertex 730.6 109 132.2287
    endloop
  endfacet
  facet normal 0.9659258 0 -0.258819
    outer loop
      vertex 731.7713 114 133.4
      vertex 732.2 114 135
      vertex 732.2 109 135
    endloop
  endfacet
  facet normal 0.9659258 0 -0.258819
    outer loop
      vertex 731.7713 114 133.4
      vertex 732.2 109 135
      vertex 731.7713 109 133.4
    endloop
  endfacet
  facet normal 0 1 0
    outer loop
      vertex 731.7713 114 203.4
      vertex 730.6 114 202.2287
      vertex 729 114 201.8
    endloop
  endfacet
  facet normal 0 1 0
    outer loop
      vertex 731.7713 114 203.4
      vertex 729 114 201.8
      vertex 727.4 114 202.2287
    endloop
  endfacet
  facet normal 0 1 0
    outer loop
      vertex 731.7713 114 203.4
      vertex 727.4 114 202.2287
      vertex 726.2287 114 203.4
    endloop
  endfacet
  facet normal 0 1 0
    outer loop
      vertex 731.7713 114 203.4
      vertex 726.2287 114 203.4
      vertex 725.8 114 205
    endloop
  endfacet
  facet normal 0 1 0
    outer loop
      vertex 731.7713 114 203.4
      vertex 725.8 114 205
      vertex 726.2287 114 206.6
    endloop
  endfacet
  facet normal 0 1 0
    outer loop
      vertex 731.7713 114 203.4
      vertex 726.2287 114 206.6
      vertex 727.4 114 207.7713
    endloop
  endfacet
  facet normal 0 1 0
    outer loop
      vertex 731.7713 114 203.4
      vertex 727.4 114 207.7713
      vertex 729 114 208.2
    endloop
  endfacet
  facet normal 0 1 0
    outer loop
      vertex 731.7713 114 203.4
      vertex 729 114 208.2
      vertex 730.6 114 207.7713
    endloop
  endfacet
  facet normal 0 1 -0
    outer loop
      vertex 731.7713 114 203.4
      vertex 730.6 114 207.7713
      vertex 731.7713 114 206.6
    endloop
  endfacet
  facet normal 0 1 0
    outer loop
      vertex 731.7713 114 203.4
      vertex 731.7713 114 206.6
      vertex 732.2 114 205
    endloop
  endfacet
  facet normal 0 -1 0
    outer loop
      vertex 732.2 109 205
      vertex 731.7713 109 206.6
      vertex 730.6 109 207.7713
    endloop
  endfacet
  facet normal 0 -1 0
    outer loop
      vertex 732.2 109 205
      vertex 730.6 109 207.7713
      vertex 729 109 208.2
    endloop
  endfacet
  facet normal 0 -1 0
    outer loop
      vertex 732.2 109 205
      vertex 729 109 208.2
      vertex 727.4 109 207.7713
    endloop
  endfacet
  facet normal 0 -1 0
    outer loop
      vertex 732.2 109 205
      vertex 727.4 109 207.7713
      vertex 726.2287 109 206.6
    endloop
  endfacet
  facet normal 0 -1 0
    outer loop
      vertex 732.2 109 205
      vertex 726.2287 109 206.6
      vertex 725.8 109 205
    endloop
  endfacet
  facet normal -0 -1 0
    outer loop
      vertex 732.2 109 205
      vertex 725.8 109 205
      vertex 726.2287 109 203.4
    endloop
  endfacet
  facet normal 0 -1 0
    outer loop
      vertex 732.2 109 205
      vertex 726.2287 109 203.4
      vertex 727.4 109 202.2287
    endloop
  endfacet
  facet normal 0 -1 0
    outer loop
      vertex 732.2 109 205
      vertex 727.4 109 202.2287
      vertex 729 109 201.8
    endloop
  endfacet
  facet normal 0 -1 0
    outer loop
      vertex 732.2 109 205
      vertex 729 109 201.8
      vertex 730.6 109 202.2287
    endloop
  endfacet
  facet normal 0 -1 0
    outer loop
      vertex 732.2 109 205
      vertex 730.6 109 202.2287
      vertex 731.7713 109 203.4
    endloop
  endfacet
  facet normal 0.9659258 0 0.258819
    outer loop
      vertex 732.2 114 205
      vertex 731.7713 114 206.6
      vertex 731.7713 109 206.6
    endloop
  endfacet
  facet normal 0.9659258 0 0.258819
    outer loop
      vertex 732.2 114 205
      vertex 731.7713 109 206.6
      vertex 732.2 109 205
    endloop
  endfacet
  facet normal 0.7071068 0 0.7071068
    outer loop
      vertex 731.7713 114 206.6
      vertex 730.6 114 207.7713
      vertex 730.6 109 207.7713
    endloop
  endfacet
  facet normal 0.7071068 0 0.7071068
    outer loop
      vertex 731.7713 114 206.6
      vertex 730.6 109 207.7713
      vertex 731.7713 109 206.6
    endloop
  endfacet
  facet normal 0.258819 0 0.9659258
    outer loop
      vertex 730.6 114 207.7713
      vertex 729 114 208.2
      vertex 729 109 208.2
    endloop
  endfacet
  facet normal 0.258819 0 0.9659258
    outer loop
      vertex 730.6 114 207.7713
      vertex 729 109 208.2
      vertex 730.6 109 207.7713
    endloop
  endfacet
  facet normal -0.258819 0 0.9659258
    outer loop
      vertex 729 114 208.2
      vertex 727.4 114 207.7713
      vertex 727.4 109 207.7713
    endloop
  endfacet
  facet normal -0.258819 0 0.9659258
    outer loop
      vertex 729 114 208.2
      vertex 727.4 109 207.7713
      vertex 729 109 208.2
    endloop
  endfacet
  facet normal -0.7071068 0 0.7071068
    outer loop
      vertex 727.4 114 207.7713
      vertex 726.2287 114 206.6
      vertex 726.2287 109 206.6
    endloop
  endfacet
  facet normal -0.7071068 0 0.7071068
    outer loop
      vertex 727.4 114 207.7713
      vertex 726.2287 109 206.6
      vertex 727.4 109 207.7713
    endloop
  endfacet
  facet normal -0.9659258 0 0.258819
    outer loop
      vertex 726.2287 114 206.6
      vertex 725.8 114 205
      vertex 725.8 109 205
    endloop
  endfacet
  facet normal -0.9659258 0 0.258819
    outer loop
      vertex 726.2287 114 206.6
      vertex 725.8 109 205
      vertex 726.2287 109 206.6
    endloop
  endfacet
  facet normal -0.9659258 0 -0.258819
    outer loop
      vertex 725.8 114 205
      vertex 726.2287 114 203.4
      vertex 726.2287 109 203.4
    endloop
  endfacet
  facet normal -0.9659258 -0 -0.258819
    outer loop
      vertex 725.8 114 205
      vertex 726.2287 109 203.4
      vertex 725.8 109 205
    endloop
  endfacet
  facet normal -0.7071068 0 -0.7071068
    outer loop
      vertex 726.2287 114 203.4
      vertex 727.4 114 202.2287
      vertex 727.4 109 202.2287
    endloop
  endfacet
  facet normal -0.7071068 -0 -0.7071068
    outer loop
      vertex 726.2287 114 203.4
      vertex 727.4 109 202.2287
      vertex 726.2287 109 203.4
    endloop
  endfacet
  facet normal -0.258819 0 -0.9659258
    outer loop
      vertex 727.4 114 202.2287
      vertex 729 114 201.8
      vertex 729 109 201.8
    endloop
  endfacet
  facet normal -0.258819 -0 -0.9659258
    outer loop
      vertex 727.4 114 202.2287
      vertex 729 109 201.8
      vertex 727.4 109 202.2287
    endloop
  endfacet
  facet normal 0.258819 0 -0.9659258
    outer loop
      vertex 729 114 201.8
      vertex 730.6 114 202.2287
      vertex 730.6 109 202.2287
    endloop
  endfacet
  facet normal 0.258819 0 -0.9659258
    outer loop
      vertex 729 114 201.8
      vertex 730.6 109 202.2287
      vertex 729 109 201.8
    endloop
  endfacet
  facet normal 0.7071068 0 -0.7071068
    outer loop
      vertex 730.6 114 202.2287
      vertex 731.7713 114 203.4
      vertex 731.7713 109 203.4
    endloop
  endfacet
  facet normal 0.7071068 0 -0.7071068
    outer loop
      vertex 730.6 114 202.2287
      vertex 731.7713 109 203.4
      vertex 730.6 109 202.2287
    endloop
  endfacet
  facet normal 0.9659258 0 -0.258819
    outer loop
      vertex 731.7713 114 203.4
      vertex 732.2 114 205
      vertex 732.2 109 205
    endloop
  endfacet
  facet normal 0.9659258 0 -0.258819
    outer loop
      vertex 731.7713 114 203.4
      vertex 732.2 109 205
      vertex 731.7713 109 203.4
    endloop
  endfacet
  facet normal 0 0 -1
    outer loop
      vertex 520 264.5 126
      vertex 520 359.5 126
      vertex 750 359.5 126
    endloop
  endfacet
  facet normal 0 0 -1
    outer loop
      vertex 520 264.5 126
      vertex 750 359.5 126
      vertex 750 264.5 126
    endloop
  endfacet
  facet normal 0 0 1
    outer loop
      vertex 520 264.5 214
      vertex 750 264.5 214
      vertex 750 359.5 214
    endloop
  endfacet
  facet normal 0 0 1
    outer loop
      vertex 520 264.5 214
      vertex 750 359.5 214
      vertex 520 359.5 214
    endloop
  endfacet
  facet normal 0 -1 0
    outer loop
      vertex 520 264.5 126
      vertex 750 264.5 126
      vertex 750 264.5 214
    endloop
  endfacet
  facet normal 0 -1 0
    outer loop
      vertex 520 264.5 126
      vertex 750 264.5 214
      vertex 520 264.5 214
    endloop
  endfacet
  facet normal 1 0 0
    outer loop
      vertex 750 264.5 126
      vertex 750 359.5 126
      vertex 750 359.5 214
    endloop
  endfacet
  facet normal 1 0 0
    outer loop
      vertex 750 264.5 126
      vertex 750 359.5 214
      vertex 750 264.5 214
    endloop
  endfacet
  facet normal 0 1 0
    outer loop
      vertex 750 359.5 126
      vertex 520 359.5 126
      vertex 520 359.5 214
    endloop
  endfacet
  facet normal 0 1 -0
    outer loop
      vertex 750 359.5 126
      vertex 520 359.5 214
      vertex 750 359.5 214
    endloop
  endfacet
  facet normal -1 0 0
    outer loop
      vertex 520 359.5 126
      vertex 520 264.5 126
      vertex 520 264.5 214
    endloop
  endfacet
  facet normal -1 0 0
    outer loop
      vertex 520 359.5 126
      vertex 520 264.5 214
      vertex 520 359.5 214
    endloop
  endfacet
  facet normal 0 0 -1
    outer loop
      vertex 510 268 132
      vertex 510 356 132
      vertex 520 356 132
    endloop
  endfacet
  facet normal 0 0 -1
    outer loop
      vertex 510 268 132
      vertex 520 356 132
      vertex 520 268 132
    endloop
  endfacet
  facet normal 0 0 1
    outer loop
      vertex 510 268 208
      vertex 520 268 208
      vertex 520 356 208
    endloop
  endfacet
  facet normal 0 0 1
    outer loop
      vertex 510 268 208
      vertex 520 356 208
      vertex 510 356 208
    endloop
  endfacet
  facet normal 0 -1 0
    outer loop
      vertex 510 268 132
      vertex 520 268 132
      vertex 520 268 208
    endloop
  endfacet
  facet normal 0 -1 0
    outer loop
      vertex 510 268 132
      vertex 520 268 208
      vertex 510 268 208
    endloop
  endfacet
  facet normal 1 0 0
    outer loop
      vertex 520 268 132
      vertex 520 356 132
      vertex 520 356 208
    endloop
  endfacet
  facet normal 1 0 0
    outer loop
      vertex 520 268 132
      vertex 520 356 208
      vertex 520 268 208
    endloop
  endfacet
  facet normal 0 1 0
    outer loop
      vertex 520 356 132
      vertex 510 356 132
      vertex 510 356 208
    endloop
  endfacet
  facet normal 0 1 -0
    outer loop
      vertex 520 356 132
      vertex 510 356 208
      vertex 520 356 208
    endloop
  endfacet
  facet normal -1 0 0
    outer loop
      vertex 510 356 132
      vertex 510 268 132
      vertex 510 268 208
    endloop
  endfacet
  facet normal -1 0 0
    outer loop
      vertex 510 356 132
      vertex 510 268 208
      vertex 510 356 208
    endloop
  endfacet
  facet normal 0 0 -1
    outer loop
      vertex 531 310 212.5
      vertex 531 314 212.5
      vertex 741 314 212.5
    endloop
  endfacet
  facet normal 0 0 -1
    outer loop
      vertex 531 310 212.5
      vertex 741 314 212.5
      vertex 741 310 212.5
    endloop
  endfacet
  facet normal 0 0 1
    outer loop
      vertex 531 310 217.5
      vertex 741 310 217.5
      vertex 741 314 217.5
    endloop
  endfacet
  facet normal 0 0 1
    outer loop
      vertex 531 310 217.5
      vertex 741 314 217.5
      vertex 531 314 217.5
    endloop
  endfacet
  facet normal 0 -1 0
    outer loop
      vertex 531 310 212.5
      vertex 741 310 212.5
      vertex 741 310 217.5
    endloop
  endfacet
  facet normal 0 -1 0
    outer loop
      vertex 531 310 212.5
      vertex 741 310 217.5
      vertex 531 310 217.5
    endloop
  endfacet
  facet normal 1 0 0
    outer loop
      vertex 741 310 212.5
      vertex 741 314 212.5
      vertex 741 314 217.5
    endloop
  endfacet
  facet normal 1 0 0
    outer loop
      vertex 741 310 212.5
      vertex 741 314 217.5
      vertex 741 310 217.5
    endloop
  endfacet
  facet normal 0 1 0
    outer loop
      vertex 741 314 212.5
      vertex 531 314 212.5
      vertex 531 314 217.5
    endloop
  endfacet
  facet normal 0 1 -0
    outer loop
      vertex 741 314 212.5
      vertex 531 314 217.5
      vertex 741 314 217.5
    endloop
  endfacet
  facet normal -1 0 0
    outer loop
      vertex 531 314 212.5
      vertex 531 310 212.5
      vertex 531 310 217.5
    endloop
  endfacet
  facet normal -1 0 0
    outer loop
      vertex 531 314 212.5
      vertex 531 310 217.5
      vertex 531 314 217.5
    endloop
  endfacet
  facet normal 0 0 -1
    outer loop
      vertex 701 260.5 165.5
      vertex 701 265.5 165.5
      vertex 783 265.5 165.5
    endloop
  endfacet
  facet normal 0 0 -1
    outer loop
      vertex 701 260.5 165.5
      vertex 783 265.5 165.5
      vertex 783 260.5 165.5
    endloop
  endfacet
  facet normal 0 0 1
    outer loop
      vertex 701 260.5 190.5
      vertex 783 260.5 190.5
      vertex 783 265.5 190.5
    endloop
  endfacet
  facet normal 0 0 1
    outer loop
      vertex 701 260.5 190.5
      vertex 783 265.5 190.5
      vertex 701 265.5 190.5
    endloop
  endfacet
  facet normal 0 -1 0
    outer loop
      vertex 701 260.5 165.5
      vertex 783 260.5 165.5
      vertex 783 260.5 190.5
    endloop
  endfacet
  facet normal 0 -1 0
    outer loop
      vertex 701 260.5 165.5
      vertex 783 260.5 190.5
      vertex 701 260.5 190.5
    endloop
  endfacet
  facet normal 1 0 0
    outer loop
      vertex 783 260.5 165.5
      vertex 783 265.5 165.5
      vertex 783 265.5 190.5
    endloop
  endfacet
  facet normal 1 0 0
    outer loop
      vertex 783 260.5 165.5
      vertex 783 265.5 190.5
      vertex 783 260.5 190.5
    endloop
  endfacet
  facet normal 0 1 0
    outer loop
      vertex 783 265.5 165.5
      vertex 701 265.5 165.5
      vertex 701 265.5 190.5
    endloop
  endfacet
  facet normal 0 1 -0
    outer loop
      vertex 783 265.5 165.5
      vertex 701 265.5 190.5
      vertex 783 265.5 190.5
    endloop
  endfacet
  facet normal -1 0 0
    outer loop
      vertex 701 265.5 165.5
      vertex 701 260.5 165.5
      vertex 701 260.5 190.5
    endloop
  endfacet
  facet normal -1 0 0
    outer loop
      vertex 701 265.5 165.5
      vertex 701 260.5 190.5
      vertex 701 265.5 190.5
    endloop
  endfacet
  facet normal 0 1 0
    outer loop
      vertex 543.7713 261 133.4
      vertex 542.6 261 132.2287
      vertex 541 261 131.8
    endloop
  endfacet
  facet normal 0 1 0
    outer loop
      vertex 543.7713 261 133.4
      vertex 541 261 131.8
      vertex 539.4 261 132.2287
    endloop
  endfacet
  facet normal 0 1 0
    outer loop
      vertex 543.7713 261 133.4
      vertex 539.4 261 132.2287
      vertex 538.2287 261 133.4
    endloop
  endfacet
  facet normal 0 1 0
    outer loop
      vertex 543.7713 261 133.4
      vertex 538.2287 261 133.4
      vertex 537.8 261 135
    endloop
  endfacet
  facet normal 0 1 0
    outer loop
      vertex 543.7713 261 133.4
      vertex 537.8 261 135
      vertex 538.2287 261 136.6
    endloop
  endfacet
  facet normal 0 1 0
    outer loop
      vertex 543.7713 261 133.4
      vertex 538.2287 261 136.6
      vertex 539.4 261 137.7713
    endloop
  endfacet
  facet normal 0 1 0
    outer loop
      vertex 543.7713 261 133.4
      vertex 539.4 261 137.7713
      vertex 541 261 138.2
    endloop
  endfacet
  facet normal 0 1 0
    outer loop
      vertex 543.7713 261 133.4
      vertex 541 261 138.2
      vertex 542.6 261 137.7713
    endloop
  endfacet
  facet normal 0 1 -0
    outer loop
      vertex 543.7713 261 133.4
      vertex 542.6 261 137.7713
      vertex 543.7713 261 136.6
    endloop
  endfacet
  facet normal 0 1 0
    outer loop
      vertex 543.7713 261 133.4
      vertex 543.7713 261 136.6
      vertex 544.2 261 135
    endloop
  endfacet
  facet normal 0 -1 0
    outer loop
      vertex 544.2 256 135
      vertex 543.7713 256 136.6
      vertex 542.6 256 137.7713
    endloop
  endfacet
  facet normal 0 -1 0
    outer loop
      vertex 544.2 256 135
      vertex 542.6 256 137.7713
      vertex 541 256 138.2
    endloop
  endfacet
  facet normal 0 -1 0
    outer loop
      vertex 544.2 256 135
      vertex 541 256 138.2
      vertex 539.4 256 137.7713
    endloop
  endfacet
  facet normal 0 -1 0
    outer loop
      vertex 544.2 256 135
      vertex 539.4 256 137.7713
      vertex 538.2287 256 136.6
    endloop
  endfacet
  facet normal 0 -1 0
    outer loop
      vertex 544.2 256 135
      vertex 538.2287 256 136.6
      vertex 537.8 256 135
    endloop
  endfacet
  facet normal -0 -1 0
    outer loop
      vertex 544.2 256 135
      vertex 537.8 256 135
      vertex 538.2287 256 133.4
    endloop
  endfacet
  facet normal 0 -1 0
    outer loop
      vertex 544.2 256 135
      vertex 538.2287 256 133.4
      vertex 539.4 256 132.2287
    endloop
  endfacet
  facet normal 0 -1 0
    outer loop
      vertex 544.2 256 135
      vertex 539.4 256 132.2287
      vertex 541 256 131.8
    endloop
  endfacet
  facet normal 0 -1 0
    outer loop
      vertex 544.2 256 135
      vertex 541 256 131.8
      vertex 542.6 256 132.2287
    endloop
  endfacet
  facet normal 0 -1 0
    outer loop
      vertex 544.2 256 135
      vertex 542.6 256 132.2287
      vertex 543.7713 256 133.4
    endloop
  endfacet
  facet normal 0.9659258 0 0.258819
    outer loop
      vertex 544.2 261 135
      vertex 543.7713 261 136.6
      vertex 543.7713 256 136.6
    endloop
  endfacet
  facet normal 0.9659258 0 0.258819
    outer loop
      vertex 544.2 261 135
      vertex 543.7713 256 136.6
      vertex 544.2 256 135
    endloop
  endfacet
  facet normal 0.7071068 0 0.7071068
    outer loop
      vertex 543.7713 261 136.6
      vertex 542.6 261 137.7713
      vertex 542.6 256 137.7713
    endloop
  endfacet
  facet normal 0.7071068 0 0.7071068
    outer loop
      vertex 543.7713 261 136.6
      vertex 542.6 256 137.7713
      vertex 543.7713 256 136.6
    endloop
  endfacet
  facet normal 0.258819 0 0.9659258
    outer loop
      vertex 542.6 261 137.7713
      vertex 541 261 138.2
      vertex 541 256 138.2
    endloop
  endfacet
  facet normal 0.258819 0 0.9659258
    outer loop
      vertex 542.6 261 137.7713
      vertex 541 256 138.2
      vertex 542.6 256 137.7713
    endloop
  endfacet
  facet normal -0.258819 0 0.9659258
    outer loop
      vertex 541 261 138.2
      vertex 539.4 261 137.7713
      vertex 539.4 256 137.7713
    endloop
  endfacet
  facet normal -0.258819 0 0.9659258
    outer loop
      vertex 541 261 138.2
      vertex 539.4 256 137.7713
      vertex 541 256 138.2
    endloop
  endfacet
  facet normal -0.7071068 0 0.7071068
    outer loop
      vertex 539.4 261 137.7713
      vertex 538.2287 261 136.6
      vertex 538.2287 256 136.6
    endloop
  endfacet
  facet normal -0.7071068 0 0.7071068
    outer loop
      vertex 539.4 261 137.7713
      vertex 538.2287 256 136.6
      vertex 539.4 256 137.7713
    endloop
  endfacet
  facet normal -0.9659258 0 0.258819
    outer loop
      vertex 538.2287 261 136.6
      vertex 537.8 261 135
      vertex 537.8 256 135
    endloop
  endfacet
  facet normal -0.9659258 0 0.258819
    outer loop
      vertex 538.2287 261 136.6
      vertex 537.8 256 135
      vertex 538.2287 256 136.6
    endloop
  endfacet
  facet normal -0.9659258 0 -0.258819
    outer loop
      vertex 537.8 261 135
      vertex 538.2287 261 133.4
      vertex 538.2287 256 133.4
    endloop
  endfacet
  facet normal -0.9659258 -0 -0.258819
    outer loop
      vertex 537.8 261 135
      vertex 538.2287 256 133.4
      vertex 537.8 256 135
    endloop
  endfacet
  facet normal -0.7071068 0 -0.7071068
    outer loop
      vertex 538.2287 261 133.4
      vertex 539.4 261 132.2287
      vertex 539.4 256 132.2287
    endloop
  endfacet
  facet normal -0.7071068 -0 -0.7071068
    outer loop
      vertex 538.2287 261 133.4
      vertex 539.4 256 132.2287
      vertex 538.2287 256 133.4
    endloop
  endfacet
  facet normal -0.258819 0 -0.9659258
    outer loop
      vertex 539.4 261 132.2287
      vertex 541 261 131.8
      vertex 541 256 131.8
    endloop
  endfacet
  facet normal -0.258819 -0 -0.9659258
    outer loop
      vertex 539.4 261 132.2287
      vertex 541 256 131.8
      vertex 539.4 256 132.2287
    endloop
  endfacet
  facet normal 0.258819 0 -0.9659258
    outer loop
      vertex 541 261 131.8
      vertex 542.6 261 132.2287
      vertex 542.6 256 132.2287
    endloop
  endfacet
  facet normal 0.258819 0 -0.9659258
    outer loop
      vertex 541 261 131.8
      vertex 542.6 256 132.2287
      vertex 541 256 131.8
    endloop
  endfacet
  facet normal 0.7071068 0 -0.7071068
    outer loop
      vertex 542.6 261 132.2287
      vertex 543.7713 261 133.4
      vertex 543.7713 256 133.4
    endloop
  endfacet
  facet normal 0.7071068 0 -0.7071068
    outer loop
      vertex 542.6 261 132.2287
      vertex 543.7713 256 133.4
      vertex 542.6 256 132.2287
    endloop
  endfacet
  facet normal 0.9659258 0 -0.258819
    outer loop
      vertex 543.7713 261 133.4
      vertex 544.2 261 135
      vertex 544.2 256 135
    endloop
  endfacet
  facet normal 0.9659258 0 -0.258819
    outer loop
      vertex 543.7713 261 133.4
      vertex 544.2 256 135
      vertex 543.7713 256 133.4
    endloop
  endfacet
  facet normal 0 1 0
    outer loop
      vertex 543.7713 261 203.4
      vertex 542.6 261 202.2287
      vertex 541 261 201.8
    endloop
  endfacet
  facet normal 0 1 0
    outer loop
      vertex 543.7713 261 203.4
      vertex 541 261 201.8
      vertex 539.4 261 202.2287
    endloop
  endfacet
  facet normal 0 1 0
    outer loop
      vertex 543.7713 261 203.4
      vertex 539.4 261 202.2287
      vertex 538.2287 261 203.4
    endloop
  endfacet
  facet normal 0 1 0
    outer loop
      vertex 543.7713 261 203.4
      vertex 538.2287 261 203.4
      vertex 537.8 261 205
    endloop
  endfacet
  facet normal 0 1 0
    outer loop
      vertex 543.7713 261 203.4
      vertex 537.8 261 205
      vertex 538.2287 261 206.6
    endloop
  endfacet
  facet normal 0 1 0
    outer loop
      vertex 543.7713 261 203.4
      vertex 538.2287 261 206.6
      vertex 539.4 261 207.7713
    endloop
  endfacet
  facet normal 0 1 0
    outer loop
      vertex 543.7713 261 203.4
      vertex 539.4 261 207.7713
      vertex 541 261 208.2
    endloop
  endfacet
  facet normal 0 1 0
    outer loop
      vertex 543.7713 261 203.4
      vertex 541 261 208.2
      vertex 542.6 261 207.7713
    endloop
  endfacet
  facet normal 0 1 -0
    outer loop
      vertex 543.7713 261 203.4
      vertex 542.6 261 207.7713
      vertex 543.7713 261 206.6
    endloop
  endfacet
  facet normal 0 1 0
    outer loop
      vertex 543.7713 261 203.4
      vertex 543.7713 261 206.6
      vertex 544.2 261 205
    endloop
  endfacet
  facet normal 0 -1 0
    outer loop
      vertex 544.2 256 205
      vertex 543.7713 256 206.6
      vertex 542.6 256 207.7713
    endloop
  endfacet
  facet normal 0 -1 0
    outer loop
      vertex 544.2 256 205
      vertex 542.6 256 207.7713
      vertex 541 256 208.2
    endloop
  endfacet
  facet normal 0 -1 0
    outer loop
      vertex 544.2 256 205
      vertex 541 256 208.2
      vertex 539.4 256 207.7713
    endloop
  endfacet
  facet normal 0 -1 0
    outer loop
      vertex 544.2 256 205
      vertex 539.4 256 207.7713
      vertex 538.2287 256 206.6
    endloop
  endfacet
  facet normal 0 -1 0
    outer loop
      vertex 544.2 256 205
      vertex 538.2287 256 206.6
      vertex 537.8 256 205
    endloop
  endfacet
  facet normal -0 -1 0
    outer loop
      vertex 544.2 256 205
      vertex 537.8 256 205
      vertex 538.2287 256 203.4
    endloop
  endfacet
  facet normal 0 -1 0
    outer loop
      vertex 544.2 256 205
      vertex 538.2287 256 203.4
      vertex 539.4 256 202.2287
    endloop
  endfacet
  facet normal 0 -1 0
    outer loop
      vertex 544.2 256 205
      vertex 539.4 256 202.2287
      vertex 541 256 201.8
    endloop
  endfacet
  facet normal 0 -1 0
    outer loop
      vertex 544.2 256 205
      vertex 541 256 201.8
      vertex 542.6 256 202.2287
    endloop
  endfacet
  facet normal 0 -1 0
    outer loop
      vertex 544.2 256 205
      vertex 542.6 256 202.2287
      vertex 543.7713 256 203.4
    endloop
  endfacet
  facet normal 0.9659258 0 0.258819
    outer loop
      vertex 544.2 261 205
      vertex 543.7713 261 206.6
      vertex 543.7713 256 206.6
    endloop
  endfacet
  facet normal 0.9659258 0 0.258819
    outer loop
      vertex 544.2 261 205
      vertex 543.7713 256 206.6
      vertex 544.2 256 205
    endloop
  endfacet
  facet normal 0.7071068 0 0.7071068
    outer loop
      vertex 543.7713 261 206.6
      vertex 542.6 261 207.7713
      vertex 542.6 256 207.7713
    endloop
  endfacet
  facet normal 0.7071068 0 0.7071068
    outer loop
      vertex 543.7713 261 206.6
      vertex 542.6 256 207.7713
      vertex 543.7713 256 206.6
    endloop
  endfacet
  facet normal 0.258819 0 0.9659258
    outer loop
      vertex 542.6 261 207.7713
      vertex 541 261 208.2
      vertex 541 256 208.2
    endloop
  endfacet
  facet normal 0.258819 0 0.9659258
    outer loop
      vertex 542.6 261 207.7713
      vertex 541 256 208.2
      vertex 542.6 256 207.7713
    endloop
  endfacet
  facet normal -0.258819 0 0.9659258
    outer loop
      vertex 541 261 208.2
      vertex 539.4 261 207.7713
      vertex 539.4 256 207.7713
    endloop
  endfacet
  facet normal -0.258819 0 0.9659258
    outer loop
      vertex 541 261 208.2
      vertex 539.4 256 207.7713
      vertex 541 256 208.2
    endloop
  endfacet
  facet normal -0.7071068 0 0.7071068
    outer loop
      vertex 539.4 261 207.7713
      vertex 538.2287 261 206.6
      vertex 538.2287 256 206.6
    endloop
  endfacet
  facet normal -0.7071068 0 0.7071068
    outer loop
      vertex 539.4 261 207.7713
      vertex 538.2287 256 206.6
      vertex 539.4 256 207.7713
    endloop
  endfacet
  facet normal -0.9659258 0 0.258819
    outer loop
      vertex 538.2287 261 206.6
      vertex 537.8 261 205
      vertex 537.8 256 205
    endloop
  endfacet
  facet normal -0.9659258 0 0.258819
    outer loop
      vertex 538.2287 261 206.6
      vertex 537.8 256 205
      vertex 538.2287 256 206.6
    endloop
  endfacet
  facet normal -0.9659258 0 -0.258819
    outer loop
      vertex 537.8 261 205
      vertex 538.2287 261 203.4
      vertex 538.2287 256 203.4
    endloop
  endfacet
  facet normal -0.9659258 -0 -0.258819
    outer loop
      vertex 537.8 261 205
      vertex 538.2287 256 203.4
      vertex 537.8 256 205
    endloop
  endfacet
  facet normal -0.7071068 0 -0.7071068
    outer loop
      vertex 538.2287 261 203.4
      vertex 539.4 261 202.2287
      vertex 539.4 256 202.2287
    endloop
  endfacet
  facet normal -0.7071068 -0 -0.7071068
    outer loop
      vertex 538.2287 261 203.4
      vertex 539.4 256 202.2287
      vertex 538.2287 256 203.4
    endloop
  endfacet
  facet normal -0.258819 0 -0.9659258
    outer loop
      vertex 539.4 261 202.2287
      vertex 541 261 201.8
      vertex 541 256 201.8
    endloop
  endfacet
  facet normal -0.258819 -0 -0.9659258
    outer loop
      vertex 539.4 261 202.2287
      vertex 541 256 201.8
      vertex 539.4 256 202.2287
    endloop
  endfacet
  facet normal 0.258819 0 -0.9659258
    outer loop
      vertex 541 261 201.8
      vertex 542.6 261 202.2287
      vertex 542.6 256 202.2287
    endloop
  endfacet
  facet normal 0.258819 0 -0.9659258
    outer loop
      vertex 541 261 201.8
      vertex 542.6 256 202.2287
      vertex 541 256 201.8
    endloop
  endfacet
  facet normal 0.7071068 0 -0.7071068
    outer loop
      vertex 542.6 261 202.2287
      vertex 543.7713 261 203.4
      vertex 543.7713 256 203.4
    endloop
  endfacet
  facet normal 0.7071068 0 -0.7071068
    outer loop
      vertex 542.6 261 202.2287
      vertex 543.7713 256 203.4
      vertex 542.6 256 202.2287
    endloop
  endfacet
  facet normal 0.9659258 0 -0.258819
    outer loop
      vertex 543.7713 261 203.4
      vertex 544.2 261 205
      vertex 544.2 256 205
    endloop
  endfacet
  facet normal 0.9659258 0 -0.258819
    outer loop
      vertex 543.7713 261 203.4
      vertex 544.2 256 205
      vertex 543.7713 256 203.4
    endloop
  endfacet
  facet normal 0 1 0
    outer loop
      vertex 731.7713 261 133.4
      vertex 730.6 261 132.2287
      vertex 729 261 131.8
    endloop
  endfacet
  facet normal 0 1 0
    outer loop
      vertex 731.7713 261 133.4
      vertex 729 261 131.8
      vertex 727.4 261 132.2287
    endloop
  endfacet
  facet normal 0 1 0
    outer loop
      vertex 731.7713 261 133.4
      vertex 727.4 261 132.2287
      vertex 726.2287 261 133.4
    endloop
  endfacet
  facet normal 0 1 0
    outer loop
      vertex 731.7713 261 133.4
      vertex 726.2287 261 133.4
      vertex 725.8 261 135
    endloop
  endfacet
  facet normal 0 1 0
    outer loop
      vertex 731.7713 261 133.4
      vertex 725.8 261 135
      vertex 726.2287 261 136.6
    endloop
  endfacet
  facet normal 0 1 0
    outer loop
      vertex 731.7713 261 133.4
      vertex 726.2287 261 136.6
      vertex 727.4 261 137.7713
    endloop
  endfacet
  facet normal 0 1 0
    outer loop
      vertex 731.7713 261 133.4
      vertex 727.4 261 137.7713
      vertex 729 261 138.2
    endloop
  endfacet
  facet normal 0 1 0
    outer loop
      vertex 731.7713 261 133.4
      vertex 729 261 138.2
      vertex 730.6 261 137.7713
    endloop
  endfacet
  facet normal 0 1 -0
    outer loop
      vertex 731.7713 261 133.4
      vertex 730.6 261 137.7713
      vertex 731.7713 261 136.6
    endloop
  endfacet
  facet normal 0 1 0
    outer loop
      vertex 731.7713 261 133.4
      vertex 731.7713 261 136.6
      vertex 732.2 261 135
    endloop
  endfacet
  facet normal 0 -1 0
    outer loop
      vertex 732.2 256 135
      vertex 731.7713 256 136.6
      vertex 730.6 256 137.7713
    endloop
  endfacet
  facet normal 0 -1 0
    outer loop
      vertex 732.2 256 135
      vertex 730.6 256 137.7713
      vertex 729 256 138.2
    endloop
  endfacet
  facet normal 0 -1 0
    outer loop
      vertex 732.2 256 135
      vertex 729 256 138.2
      vertex 727.4 256 137.7713
    endloop
  endfacet
  facet normal 0 -1 0
    outer loop
      vertex 732.2 256 135
      vertex 727.4 256 137.7713
      vertex 726.2287 256 136.6
    endloop
  endfacet
  facet normal 0 -1 0
    outer loop
      vertex 732.2 256 135
      vertex 726.2287 256 136.6
      vertex 725.8 256 135
    endloop
  endfacet
  facet normal -0 -1 0
    outer loop
      vertex 732.2 256 135
      vertex 725.8 256 135
      vertex 726.2287 256 133.4
    endloop
  endfacet
  facet normal 0 -1 0
    outer loop
      vertex 732.2 256 135
      vertex 726.2287 256 133.4
      vertex 727.4 256 132.2287
    endloop
  endfacet
  facet normal 0 -1 0
    outer loop
      vertex 732.2 256 135
      vertex 727.4 256 132.2287
      vertex 729 256 131.8
    endloop
  endfacet
  facet normal 0 -1 0
    outer loop
      vertex 732.2 256 135
      vertex 729 256 131.8
      vertex 730.6 256 132.2287
    endloop
  endfacet
  facet normal 0 -1 0
    outer loop
      vertex 732.2 256 135
      vertex 730.6 256 132.2287
      vertex 731.7713 256 133.4
    endloop
  endfacet
  facet normal 0.9659258 0 0.258819
    outer loop
      vertex 732.2 261 135
      vertex 731.7713 261 136.6
      vertex 731.7713 256 136.6
    endloop
  endfacet
  facet normal 0.9659258 0 0.258819
    outer loop
      vertex 732.2 261 135
      vertex 731.7713 256 136.6
      vertex 732.2 256 135
    endloop
  endfacet
  facet normal 0.7071068 0 0.7071068
    outer loop
      vertex 731.7713 261 136.6
      vertex 730.6 261 137.7713
      vertex 730.6 256 137.7713
    endloop
  endfacet
  facet normal 0.7071068 0 0.7071068
    outer loop
      vertex 731.7713 261 136.6
      vertex 730.6 256 137.7713
      vertex 731.7713 256 136.6
    endloop
  endfacet
  facet normal 0.258819 0 0.9659258
    outer loop
      vertex 730.6 261 137.7713
      vertex 729 261 138.2
      vertex 729 256 138.2
    endloop
  endfacet
  facet normal 0.258819 0 0.9659258
    outer loop
      vertex 730.6 261 137.7713
      vertex 729 256 138.2
      vertex 730.6 256 137.7713
    endloop
  endfacet
  facet normal -0.258819 0 0.9659258
    outer loop
      vertex 729 261 138.2
      vertex 727.4 261 137.7713
      vertex 727.4 256 137.7713
    endloop
  endfacet
  facet normal -0.258819 0 0.9659258
    outer loop
      vertex 729 261 138.2
      vertex 727.4 256 137.7713
      vertex 729 256 138.2
    endloop
  endfacet
  facet normal -0.7071068 0 0.7071068
    outer loop
      vertex 727.4 261 137.7713
      vertex 726.2287 261 136.6
      vertex 726.2287 256 136.6
    endloop
  endfacet
  facet normal -0.7071068 0 0.7071068
    outer loop
      vertex 727.4 261 137.7713
      vertex 726.2287 256 136.6
      vertex 727.4 256 137.7713
    endloop
  endfacet
  facet normal -0.9659258 0 0.258819
    outer loop
      vertex 726.2287 261 136.6
      vertex 725.8 261 135
      vertex 725.8 256 135
    endloop
  endfacet
  facet normal -0.9659258 0 0.258819
    outer loop
      vertex 726.2287 261 136.6
      vertex 725.8 256 135
      vertex 726.2287 256 136.6
    endloop
  endfacet
  facet normal -0.9659258 0 -0.258819
    outer loop
      vertex 725.8 261 135
      vertex 726.2287 261 133.4
      vertex 726.2287 256 133.4
    endloop
  endfacet
  facet normal -0.9659258 -0 -0.258819
    outer loop
      vertex 725.8 261 135
      vertex 726.2287 256 133.4
      vertex 725.8 256 135
    endloop
  endfacet
  facet normal -0.7071068 0 -0.7071068
    outer loop
      vertex 726.2287 261 133.4
      vertex 727.4 261 132.2287
      vertex 727.4 256 132.2287
    endloop
  endfacet
  facet normal -0.7071068 -0 -0.7071068
    outer loop
      vertex 726.2287 261 133.4
      vertex 727.4 256 132.2287
      vertex 726.2287 256 133.4
    endloop
  endfacet
  facet normal -0.258819 0 -0.9659258
    outer loop
      vertex 727.4 261 132.2287
      vertex 729 261 131.8
      vertex 729 256 131.8
    endloop
  endfacet
  facet normal -0.258819 -0 -0.9659258
    outer loop
      vertex 727.4 261 132.2287
      vertex 729 256 131.8
      vertex 727.4 256 132.2287
    endloop
  endfacet
  facet normal 0.258819 0 -0.9659258
    outer loop
      vertex 729 261 131.8
      vertex 730.6 261 132.2287
      vertex 730.6 256 132.2287
    endloop
  endfacet
  facet normal 0.258819 0 -0.9659258
    outer loop
      vertex 729 261 131.8
      vertex 730.6 256 132.2287
      vertex 729 256 131.8
    endloop
  endfacet
  facet normal 0.7071068 0 -0.7071068
    outer loop
      vertex 730.6 261 132.2287
      vertex 731.7713 261 133.4
      vertex 731.7713 256 133.4
    endloop
  endfacet
  facet normal 0.7071068 0 -0.7071068
    outer loop
      vertex 730.6 261 132.2287
      vertex 731.7713 256 133.4
      vertex 730.6 256 132.2287
    endloop
  endfacet
  facet normal 0.9659258 0 -0.258819
    outer loop
      vertex 731.7713 261 133.4
      vertex 732.2 261 135
      vertex 732.2 256 135
    endloop
  endfacet
  facet normal 0.9659258 0 -0.258819
    outer loop
      vertex 731.7713 261 133.4
      vertex 732.2 256 135
      vertex 731.7713 256 133.4
    endloop
  endfacet
  facet normal 0 1 0
    outer loop
      vertex 731.7713 261 203.4
      vertex 730.6 261 202.2287
      vertex 729 261 201.8
    endloop
  endfacet
  facet normal 0 1 0
    outer loop
      vertex 731.7713 261 203.4
      vertex 729 261 201.8
      vertex 727.4 261 202.2287
    endloop
  endfacet
  facet normal 0 1 0
    outer loop
      vertex 731.7713 261 203.4
      vertex 727.4 261 202.2287
      vertex 726.2287 261 203.4
    endloop
  endfacet
  facet normal 0 1 0
    outer loop
      vertex 731.7713 261 203.4
      vertex 726.2287 261 203.4
      vertex 725.8 261 205
    endloop
  endfacet
  facet normal 0 1 0
    outer loop
      vertex 731.7713 261 203.4
      vertex 725.8 261 205
      vertex 726.2287 261 206.6
    endloop
  endfacet
  facet normal 0 1 0
    outer loop
      vertex 731.7713 261 203.4
      vertex 726.2287 261 206.6
      vertex 727.4 261 207.7713
    endloop
  endfacet
  facet normal 0 1 0
    outer loop
      vertex 731.7713 261 203.4
      vertex 727.4 261 207.7713
      vertex 729 261 208.2
    endloop
  endfacet
  facet normal 0 1 0
    outer loop
      vertex 731.7713 261 203.4
      vertex 729 261 208.2
      vertex 730.6 261 207.7713
    endloop
  endfacet
  facet normal 0 1 -0
    outer loop
      vertex 731.7713 261 203.4
      vertex 730.6 261 207.7713
      vertex 731.7713 261 206.6
    endloop
  endfacet
  facet normal 0 1 0
    outer loop
      vertex 731.7713 261 203.4
      vertex 731.7713 261 206.6
      vertex 732.2 261 205
    endloop
  endfacet
  facet normal 0 -1 0
    outer loop
      vertex 732.2 256 205
      vertex 731.7713 256 206.6
      vertex 730.6 256 207.7713
    endloop
  endfacet
  facet normal 0 -1 0
    outer loop
      vertex 732.2 256 205
      vertex 730.6 256 207.7713
      vertex 729 256 208.2
    endloop
  endfacet
  facet normal 0 -1 0
    outer loop
      vertex 732.2 256 205
      vertex 729 256 208.2
      vertex 727.4 256 207.7713
    endloop
  endfacet
  facet normal 0 -1 0
    outer loop
      vertex 732.2 256 205
      vertex 727.4 256 207.7713
      vertex 726.2287 256 206.6
    endloop
  endfacet
  facet normal 0 -1 0
    outer loop
      vertex 732.2 256 205
      vertex 726.2287 256 206.6
      vertex 725.8 256 205
    endloop
  endfacet
  facet normal -0 -1 0
    outer loop
      vertex 732.2 256 205
      vertex 725.8 256 205
      vertex 726.2287 256 203.4
    endloop
  endfacet
  facet normal 0 -1 0
    outer loop
      vertex 732.2 256 205
      vertex 726.2287 256 203.4
      vertex 727.4 256 202.2287
    endloop
  endfacet
  facet normal 0 -1 0
    outer loop
      vertex 732.2 256 205
      vertex 727.4 256 202.2287
      vertex 729 256 201.8
    endloop
  endfacet
  facet normal 0 -1 0
    outer loop
      vertex 732.2 256 205
      vertex 729 256 201.8
      vertex 730.6 256 202.2287
    endloop
  endfacet
  facet normal 0 -1 0
    outer loop
      vertex 732.2 256 205
      vertex 730.6 256 202.2287
      vertex 731.7713 256 203.4
    endloop
  endfacet
  facet normal 0.9659258 0 0.258819
    outer loop
      vertex 732.2 261 205
      vertex 731.7713 261 206.6
      vertex 731.7713 256 206.6
    endloop
  endfacet
  facet normal 0.9659258 0 0.258819
    outer loop
      vertex 732.2 261 205
      vertex 731.7713 256 206.6
      vertex 732.2 256 205
    endloop
  endfacet
  facet normal 0.7071068 0 0.7071068
    outer loop
      vertex 731.7713 261 206.6
      vertex 730.6 261 207.7713
      vertex 730.6 256 207.7713
    endloop
  endfacet
  facet normal 0.7071068 0 0.7071068
    outer loop
      vertex 731.7713 261 206.6
      vertex 730.6 256 207.7713
      vertex 731.7713 256 206.6
    endloop
  endfacet
  facet normal 0.258819 0 0.9659258
    outer loop
      vertex 730.6 261 207.7713
      vertex 729 261 208.2
      vertex 729 256 208.2
    endloop
  endfacet
  facet normal 0.258819 0 0.9659258
    outer loop
      vertex 730.6 261 207.7713
      vertex 729 256 208.2
      vertex 730.6 256 207.7713
    endloop
  endfacet
  facet normal -0.258819 0 0.9659258
    outer loop
      vertex 729 261 208.2
      vertex 727.4 261 207.7713
      vertex 727.4 256 207.7713
    endloop
  endfacet
  facet normal -0.258819 0 0.9659258
    outer loop
      vertex 729 261 208.2
      vertex 727.4 256 207.7713
      vertex 729 256 208.2
    endloop
  endfacet
  facet normal -0.7071068 0 0.7071068
    outer loop
      vertex 727.4 261 207.7713
      vertex 726.2287 261 206.6
      vertex 726.2287 256 206.6
    endloop
  endfacet
  facet normal -0.7071068 0 0.7071068
    outer loop
      vertex 727.4 261 207.7713
      vertex 726.2287 256 206.6
      vertex 727.4 256 207.7713
    endloop
  endfacet
  facet normal -0.9659258 0 0.258819
    outer loop
      vertex 726.2287 261 206.6
      vertex 725.8 261 205
      vertex 725.8 256 205
    endloop
  endfacet
  facet normal -0.9659258 0 0.258819
    outer loop
      vertex 726.2287 261 206.6
      vertex 725.8 256 205
      vertex 726.2287 256 206.6
    endloop
  endfacet
  facet normal -0.9659258 0 -0.258819
    outer loop
      vertex 725.8 261 205
      vertex 726.2287 261 203.4
      vertex 726.2287 256 203.4
    endloop
  endfacet
  facet normal -0.9659258 -0 -0.258819
    outer loop
      vertex 725.8 261 205
      vertex 726.2287 256 203.4
      vertex 725.8 256 205
    endloop
  endfacet
  facet normal -0.7071068 0 -0.7071068
    outer loop
      vertex 726.2287 261 203.4
      vertex 727.4 261 202.2287
      vertex 727.4 256 202.2287
    endloop
  endfacet
  facet normal -0.7071068 -0 -0.7071068
    outer loop
      vertex 726.2287 261 203.4
      vertex 727.4 256 202.2287
      vertex 726.2287 256 203.4
    endloop
  endfacet
  facet normal -0.258819 0 -0.9659258
    outer loop
      vertex 727.4 261 202.2287
      vertex 729 261 201.8
      vertex 729 256 201.8
    endloop
  endfacet
  facet normal -0.258819 -0 -0.9659258
    outer loop
      vertex 727.4 261 202.2287
      vertex 729 256 201.8
      vertex 727.4 256 202.2287
    endloop
  endfacet
  facet normal 0.258819 0 -0.9659258
    outer loop
      vertex 729 261 201.8
      vertex 730.6 261 202.2287
      vertex 730.6 256 202.2287
    endloop
  endfacet
  facet normal 0.258819 0 -0.9659258
    outer loop
      vertex 729 261 201.8
      vertex 730.6 256 202.2287
      vertex 729 256 201.8
    endloop
  endfacet
  facet normal 0.7071068 0 -0.7071068
    outer loop
      vertex 730.6 261 202.2287
      vertex 731.7713 261 203.4
      vertex 731.7713 256 203.4
    endloop
  endfacet
  facet normal 0.7071068 0 -0.7071068
    outer loop
      vertex 730.6 261 202.2287
      vertex 731.7713 256 203.4
      vertex 730.6 256 202.2287
    endloop
  endfacet
  facet normal 0.9659258 0 -0.258819
    outer loop
      vertex 731.7713 261 203.4
      vertex 732.2 261 205
      vertex 732.2 256 205
    endloop
  endfacet
  facet normal 0.9659258 0 -0.258819
    outer loop
      vertex 731.7713 261 203.4
      vertex 732.2 256 205
      vertex 731.7713 256 203.4
    endloop
  endfacet
  facet normal 0 0 -1
    outer loop
      vertex 520 117.5 236
      vertex 520 212.5 236
      vertex 750 212.5 236
    endloop
  endfacet
  facet normal 0 0 -1
    outer loop
      vertex 520 117.5 236
      vertex 750 212.5 236
      vertex 750 117.5 236
    endloop
  endfacet
  facet normal 0 0 1
    outer loop
      vertex 520 117.5 324
      vertex 750 117.5 324
      vertex 750 212.5 324
    endloop
  endfacet
  facet normal 0 0 1
    outer loop
      vertex 520 117.5 324
      vertex 750 212.5 324
      vertex 520 212.5 324
    endloop
  endfacet
  facet normal 0 -1 0
    outer loop
      vertex 520 117.5 236
      vertex 750 117.5 236
      vertex 750 117.5 324
    endloop
  endfacet
  facet normal 0 -1 0
    outer loop
      vertex 520 117.5 236
      vertex 750 117.5 324
      vertex 520 117.5 324
    endloop
  endfacet
  facet normal 1 0 0
    outer loop
      vertex 750 117.5 236
      vertex 750 212.5 236
      vertex 750 212.5 324
    endloop
  endfacet
  facet normal 1 0 0
    outer loop
      vertex 750 117.5 236
      vertex 750 212.5 324
      vertex 750 117.5 324
    endloop
  endfacet
  facet normal 0 1 0
    outer loop
      vertex 750 212.5 236
      vertex 520 212.5 236
      vertex 520 212.5 324
    endloop
  endfacet
  facet normal 0 1 -0
    outer loop
      vertex 750 212.5 236
      vertex 520 212.5 324
      vertex 750 212.5 324
    endloop
  endfacet
  facet normal -1 0 0
    outer loop
      vertex 520 212.5 236
      vertex 520 117.5 236
      vertex 520 117.5 324
    endloop
  endfacet
  facet normal -1 0 0
    outer loop
      vertex 520 212.5 236
      vertex 520 117.5 324
      vertex 520 212.5 324
    endloop
  endfacet
  facet normal 0 0 -1
    outer loop
      vertex 510 121 242
      vertex 510 209 242
      vertex 520 209 242
    endloop
  endfacet
  facet normal 0 0 -1
    outer loop
      vertex 510 121 242
      vertex 520 209 242
      vertex 520 121 242
    endloop
  endfacet
  facet normal 0 0 1
    outer loop
      vertex 510 121 318
      vertex 520 121 318
      vertex 520 209 318
    endloop
  endfacet
  facet normal 0 0 1
    outer loop
      vertex 510 121 318
      vertex 520 209 318
      vertex 510 209 318
    endloop
  endfacet
  facet normal 0 -1 0
    outer loop
      vertex 510 121 242
      vertex 520 121 242
      vertex 520 121 318
    endloop
  endfacet
  facet normal 0 -1 0
    outer loop
      vertex 510 121 242
      vertex 520 121 318
      vertex 510 121 318
    endloop
  endfacet
  facet normal 1 0 0
    outer loop
      vertex 520 121 242
      vertex 520 209 242
      vertex 520 209 318
    endloop
  endfacet
  facet normal 1 0 0
    outer loop
      vertex 520 121 242
      vertex 520 209 318
      vertex 520 121 318
    endloop
  endfacet
  facet normal 0 1 0
    outer loop
      vertex 520 209 242
      vertex 510 209 242
      vertex 510 209 318
    endloop
  endfacet
  facet normal 0 1 -0
    outer loop
      vertex 520 209 242
      vertex 510 209 318
      vertex 520 209 318
    endloop
  endfacet
  facet normal -1 0 0
    outer loop
      vertex 510 209 242
      vertex 510 121 242
      vertex 510 121 318
    endloop
  endfacet
  facet normal -1 0 0
    outer loop
      vertex 510 209 242
      vertex 510 121 318
      vertex 510 209 318
    endloop
  endfacet
  facet normal 0 0 -1
    outer loop
      vertex 531 163 322.5
      vertex 531 167 322.5
      vertex 741 167 322.5
    endloop
  endfacet
  facet normal 0 0 -1
    outer loop
      vertex 531 163 322.5
      vertex 741 167 322.5
      vertex 741 163 322.5
    endloop
  endfacet
  facet normal 0 0 1
    outer loop
      vertex 531 163 327.5
      vertex 741 163 327.5
      vertex 741 167 327.5
    endloop
  endfacet
  facet normal 0 0 1
    outer loop
      vertex 531 163 327.5
      vertex 741 167 327.5
      vertex 531 167 327.5
    endloop
  endfacet
  facet normal 0 -1 0
    outer loop
      vertex 531 163 322.5
      vertex 741 163 322.5
      vertex 741 163 327.5
    endloop
  endfacet
  facet normal 0 -1 0
    outer loop
      vertex 531 163 322.5
      vertex 741 163 327.5
      vertex 531 163 327.5
    endloop
  endfacet
  facet normal 1 0 0
    outer loop
      vertex 741 163 322.5
      vertex 741 167 322.5
      vertex 741 167 327.5
    endloop
  endfacet
  facet normal 1 0 0
    outer loop
      vertex 741 163 322.5
      vertex 741 167 327.5
      vertex 741 163 327.5
    endloop
  endfacet
  facet normal 0 1 0
    outer loop
      vertex 741 167 322.5
      vertex 531 167 322.5
      vertex 531 167 327.5
    endloop
  endfacet
  facet normal 0 1 -0
    outer loop
      vertex 741 167 322.5
      vertex 531 167 327.5
      vertex 741 167 327.5
    endloop
  endfacet
  facet normal -1 0 0
    outer loop
      vertex 531 167 322.5
      vertex 531 163 322.5
      vertex 531 163 327.5
    endloop
  endfacet
  facet normal -1 0 0
    outer loop
      vertex 531 167 322.5
      vertex 531 163 327.5
      vertex 531 167 327.5
    endloop
  endfacet
  facet normal 0 0 -1
    outer loop
      vertex 701 113.5 275.5
      vertex 701 118.5 275.5
      vertex 783 118.5 275.5
    endloop
  endfacet
  facet normal 0 0 -1
    outer loop
      vertex 701 113.5 275.5
      vertex 783 118.5 275.5
      vertex 783 113.5 275.5
    endloop
  endfacet
  facet normal 0 0 1
    outer loop
      vertex 701 113.5 300.5
      vertex 783 113.5 300.5
      vertex 783 118.5 300.5
    endloop
  endfacet
  facet normal 0 0 1
    outer loop
      vertex 701 113.5 300.5
      vertex 783 118.5 300.5
      vertex 701 118.5 300.5
    endloop
  endfacet
  facet normal 0 -1 0
    outer loop
      vertex 701 113.5 275.5
      vertex 783 113.5 275.5
      vertex 783 113.5 300.5
    endloop
  endfacet
  facet normal 0 -1 0
    outer loop
      vertex 701 113.5 275.5
      vertex 783 113.5 300.5
      vertex 701 113.5 300.5
    endloop
  endfacet
  facet normal 1 0 0
    outer loop
      vertex 783 113.5 275.5
      vertex 783 118.5 275.5
      vertex 783 118.5 300.5
    endloop
  endfacet
  facet normal 1 0 0
    outer loop
      vertex 783 113.5 275.5
      vertex 783 118.5 300.5
      vertex 783 113.5 300.5
    endloop
  endfacet
  facet normal 0 1 0
    outer loop
      vertex 783 118.5 275.5
      vertex 701 118.5 275.5
      vertex 701 118.5 300.5
    endloop
  endfacet
  facet normal 0 1 -0
    outer loop
      vertex 783 118.5 275.5
      vertex 701 118.5 300.5
      vertex 783 118.5 300.5
    endloop
  endfacet
  facet normal -1 0 0
    outer loop
      vertex 701 118.5 275.5
      vertex 701 113.5 275.5
      vertex 701 113.5 300.5
    endloop
  endfacet
  facet normal -1 0 0
    outer loop
      vertex 701 118.5 275.5
      vertex 701 113.5 300.5
      vertex 701 118.5 300.5
    endloop
  endfacet
  facet normal 0 1 0
    outer loop
      vertex 543.7713 114 243.4
      vertex 542.6 114 242.2287
      vertex 541 114 241.8
    endloop
  endfacet
  facet normal 0 1 0
    outer loop
      vertex 543.7713 114 243.4
      vertex 541 114 241.8
      vertex 539.4 114 242.2287
    endloop
  endfacet
  facet normal 0 1 0
    outer loop
      vertex 543.7713 114 243.4
      vertex 539.4 114 242.2287
      vertex 538.2287 114 243.4
    endloop
  endfacet
  facet normal 0 1 0
    outer loop
      vertex 543.7713 114 243.4
      vertex 538.2287 114 243.4
      vertex 537.8 114 245
    endloop
  endfacet
  facet normal 0 1 0
    outer loop
      vertex 543.7713 114 243.4
      vertex 537.8 114 245
      vertex 538.2287 114 246.6
    endloop
  endfacet
  facet normal 0 1 0
    outer loop
      vertex 543.7713 114 243.4
      vertex 538.2287 114 246.6
      vertex 539.4 114 247.7713
    endloop
  endfacet
  facet normal 0 1 0
    outer loop
      vertex 543.7713 114 243.4
      vertex 539.4 114 247.7713
      vertex 541 114 248.2
    endloop
  endfacet
  facet normal 0 1 0
    outer loop
      vertex 543.7713 114 243.4
      vertex 541 114 248.2
      vertex 542.6 114 247.7713
    endloop
  endfacet
  facet normal 0 1 -0
    outer loop
      vertex 543.7713 114 243.4
      vertex 542.6 114 247.7713
      vertex 543.7713 114 246.6
    endloop
  endfacet
  facet normal 0 1 0
    outer loop
      vertex 543.7713 114 243.4
      vertex 543.7713 114 246.6
      vertex 544.2 114 245
    endloop
  endfacet
  facet normal 0 -1 0
    outer loop
      vertex 544.2 109 245
      vertex 543.7713 109 246.6
      vertex 542.6 109 247.7713
    endloop
  endfacet
  facet normal 0 -1 0
    outer loop
      vertex 544.2 109 245
      vertex 542.6 109 247.7713
      vertex 541 109 248.2
    endloop
  endfacet
  facet normal 0 -1 0
    outer loop
      vertex 544.2 109 245
      vertex 541 109 248.2
      vertex 539.4 109 247.7713
    endloop
  endfacet
  facet normal 0 -1 0
    outer loop
      vertex 544.2 109 245
      vertex 539.4 109 247.7713
      vertex 538.2287 109 246.6
    endloop
  endfacet
  facet normal 0 -1 0
    outer loop
      vertex 544.2 109 245
      vertex 538.2287 109 246.6
      vertex 537.8 109 245
    endloop
  endfacet
  facet normal -0 -1 0
    outer loop
      vertex 544.2 109 245
      vertex 537.8 109 245
      vertex 538.2287 109 243.4
    endloop
  endfacet
  facet normal 0 -1 0
    outer loop
      vertex 544.2 109 245
      vertex 538.2287 109 243.4
      vertex 539.4 109 242.2287
    endloop
  endfacet
  facet normal 0 -1 0
    outer loop
      vertex 544.2 109 245
      vertex 539.4 109 242.2287
      vertex 541 109 241.8
    endloop
  endfacet
  facet normal 0 -1 0
    outer loop
      vertex 544.2 109 245
      vertex 541 109 241.8
      vertex 542.6 109 242.2287
    endloop
  endfacet
  facet normal 0 -1 0
    outer loop
      vertex 544.2 109 245
      vertex 542.6 109 242.2287
      vertex 543.7713 109 243.4
    endloop
  endfacet
  facet normal 0.9659258 0 0.258819
    outer loop
      vertex 544.2 114 245
      vertex 543.7713 114 246.6
      vertex 543.7713 109 246.6
    endloop
  endfacet
  facet normal 0.9659258 0 0.258819
    outer loop
      vertex 544.2 114 245
      vertex 543.7713 109 246.6
      vertex 544.2 109 245
    endloop
  endfacet
  facet normal 0.7071068 0 0.7071068
    outer loop
      vertex 543.7713 114 246.6
      vertex 542.6 114 247.7713
      vertex 542.6 109 247.7713
    endloop
  endfacet
  facet normal 0.7071068 0 0.7071068
    outer loop
      vertex 543.7713 114 246.6
      vertex 542.6 109 247.7713
      vertex 543.7713 109 246.6
    endloop
  endfacet
  facet normal 0.258819 0 0.9659258
    outer loop
      vertex 542.6 114 247.7713
      vertex 541 114 248.2
      vertex 541 109 248.2
    endloop
  endfacet
  facet normal 0.258819 0 0.9659258
    outer loop
      vertex 542.6 114 247.7713
      vertex 541 109 248.2
      vertex 542.6 109 247.7713
    endloop
  endfacet
  facet normal -0.258819 0 0.9659258
    outer loop
      vertex 541 114 248.2
      vertex 539.4 114 247.7713
      vertex 539.4 109 247.7713
    endloop
  endfacet
  facet normal -0.258819 0 0.9659258
    outer loop
      vertex 541 114 248.2
      vertex 539.4 109 247.7713
      vertex 541 109 248.2
    endloop
  endfacet
  facet normal -0.7071068 0 0.7071068
    outer loop
      vertex 539.4 114 247.7713
      vertex 538.2287 114 246.6
      vertex 538.2287 109 246.6
    endloop
  endfacet
  facet normal -0.7071068 0 0.7071068
    outer loop
      vertex 539.4 114 247.7713
      vertex 538.2287 109 246.6
      vertex 539.4 109 247.7713
    endloop
  endfacet
  facet normal -0.9659258 0 0.258819
    outer loop
      vertex 538.2287 114 246.6
      vertex 537.8 114 245
      vertex 537.8 109 245
    endloop
  endfacet
  facet normal -0.9659258 0 0.258819
    outer loop
      vertex 538.2287 114 246.6
      vertex 537.8 109 245
      vertex 538.2287 109 246.6
    endloop
  endfacet
  facet normal -0.9659258 0 -0.258819
    outer loop
      vertex 537.8 114 245
      vertex 538.2287 114 243.4
      vertex 538.2287 109 243.4
    endloop
  endfacet
  facet normal -0.9659258 -0 -0.258819
    outer loop
      vertex 537.8 114 245
      vertex 538.2287 109 243.4
      vertex 537.8 109 245
    endloop
  endfacet
  facet normal -0.7071068 0 -0.7071068
    outer loop
      vertex 538.2287 114 243.4
      vertex 539.4 114 242.2287
      vertex 539.4 109 242.2287
    endloop
  endfacet
  facet normal -0.7071068 -0 -0.7071068
    outer loop
      vertex 538.2287 114 243.4
      vertex 539.4 109 242.2287
      vertex 538.2287 109 243.4
    endloop
  endfacet
  facet normal -0.258819 0 -0.9659258
    outer loop
      vertex 539.4 114 242.2287
      vertex 541 114 241.8
      vertex 541 109 241.8
    endloop
  endfacet
  facet normal -0.258819 -0 -0.9659258
    outer loop
      vertex 539.4 114 242.2287
      vertex 541 109 241.8
      vertex 539.4 109 242.2287
    endloop
  endfacet
  facet normal 0.258819 0 -0.9659258
    outer loop
      vertex 541 114 241.8
      vertex 542.6 114 242.2287
      vertex 542.6 109 242.2287
    endloop
  endfacet
  facet normal 0.258819 0 -0.9659258
    outer loop
      vertex 541 114 241.8
      vertex 542.6 109 242.2287
      vertex 541 109 241.8
    endloop
  endfacet
  facet normal 0.7071068 0 -0.7071068
    outer loop
      vertex 542.6 114 242.2287
      vertex 543.7713 114 243.4
      vertex 543.7713 109 243.4
    endloop
  endfacet
  facet normal 0.7071068 0 -0.7071068
    outer loop
      vertex 542.6 114 242.2287
      vertex 543.7713 109 243.4
      vertex 542.6 109 242.2287
    endloop
  endfacet
  facet normal 0.9659258 0 -0.258819
    outer loop
      vertex 543.7713 114 243.4
      vertex 544.2 114 245
      vertex 544.2 109 245
    endloop
  endfacet
  facet normal 0.9659258 0 -0.258819
    outer loop
      vertex 543.7713 114 243.4
      vertex 544.2 109 245
      vertex 543.7713 109 243.4
    endloop
  endfacet
  facet normal 0 1 0
    outer loop
      vertex 543.7713 114 313.4
      vertex 542.6 114 312.2287
      vertex 541 114 311.8
    endloop
  endfacet
  facet normal 0 1 0
    outer loop
      vertex 543.7713 114 313.4
      vertex 541 114 311.8
      vertex 539.4 114 312.2287
    endloop
  endfacet
  facet normal 0 1 0
    outer loop
      vertex 543.7713 114 313.4
      vertex 539.4 114 312.2287
      vertex 538.2287 114 313.4
    endloop
  endfacet
  facet normal 0 1 0
    outer loop
      vertex 543.7713 114 313.4
      vertex 538.2287 114 313.4
      vertex 537.8 114 315
    endloop
  endfacet
  facet normal 0 1 0
    outer loop
      vertex 543.7713 114 313.4
      vertex 537.8 114 315
      vertex 538.2287 114 316.6
    endloop
  endfacet
  facet normal 0 1 0
    outer loop
      vertex 543.7713 114 313.4
      vertex 538.2287 114 316.6
      vertex 539.4 114 317.7713
    endloop
  endfacet
  facet normal 0 1 0
    outer loop
      vertex 543.7713 114 313.4
      vertex 539.4 114 317.7713
      vertex 541 114 318.2
    endloop
  endfacet
  facet normal 0 1 0
    outer loop
      vertex 543.7713 114 313.4
      vertex 541 114 318.2
      vertex 542.6 114 317.7713
    endloop
  endfacet
  facet normal 0 1 -0
    outer loop
      vertex 543.7713 114 313.4
      vertex 542.6 114 317.7713
      vertex 543.7713 114 316.6
    endloop
  endfacet
  facet normal 0 1 0
    outer loop
      vertex 543.7713 114 313.4
      vertex 543.7713 114 316.6
      vertex 544.2 114 315
    endloop
  endfacet
  facet normal 0 -1 0
    outer loop
      vertex 544.2 109 315
      vertex 543.7713 109 316.6
      vertex 542.6 109 317.7713
    endloop
  endfacet
  facet normal 0 -1 0
    outer loop
      vertex 544.2 109 315
      vertex 542.6 109 317.7713
      vertex 541 109 318.2
    endloop
  endfacet
  facet normal 0 -1 0
    outer loop
      vertex 544.2 109 315
      vertex 541 109 318.2
      vertex 539.4 109 317.7713
    endloop
  endfacet
  facet normal 0 -1 0
    outer loop
      vertex 544.2 109 315
      vertex 539.4 109 317.7713
      vertex 538.2287 109 316.6
    endloop
  endfacet
  facet normal 0 -1 0
    outer loop
      vertex 544.2 109 315
      vertex 538.2287 109 316.6
      vertex 537.8 109 315
    endloop
  endfacet
  facet normal -0 -1 0
    outer loop
      vertex 544.2 109 315
      vertex 537.8 109 315
      vertex 538.2287 109 313.4
    endloop
  endfacet
  facet normal 0 -1 0
    outer loop
      vertex 544.2 109 315
      vertex 538.2287 109 313.4
      vertex 539.4 109 312.2287
    endloop
  endfacet
  facet normal 0 -1 0
    outer loop
      vertex 544.2 109 315
      vertex 539.4 109 312.2287
      vertex 541 109 311.8
    endloop
  endfacet
  facet normal 0 -1 0
    outer loop
      vertex 544.2 109 315
      vertex 541 109 311.8
      vertex 542.6 109 312.2287
    endloop
  endfacet
  facet normal 0 -1 0
    outer loop
      vertex 544.2 109 315
      vertex 542.6 109 312.2287
      vertex 543.7713 109 313.4
    endloop
  endfacet
  facet normal 0.9659258 0 0.258819
    outer loop
      vertex 544.2 114 315
      vertex 543.7713 114 316.6
      vertex 543.7713 109 316.6
    endloop
  endfacet
  facet normal 0.9659258 0 0.258819
    outer loop
      vertex 544.2 114 315
      vertex 543.7713 109 316.6
      vertex 544.2 109 315
    endloop
  endfacet
  facet normal 0.7071068 0 0.7071068
    outer loop
      vertex 543.7713 114 316.6
      vertex 542.6 114 317.7713
      vertex 542.6 109 317.7713
    endloop
  endfacet
  facet normal 0.7071068 0 0.7071068
    outer loop
      vertex 543.7713 114 316.6
      vertex 542.6 109 317.7713
      vertex 543.7713 109 316.6
    endloop
  endfacet
  facet normal 0.258819 0 0.9659258
    outer loop
      vertex 542.6 114 317.7713
      vertex 541 114 318.2
      vertex 541 109 318.2
    endloop
  endfacet
  facet normal 0.258819 0 0.9659258
    outer loop
      vertex 542.6 114 317.7713
      vertex 541 109 318.2
      vertex 542.6 109 317.7713
    endloop
  endfacet
  facet normal -0.258819 0 0.9659258
    outer loop
      vertex 541 114 318.2
      vertex 539.4 114 317.7713
      vertex 539.4 109 317.7713
    endloop
  endfacet
  facet normal -0.258819 0 0.9659258
    outer loop
      vertex 541 114 318.2
      vertex 539.4 109 317.7713
      vertex 541 109 318.2
    endloop
  endfacet
  facet normal -0.7071068 0 0.7071068
    outer loop
      vertex 539.4 114 317.7713
      vertex 538.2287 114 316.6
      vertex 538.2287 109 316.6
    endloop
  endfacet
  facet normal -0.7071068 0 0.7071068
    outer loop
      vertex 539.4 114 317.7713
      vertex 538.2287 109 316.6
      vertex 539.4 109 317.7713
    endloop
  endfacet
  facet normal -0.9659258 0 0.258819
    outer loop
      vertex 538.2287 114 316.6
      vertex 537.8 114 315
      vertex 537.8 109 315
    endloop
  endfacet
  facet normal -0.9659258 0 0.258819
    outer loop
      vertex 538.2287 114 316.6
      vertex 537.8 109 315
      vertex 538.2287 109 316.6
    endloop
  endfacet
  facet normal -0.9659258 0 -0.258819
    outer loop
      vertex 537.8 114 315
      vertex 538.2287 114 313.4
      vertex 538.2287 109 313.4
    endloop
  endfacet
  facet normal -0.9659258 -0 -0.258819
    outer loop
      vertex 537.8 114 315
      vertex 538.2287 109 313.4
      vertex 537.8 109 315
    endloop
  endfacet
  facet normal -0.7071068 0 -0.7071068
    outer loop
      vertex 538.2287 114 313.4
      vertex 539.4 114 312.2287
      vertex 539.4 109 312.2287
    endloop
  endfacet
  facet normal -0.7071068 -0 -0.7071068
    outer loop
      vertex 538.2287 114 313.4
      vertex 539.4 109 312.2287
      vertex 538.2287 109 313.4
    endloop
  endfacet
  facet normal -0.258819 0 -0.9659258
    outer loop
      vertex 539.4 114 312.2287
      vertex 541 114 311.8
      vertex 541 109 311.8
    endloop
  endfacet
  facet normal -0.258819 -0 -0.9659258
    outer loop
      vertex 539.4 114 312.2287
      vertex 541 109 311.8
      vertex 539.4 109 312.2287
    endloop
  endfacet
  facet normal 0.258819 0 -0.9659258
    outer loop
      vertex 541 114 311.8
      vertex 542.6 114 312.2287
      vertex 542.6 109 312.2287
    endloop
  endfacet
  facet normal 0.258819 0 -0.9659258
    outer loop
      vertex 541 114 311.8
      vertex 542.6 109 312.2287
      vertex 541 109 311.8
    endloop
  endfacet
  facet normal 0.7071068 0 -0.7071068
    outer loop
      vertex 542.6 114 312.2287
      vertex 543.7713 114 313.4
      vertex 543.7713 109 313.4
    endloop
  endfacet
  facet normal 0.7071068 0 -0.7071068
    outer loop
      vertex 542.6 114 312.2287
      vertex 543.7713 109 313.4
      vertex 542.6 109 312.2287
    endloop
  endfacet
  facet normal 0.9659258 0 -0.258819
    outer loop
      vertex 543.7713 114 313.4
      vertex 544.2 114 315
      vertex 544.2 109 315
    endloop
  endfacet
  facet normal 0.9659258 0 -0.258819
    outer loop
      vertex 543.7713 114 313.4
      vertex 544.2 109 315
      vertex 543.7713 109 313.4
    endloop
  endfacet
  facet normal 0 1 0
    outer loop
      vertex 731.7713 114 243.4
      vertex 730.6 114 242.2287
      vertex 729 114 241.8
    endloop
  endfacet
  facet normal 0 1 0
    outer loop
      vertex 731.7713 114 243.4
      vertex 729 114 241.8
      vertex 727.4 114 242.2287
    endloop
  endfacet
  facet normal 0 1 0
    outer loop
      vertex 731.7713 114 243.4
      vertex 727.4 114 242.2287
      vertex 726.2287 114 243.4
    endloop
  endfacet
  facet normal 0 1 0
    outer loop
      vertex 731.7713 114 243.4
      vertex 726.2287 114 243.4
      vertex 725.8 114 245
    endloop
  endfacet
  facet normal 0 1 0
    outer loop
      vertex 731.7713 114 243.4
      vertex 725.8 114 245
      vertex 726.2287 114 246.6
    endloop
  endfacet
  facet normal 0 1 0
    outer loop
      vertex 731.7713 114 243.4
      vertex 726.2287 114 246.6
      vertex 727.4 114 247.7713
    endloop
  endfacet
  facet normal 0 1 0
    outer loop
      vertex 731.7713 114 243.4
      vertex 727.4 114 247.7713
      vertex 729 114 248.2
    endloop
  endfacet
  facet normal 0 1 0
    outer loop
      vertex 731.7713 114 243.4
      vertex 729 114 248.2
      vertex 730.6 114 247.7713
    endloop
  endfacet
  facet normal 0 1 -0
    outer loop
      vertex 731.7713 114 243.4
      vertex 730.6 114 247.7713
      vertex 731.7713 114 246.6
    endloop
  endfacet
  facet normal 0 1 0
    outer loop
      vertex 731.7713 114 243.4
      vertex 731.7713 114 246.6
      vertex 732.2 114 245
    endloop
  endfacet
  facet normal 0 -1 0
    outer loop
      vertex 732.2 109 245
      vertex 731.7713 109 246.6
      vertex 730.6 109 247.7713
    endloop
  endfacet
  facet normal 0 -1 0
    outer loop
      vertex 732.2 109 245
      vertex 730.6 109 247.7713
      vertex 729 109 248.2
    endloop
  endfacet
  facet normal 0 -1 0
    outer loop
      vertex 732.2 109 245
      vertex 729 109 248.2
      vertex 727.4 109 247.7713
    endloop
  endfacet
  facet normal 0 -1 0
    outer loop
      vertex 732.2 109 245
      vertex 727.4 109 247.7713
      vertex 726.2287 109 246.6
    endloop
  endfacet
  facet normal 0 -1 0
    outer loop
      vertex 732.2 109 245
      vertex 726.2287 109 246.6
      vertex 725.8 109 245
    endloop
  endfacet
  facet normal -0 -1 0
    outer loop
      vertex 732.2 109 245
      vertex 725.8 109 245
      vertex 726.2287 109 243.4
    endloop
  endfacet
  facet normal 0 -1 0
    outer loop
      vertex 732.2 109 245
      vertex 726.2287 109 243.4
      vertex 727.4 109 242.2287
    endloop
  endfacet
  facet normal 0 -1 0
    outer loop
      vertex 732.2 109 245
      vertex 727.4 109 242.2287
      vertex 729 109 241.8
    endloop
  endfacet
  facet normal 0 -1 0
    outer loop
      vertex 732.2 109 245
      vertex 729 109 241.8
      vertex 730.6 109 242.2287
    endloop
  endfacet
  facet normal 0 -1 0
    outer loop
      vertex 732.2 109 245
      vertex 730.6 109 242.2287
      vertex 731.7713 109 243.4
    endloop
  endfacet
  facet normal 0.9659258 0 0.258819
    outer loop
      vertex 732.2 114 245
      vertex 731.7713 114 246.6
      vertex 731.7713 109 246.6
    endloop
  endfacet
  facet normal 0.9659258 0 0.258819
    outer loop
      vertex 732.2 114 245
      vertex 731.7713 109 246.6
      vertex 732.2 109 245
    endloop
  endfacet
  facet normal 0.7071068 0 0.7071068
    outer loop
      vertex 731.7713 114 246.6
      vertex 730.6 114 247.7713
      vertex 730.6 109 247.7713
    endloop
  endfacet
  facet normal 0.7071068 0 0.7071068
    outer loop
      vertex 731.7713 114 246.6
      vertex 730.6 109 247.7713
      vertex 731.7713 109 246.6
    endloop
  endfacet
  facet normal 0.258819 0 0.9659258
    outer loop
      vertex 730.6 114 247.7713
      vertex 729 114 248.2
      vertex 729 109 248.2
    endloop
  endfacet
  facet normal 0.258819 0 0.9659258
    outer loop
      vertex 730.6 114 247.7713
      vertex 729 109 248.2
      vertex 730.6 109 247.7713
    endloop
  endfacet
  facet normal -0.258819 0 0.9659258
    outer loop
      vertex 729 114 248.2
      vertex 727.4 114 247.7713
      vertex 727.4 109 247.7713
    endloop
  endfacet
  facet normal -0.258819 0 0.9659258
    outer loop
      vertex 729 114 248.2
      vertex 727.4 109 247.7713
      vertex 729 109 248.2
    endloop
  endfacet
  facet normal -0.7071068 0 0.7071068
    outer loop
      vertex 727.4 114 247.7713
      vertex 726.2287 114 246.6
      vertex 726.2287 109 246.6
    endloop
  endfacet
  facet normal -0.7071068 0 0.7071068
    outer loop
      vertex 727.4 114 247.7713
      vertex 726.2287 109 246.6
      vertex 727.4 109 247.7713
    endloop
  endfacet
  facet normal -0.9659258 0 0.258819
    outer loop
      vertex 726.2287 114 246.6
      vertex 725.8 114 245
      vertex 725.8 109 245
    endloop
  endfacet
  facet normal -0.9659258 0 0.258819
    outer loop
      vertex 726.2287 114 246.6
      vertex 725.8 109 245
      vertex 726.2287 109 246.6
    endloop
  endfacet
  facet normal -0.9659258 0 -0.258819
    outer loop
      vertex 725.8 114 245
      vertex 726.2287 114 243.4
      vertex 726.2287 109 243.4
    endloop
  endfacet
  facet normal -0.9659258 -0 -0.258819
    outer loop
      vertex 725.8 114 245
      vertex 726.2287 109 243.4
      vertex 725.8 109 245
    endloop
  endfacet
  facet normal -0.7071068 0 -0.7071068
    outer loop
      vertex 726.2287 114 243.4
      vertex 727.4 114 242.2287
      vertex 727.4 109 242.2287
    endloop
  endfacet
  facet normal -0.7071068 -0 -0.7071068
    outer loop
      vertex 726.2287 114 243.4
      vertex 727.4 109 242.2287
      vertex 726.2287 109 243.4
    endloop
  endfacet
  facet normal -0.258819 0 -0.9659258
    outer loop
      vertex 727.4 114 242.2287
      vertex 729 114 241.8
      vertex 729 109 241.8
    endloop
  endfacet
  facet normal -0.258819 -0 -0.9659258
    outer loop
      vertex 727.4 114 242.2287
      vertex 729 109 241.8
      vertex 727.4 109 242.2287
    endloop
  endfacet
  facet normal 0.258819 0 -0.9659258
    outer loop
      vertex 729 114 241.8
      vertex 730.6 114 242.2287
      vertex 730.6 109 242.2287
    endloop
  endfacet
  facet normal 0.258819 0 -0.9659258
    outer loop
      vertex 729 114 241.8
      vertex 730.6 109 242.2287
      vertex 729 109 241.8
    endloop
  endfacet
  facet normal 0.7071068 0 -0.7071068
    outer loop
      vertex 730.6 114 242.2287
      vertex 731.7713 114 243.4
      vertex 731.7713 109 243.4
    endloop
  endfacet
  facet normal 0.7071068 0 -0.7071068
    outer loop
      vertex 730.6 114 242.2287
      vertex 731.7713 109 243.4
      vertex 730.6 109 242.2287
    endloop
  endfacet
  facet normal 0.9659258 0 -0.258819
    outer loop
      vertex 731.7713 114 243.4
      vertex 732.2 114 245
      vertex 732.2 109 245
    endloop
  endfacet
  facet normal 0.9659258 0 -0.258819
    outer loop
      vertex 731.7713 114 243.4
      vertex 732.2 109 245
      vertex 731.7713 109 243.4
    endloop
  endfacet
  facet normal 0 1 0
    outer loop
      vertex 731.7713 114 313.4
      vertex 730.6 114 312.2287
      vertex 729 114 311.8
    endloop
  endfacet
  facet normal 0 1 0
    outer loop
      vertex 731.7713 114 313.4
      vertex 729 114 311.8
      vertex 727.4 114 312.2287
    endloop
  endfacet
  facet normal 0 1 0
    outer loop
      vertex 731.7713 114 313.4
      vertex 727.4 114 312.2287
      vertex 726.2287 114 313.4
    endloop
  endfacet
  facet normal 0 1 0
    outer loop
      vertex 731.7713 114 313.4
      vertex 726.2287 114 313.4
      vertex 725.8 114 315
    endloop
  endfacet
  facet normal 0 1 0
    outer loop
      vertex 731.7713 114 313.4
      vertex 725.8 114 315
      vertex 726.2287 114 316.6
    endloop
  endfacet
  facet normal 0 1 0
    outer loop
      vertex 731.7713 114 313.4
      vertex 726.2287 114 316.6
      vertex 727.4 114 317.7713
    endloop
  endfacet
  facet normal 0 1 0
    outer loop
      vertex 731.7713 114 313.4
      vertex 727.4 114 317.7713
      vertex 729 114 318.2
    endloop
  endfacet
  facet normal 0 1 0
    outer loop
      vertex 731.7713 114 313.4
      vertex 729 114 318.2
      vertex 730.6 114 317.7713
    endloop
  endfacet
  facet normal 0 1 -0
    outer loop
      vertex 731.7713 114 313.4
      vertex 730.6 114 317.7713
      vertex 731.7713 114 316.6
    endloop
  endfacet
  facet normal 0 1 0
    outer loop
      vertex 731.7713 114 313.4
      vertex 731.7713 114 316.6
      vertex 732.2 114 315
    endloop
  endfacet
  facet normal 0 -1 0
    outer loop
      vertex 732.2 109 315
      vertex 731.7713 109 316.6
      vertex 730.6 109 317.7713
    endloop
  endfacet
  facet normal 0 -1 0
    outer loop
      vertex 732.2 109 315
      vertex 730.6 109 317.7713
      vertex 729 109 318.2
    endloop
  endfacet
  facet normal 0 -1 0
    outer loop
      vertex 732.2 109 315
      vertex 729 109 318.2
      vertex 727.4 109 317.7713
    endloop
  endfacet
  facet normal 0 -1 0
    outer loop
      vertex 732.2 109 315
      vertex 727.4 109 317.7713
      vertex 726.2287 109 316.6
    endloop
  endfacet
  facet normal 0 -1 0
    outer loop
      vertex 732.2 109 315
      vertex 726.2287 109 316.6
      vertex 725.8 109 315
    endloop
  endfacet
  facet normal -0 -1 0
    outer loop
      vertex 732.2 109 315
      vertex 725.8 109 315
      vertex 726.2287 109 313.4
    endloop
  endfacet
  facet normal 0 -1 0
    outer loop
      vertex 732.2 109 315
      vertex 726.2287 109 313.4
      vertex 727.4 109 312.2287
    endloop
  endfacet
  facet normal 0 -1 0
    outer loop
      vertex 732.2 109 315
      vertex 727.4 109 312.2287
      vertex 729 109 311.8
    endloop
  endfacet
  facet normal 0 -1 0
    outer loop
      vertex 732.2 109 315
      vertex 729 109 311.8
      vertex 730.6 109 312.2287
    endloop
  endfacet
  facet normal 0 -1 0
    outer loop
      vertex 732.2 109 315
      vertex 730.6 109 312.2287
      vertex 731.7713 109 313.4
    endloop
  endfacet
  facet normal 0.9659258 0 0.258819
    outer loop
      vertex 732.2 114 315
      vertex 731.7713 114 316.6
      vertex 731.7713 109 316.6
    endloop
  endfacet
  facet normal 0.9659258 0 0.258819
    outer loop
      vertex 732.2 114 315
      vertex 731.7713 109 316.6
      vertex 732.2 109 315
    endloop
  endfacet
  facet normal 0.7071068 0 0.7071068
    outer loop
      vertex 731.7713 114 316.6
      vertex 730.6 114 317.7713
      vertex 730.6 109 317.7713
    endloop
  endfacet
  facet normal 0.7071068 0 0.7071068
    outer loop
      vertex 731.7713 114 316.6
      vertex 730.6 109 317.7713
      vertex 731.7713 109 316.6
    endloop
  endfacet
  facet normal 0.258819 0 0.9659258
    outer loop
      vertex 730.6 114 317.7713
      vertex 729 114 318.2
      vertex 729 109 318.2
    endloop
  endfacet
  facet normal 0.258819 0 0.9659258
    outer loop
      vertex 730.6 114 317.7713
      vertex 729 109 318.2
      vertex 730.6 109 317.7713
    endloop
  endfacet
  facet normal -0.258819 0 0.9659258
    outer loop
      vertex 729 114 318.2
      vertex 727.4 114 317.7713
      vertex 727.4 109 317.7713
    endloop
  endfacet
  facet normal -0.258819 0 0.9659258
    outer loop
      vertex 729 114 318.2
      vertex 727.4 109 317.7713
      vertex 729 109 318.2
    endloop
  endfacet
  facet normal -0.7071068 0 0.7071068
    outer loop
      vertex 727.4 114 317.7713
      vertex 726.2287 114 316.6
      vertex 726.2287 109 316.6
    endloop
  endfacet
  facet normal -0.7071068 0 0.7071068
    outer loop
      vertex 727.4 114 317.7713
      vertex 726.2287 109 316.6
      vertex 727.4 109 317.7713
    endloop
  endfacet
  facet normal -0.9659258 0 0.258819
    outer loop
      vertex 726.2287 114 316.6
      vertex 725.8 114 315
      vertex 725.8 109 315
    endloop
  endfacet
  facet normal -0.9659258 0 0.258819
    outer loop
      vertex 726.2287 114 316.6
      vertex 725.8 109 315
      vertex 726.2287 109 316.6
    endloop
  endfacet
  facet normal -0.9659258 0 -0.258819
    outer loop
      vertex 725.8 114 315
      vertex 726.2287 114 313.4
      vertex 726.2287 109 313.4
    endloop
  endfacet
  facet normal -0.9659258 -0 -0.258819
    outer loop
      vertex 725.8 114 315
      vertex 726.2287 109 313.4
      vertex 725.8 109 315
    endloop
  endfacet
  facet normal -0.7071068 0 -0.7071068
    outer loop
      vertex 726.2287 114 313.4
      vertex 727.4 114 312.2287
      vertex 727.4 109 312.2287
    endloop
  endfacet
  facet normal -0.7071068 -0 -0.7071068
    outer loop
      vertex 726.2287 114 313.4
      vertex 727.4 109 312.2287
      vertex 726.2287 109 313.4
    endloop
  endfacet
  facet normal -0.258819 0 -0.9659258
    outer loop
      vertex 727.4 114 312.2287
      vertex 729 114 311.8
      vertex 729 109 311.8
    endloop
  endfacet
  facet normal -0.258819 -0 -0.9659258
    outer loop
      vertex 727.4 114 312.2287
      vertex 729 109 311.8
      vertex 727.4 109 312.2287
    endloop
  endfacet
  facet normal 0.258819 0 -0.9659258
    outer loop
      vertex 729 114 311.8
      vertex 730.6 114 312.2287
      vertex 730.6 109 312.2287
    endloop
  endfacet
  facet normal 0.258819 0 -0.9659258
    outer loop
      vertex 729 114 311.8
      vertex 730.6 109 312.2287
      vertex 729 109 311.8
    endloop
  endfacet
  facet normal 0.7071068 0 -0.7071068
    outer loop
      vertex 730.6 114 312.2287
      vertex 731.7713 114 313.4
      vertex 731.7713 109 313.4
    endloop
  endfacet
  facet normal 0.7071068 0 -0.7071068
    outer loop
      vertex 730.6 114 312.2287
      vertex 731.7713 109 313.4
      vertex 730.6 109 312.2287
    endloop
  endfacet
  facet normal 0.9659258 0 -0.258819
    outer loop
      vertex 731.7713 114 313.4
      vertex 732.2 114 315
      vertex 732.2 109 315
    endloop
  endfacet
  facet normal 0.9659258 0 -0.258819
    outer loop
      vertex 731.7713 114 313.4
      vertex 732.2 109 315
      vertex 731.7713 109 313.4
    endloop
  endfacet
  facet normal 0 0 -1
    outer loop
      vertex 520 264.5 236
      vertex 520 359.5 236
      vertex 750 359.5 236
    endloop
  endfacet
  facet normal 0 0 -1
    outer loop
      vertex 520 264.5 236
      vertex 750 359.5 236
      vertex 750 264.5 236
    endloop
  endfacet
  facet normal 0 0 1
    outer loop
      vertex 520 264.5 324
      vertex 750 264.5 324
      vertex 750 359.5 324
    endloop
  endfacet
  facet normal 0 0 1
    outer loop
      vertex 520 264.5 324
      vertex 750 359.5 324
      vertex 520 359.5 324
    endloop
  endfacet
  facet normal 0 -1 0
    outer loop
      vertex 520 264.5 236
      vertex 750 264.5 236
      vertex 750 264.5 324
    endloop
  endfacet
  facet normal 0 -1 0
    outer loop
      vertex 520 264.5 236
      vertex 750 264.5 324
      vertex 520 264.5 324
    endloop
  endfacet
  facet normal 1 0 0
    outer loop
      vertex 750 264.5 236
      vertex 750 359.5 236
      vertex 750 359.5 324
    endloop
  endfacet
  facet normal 1 0 0
    outer loop
      vertex 750 264.5 236
      vertex 750 359.5 324
      vertex 750 264.5 324
    endloop
  endfacet
  facet normal 0 1 0
    outer loop
      vertex 750 359.5 236
      vertex 520 359.5 236
      vertex 520 359.5 324
    endloop
  endfacet
  facet normal 0 1 -0
    outer loop
      vertex 750 359.5 236
      vertex 520 359.5 324
      vertex 750 359.5 324
    endloop
  endfacet
  facet normal -1 0 0
    outer loop
      vertex 520 359.5 236
      vertex 520 264.5 236
      vertex 520 264.5 324
    endloop
  endfacet
  facet normal -1 0 0
    outer loop
      vertex 520 359.5 236
      vertex 520 264.5 324
      vertex 520 359.5 324
    endloop
  endfacet
  facet normal 0 0 -1
    outer loop
      vertex 510 268 242
      vertex 510 356 242
      vertex 520 356 242
    endloop
  endfacet
  facet normal 0 0 -1
    outer loop
      vertex 510 268 242
      vertex 520 356 242
      vertex 520 268 242
    endloop
  endfacet
  facet normal 0 0 1
    outer loop
      vertex 510 268 318
      vertex 520 268 318
      vertex 520 356 318
    endloop
  endfacet
  facet normal 0 0 1
    outer loop
      vertex 510 268 318
      vertex 520 356 318
      vertex 510 356 318
    endloop
  endfacet
  facet normal 0 -1 0
    outer loop
      vertex 510 268 242
      vertex 520 268 242
      vertex 520 268 318
    endloop
  endfacet
  facet normal 0 -1 0
    outer loop
      vertex 510 268 242
      vertex 520 268 318
      vertex 510 268 318
    endloop
  endfacet
  facet normal 1 0 0
    outer loop
      vertex 520 268 242
      vertex 520 356 242
      vertex 520 356 318
    endloop
  endfacet
  facet normal 1 0 0
    outer loop
      vertex 520 268 242
      vertex 520 356 318
      vertex 520 268 318
    endloop
  endfacet
  facet normal 0 1 0
    outer loop
      vertex 520 356 242
      vertex 510 356 242
      vertex 510 356 318
    endloop
  endfacet
  facet normal 0 1 -0
    outer loop
      vertex 520 356 242
      vertex 510 356 318
      vertex 520 356 318
    endloop
  endfacet
  facet normal -1 0 0
    outer loop
      vertex 510 356 242
      vertex 510 268 242
      vertex 510 268 318
    endloop
  endfacet
  facet normal -1 0 0
    outer loop
      vertex 510 356 242
      vertex 510 268 318
      vertex 510 356 318
    endloop
  endfacet
  facet normal 0 0 -1
    outer loop
      vertex 531 310 322.5
      vertex 531 314 322.5
      vertex 741 314 322.5
    endloop
  endfacet
  facet normal 0 0 -1
    outer loop
      vertex 531 310 322.5
      vertex 741 314 322.5
      vertex 741 310 322.5
    endloop
  endfacet
  facet normal 0 0 1
    outer loop
      vertex 531 310 327.5
      vertex 741 310 327.5
      vertex 741 314 327.5
    endloop
  endfacet
  facet normal 0 0 1
    outer loop
      vertex 531 310 327.5
      vertex 741 314 327.5
      vertex 531 314 327.5
    endloop
  endfacet
  facet normal 0 -1 0
    outer loop
      vertex 531 310 322.5
      vertex 741 310 322.5
      vertex 741 310 327.5
    endloop
  endfacet
  facet normal 0 -1 0
    outer loop
      vertex 531 310 322.5
      vertex 741 310 327.5
      vertex 531 310 327.5
    endloop
  endfacet
  facet normal 1 0 0
    outer loop
      vertex 741 310 322.5
      vertex 741 314 322.5
      vertex 741 314 327.5
    endloop
  endfacet
  facet normal 1 0 0
    outer loop
      vertex 741 310 322.5
      vertex 741 314 327.5
      vertex 741 310 327.5
    endloop
  endfacet
  facet normal 0 1 0
    outer loop
      vertex 741 314 322.5
      vertex 531 314 322.5
      vertex 531 314 327.5
    endloop
  endfacet
  facet normal 0 1 -0
    outer loop
      vertex 741 314 322.5
      vertex 531 314 327.5
      vertex 741 314 327.5
    endloop
  endfacet
  facet normal -1 0 0
    outer loop
      vertex 531 314 322.5
      vertex 531 310 322.5
      vertex 531 310 327.5
    endloop
  endfacet
  facet normal -1 0 0
    outer loop
      vertex 531 314 322.5
      vertex 531 310 327.5
      vertex 531 314 327.5
    endloop
  endfacet
  facet normal 0 0 -1
    outer loop
      vertex 701 260.5 275.5
      vertex 701 265.5 275.5
      vertex 783 265.5 275.5
    endloop
  endfacet
  facet normal 0 0 -1
    outer loop
      vertex 701 260.5 275.5
      vertex 783 265.5 275.5
      vertex 783 260.5 275.5
    endloop
  endfacet
  facet normal 0 0 1
    outer loop
      vertex 701 260.5 300.5
      vertex 783 260.5 300.5
      vertex 783 265.5 300.5
    endloop
  endfacet
  facet normal 0 0 1
    outer loop
      vertex 701 260.5 300.5
      vertex 783 265.5 300.5
      vertex 701 265.5 300.5
    endloop
  endfacet
  facet normal 0 -1 0
    outer loop
      vertex 701 260.5 275.5
      vertex 783 260.5 275.5
      vertex 783 260.5 300.5
    endloop
  endfacet
  facet normal 0 -1 0
    outer loop
      vertex 701 260.5 275.5
      vertex 783 260.5 300.5
      vertex 701 260.5 300.5
    endloop
  endfacet
  facet normal 1 0 0
    outer loop
      vertex 783 260.5 275.5
      vertex 783 265.5 275.5
      vertex 783 265.5 300.5
    endloop
  endfacet
  facet normal 1 0 0
    outer loop
      vertex 783 260.5 275.5
      vertex 783 265.5 300.5
      vertex 783 260.5 300.5
    endloop
  endfacet
  facet normal 0 1 0
    outer loop
      vertex 783 265.5 275.5
      vertex 701 265.5 275.5
      vertex 701 265.5 300.5
    endloop
  endfacet
  facet normal 0 1 -0
    outer loop
      vertex 783 265.5 275.5
      vertex 701 265.5 300.5
      vertex 783 265.5 300.5
    endloop
  endfacet
  facet normal -1 0 0
    outer loop
      vertex 701 265.5 275.5
      vertex 701 260.5 275.5
      vertex 701 260.5 300.5
    endloop
  endfacet
  facet normal -1 0 0
    outer loop
      vertex 701 265.5 275.5
      vertex 701 260.5 300.5
      vertex 701 265.5 300.5
    endloop
  endfacet
  facet normal 0 1 0
    outer loop
      vertex 543.7713 261 243.4
      vertex 542.6 261 242.2287
      vertex 541 261 241.8
    endloop
  endfacet
  facet normal 0 1 0
    outer loop
      vertex 543.7713 261 243.4
      vertex 541 261 241.8
      vertex 539.4 261 242.2287
    endloop
  endfacet
  facet normal 0 1 0
    outer loop
      vertex 543.7713 261 243.4
      vertex 539.4 261 242.2287
      vertex 538.2287 261 243.4
    endloop
  endfacet
  facet normal 0 1 0
    outer loop
      vertex 543.7713 261 243.4
      vertex 538.2287 261 243.4
      vertex 537.8 261 245
    endloop
  endfacet
  facet normal 0 1 0
    outer loop
      vertex 543.7713 261 243.4
      vertex 537.8 261 245
      vertex 538.2287 261 246.6
    endloop
  endfacet
  facet normal 0 1 0
    outer loop
      vertex 543.7713 261 243.4
      vertex 538.2287 261 246.6
      vertex 539.4 261 247.7713
    endloop
  endfacet
  facet normal 0 1 0
    outer loop
      vertex 543.7713 261 243.4
      vertex 539.4 261 247.7713
      vertex 541 261 248.2
    endloop
  endfacet
  facet normal 0 1 0
    outer loop
      vertex 543.7713 261 243.4
      vertex 541 261 248.2
      vertex 542.6 261 247.7713
    endloop
  endfacet
  facet normal 0 1 -0
    outer loop
      vertex 543.7713 261 243.4
      vertex 542.6 261 247.7713
      vertex 543.7713 261 246.6
    endloop
  endfacet
  facet normal 0 1 0
    outer loop
      vertex 543.7713 261 243.4
      vertex 543.7713 261 246.6
      vertex 544.2 261 245
    endloop
  endfacet
  facet normal 0 -1 0
    outer loop
      vertex 544.2 256 245
      vertex 543.7713 256 246.6
      vertex 542.6 256 247.7713
    endloop
  endfacet
  facet normal 0 -1 0
    outer loop
      vertex 544.2 256 245
      vertex 542.6 256 247.7713
      vertex 541 256 248.2
    endloop
  endfacet
  facet normal 0 -1 0
    outer loop
      vertex 544.2 256 245
      vertex 541 256 248.2
      vertex 539.4 256 247.7713
    endloop
  endfacet
  facet normal 0 -1 0
    outer loop
      vertex 544.2 256 245
      vertex 539.4 256 247.7713
      vertex 538.2287 256 246.6
    endloop
  endfacet
  facet normal 0 -1 0
    outer loop
      vertex 544.2 256 245
      vertex 538.2287 256 246.6
      vertex 537.8 256 245
    endloop
  endfacet
  facet normal -0 -1 0
    outer loop
      vertex 544.2 256 245
      vertex 537.8 256 245
      vertex 538.2287 256 243.4
    endloop
  endfacet
  facet normal 0 -1 0
    outer loop
      vertex 544.2 256 245
      vertex 538.2287 256 243.4
      vertex 539.4 256 242.2287
    endloop
  endfacet
  facet normal 0 -1 0
    outer loop
      vertex 544.2 256 245
      vertex 539.4 256 242.2287
      vertex 541 256 241.8
    endloop
  endfacet
  facet normal 0 -1 0
    outer loop
      vertex 544.2 256 245
      vertex 541 256 241.8
      vertex 542.6 256 242.2287
    endloop
  endfacet
  facet normal 0 -1 0
    outer loop
      vertex 544.2 256 245
      vertex 542.6 256 242.2287
      vertex 543.7713 256 243.4
    endloop
  endfacet
  facet normal 0.9659258 0 0.258819
    outer loop
      vertex 544.2 261 245
      vertex 543.7713 261 246.6
      vertex 543.7713 256 246.6
    endloop
  endfacet
  facet normal 0.9659258 0 0.258819
    outer loop
      vertex 544.2 261 245
      vertex 543.7713 256 246.6
      vertex 544.2 256 245
    endloop
  endfacet
  facet normal 0.7071068 0 0.7071068
    outer loop
      vertex 543.7713 261 246.6
      vertex 542.6 261 247.7713
      vertex 542.6 256 247.7713
    endloop
  endfacet
  facet normal 0.7071068 0 0.7071068
    outer loop
      vertex 543.7713 261 246.6
      vertex 542.6 256 247.7713
      vertex 543.7713 256 246.6
    endloop
  endfacet
  facet normal 0.258819 0 0.9659258
    outer loop
      vertex 542.6 261 247.7713
      vertex 541 261 248.2
      vertex 541 256 248.2
    endloop
  endfacet
  facet normal 0.258819 0 0.9659258
    outer loop
      vertex 542.6 261 247.7713
      vertex 541 256 248.2
      vertex 542.6 256 247.7713
    endloop
  endfacet
  facet normal -0.258819 0 0.9659258
    outer loop
      vertex 541 261 248.2
      vertex 539.4 261 247.7713
      vertex 539.4 256 247.7713
    endloop
  endfacet
  facet normal -0.258819 0 0.9659258
    outer loop
      vertex 541 261 248.2
      vertex 539.4 256 247.7713
      vertex 541 256 248.2
    endloop
  endfacet
  facet normal -0.7071068 0 0.7071068
    outer loop
      vertex 539.4 261 247.7713
      vertex 538.2287 261 246.6
      vertex 538.2287 256 246.6
    endloop
  endfacet
  facet normal -0.7071068 0 0.7071068
    outer loop
      vertex 539.4 261 247.7713
      vertex 538.2287 256 246.6
      vertex 539.4 256 247.7713
    endloop
  endfacet
  facet normal -0.9659258 0 0.258819
    outer loop
      vertex 538.2287 261 246.6
      vertex 537.8 261 245
      vertex 537.8 256 245
    endloop
  endfacet
  facet normal -0.9659258 0 0.258819
    outer loop
      vertex 538.2287 261 246.6
      vertex 537.8 256 245
      vertex 538.2287 256 246.6
    endloop
  endfacet
  facet normal -0.9659258 0 -0.258819
    outer loop
      vertex 537.8 261 245
      vertex 538.2287 261 243.4
      vertex 538.2287 256 243.4
    endloop
  endfacet
  facet normal -0.9659258 -0 -0.258819
    outer loop
      vertex 537.8 261 245
      vertex 538.2287 256 243.4
      vertex 537.8 256 245
    endloop
  endfacet
  facet normal -0.7071068 0 -0.7071068
    outer loop
      vertex 538.2287 261 243.4
      vertex 539.4 261 242.2287
      vertex 539.4 256 242.2287
    endloop
  endfacet
  facet normal -0.7071068 -0 -0.7071068
    outer loop
      vertex 538.2287 261 243.4
      vertex 539.4 256 242.2287
      vertex 538.2287 256 243.4
    endloop
  endfacet
  facet normal -0.258819 0 -0.9659258
    outer loop
      vertex 539.4 261 242.2287
      vertex 541 261 241.8
      vertex 541 256 241.8
    endloop
  endfacet
  facet normal -0.258819 -0 -0.9659258
    outer loop
      vertex 539.4 261 242.2287
      vertex 541 256 241.8
      vertex 539.4 256 242.2287
    endloop
  endfacet
  facet normal 0.258819 0 -0.9659258
    outer loop
      vertex 541 261 241.8
      vertex 542.6 261 242.2287
      vertex 542.6 256 242.2287
    endloop
  endfacet
  facet normal 0.258819 0 -0.9659258
    outer loop
      vertex 541 261 241.8
      vertex 542.6 256 242.2287
      vertex 541 256 241.8
    endloop
  endfacet
  facet normal 0.7071068 0 -0.7071068
    outer loop
      vertex 542.6 261 242.2287
      vertex 543.7713 261 243.4
      vertex 543.7713 256 243.4
    endloop
  endfacet
  facet normal 0.7071068 0 -0.7071068
    outer loop
      vertex 542.6 261 242.2287
      vertex 543.7713 256 243.4
      vertex 542.6 256 242.2287
    endloop
  endfacet
  facet normal 0.9659258 0 -0.258819
    outer loop
      vertex 543.7713 261 243.4
      vertex 544.2 261 245
      vertex 544.2 256 245
    endloop
  endfacet
  facet normal 0.9659258 0 -0.258819
    outer loop
      vertex 543.7713 261 243.4
      vertex 544.2 256 245
      vertex 543.7713 256 243.4
    endloop
  endfacet
  facet normal 0 1 0
    outer loop
      vertex 543.7713 261 313.4
      vertex 542.6 261 312.2287
      vertex 541 261 311.8
    endloop
  endfacet
  facet normal 0 1 0
    outer loop
      vertex 543.7713 261 313.4
      vertex 541 261 311.8
      vertex 539.4 261 312.2287
    endloop
  endfacet
  facet normal 0 1 0
    outer loop
      vertex 543.7713 261 313.4
      vertex 539.4 261 312.2287
      vertex 538.2287 261 313.4
    endloop
  endfacet
  facet normal 0 1 0
    outer loop
      vertex 543.7713 261 313.4
      vertex 538.2287 261 313.4
      vertex 537.8 261 315
    endloop
  endfacet
  facet normal 0 1 0
    outer loop
      vertex 543.7713 261 313.4
      vertex 537.8 261 315
      vertex 538.2287 261 316.6
    endloop
  endfacet
  facet normal 0 1 0
    outer loop
      vertex 543.7713 261 313.4
      vertex 538.2287 261 316.6
      vertex 539.4 261 317.7713
    endloop
  endfacet
  facet normal 0 1 0
    outer loop
      vertex 543.7713 261 313.4
      vertex 539.4 261 317.7713
      vertex 541 261 318.2
    endloop
  endfacet
  facet normal 0 1 0
    outer loop
      vertex 543.7713 261 313.4
      vertex 541 261 318.2
      vertex 542.6 261 317.7713
    endloop
  endfacet
  facet normal 0 1 -0
    outer loop
      vertex 543.7713 261 313.4
      vertex 542.6 261 317.7713
      vertex 543.7713 261 316.6
    endloop
  endfacet
  facet normal 0 1 0
    outer loop
      vertex 543.7713 261 313.4
      vertex 543.7713 261 316.6
      vertex 544.2 261 315
    endloop
  endfacet
  facet normal 0 -1 0
    outer loop
      vertex 544.2 256 315
      vertex 543.7713 256 316.6
      vertex 542.6 256 317.7713
    endloop
  endfacet
  facet normal 0 -1 0
    outer loop
      vertex 544.2 256 315
      vertex 542.6 256 317.7713
      vertex 541 256 318.2
    endloop
  endfacet
  facet normal 0 -1 0
    outer loop
      vertex 544.2 256 315
      vertex 541 256 318.2
      vertex 539.4 256 317.7713
    endloop
  endfacet
  facet normal 0 -1 0
    outer loop
      vertex 544.2 256 315
      vertex 539.4 256 317.7713
      vertex 538.2287 256 316.6
    endloop
  endfacet
  facet normal 0 -1 0
    outer loop
      vertex 544.2 256 315
      vertex 538.2287 256 316.6
      vertex 537.8 256 315
    endloop
  endfacet
  facet normal -0 -1 0
    outer loop
      vertex 544.2 256 315
      vertex 537.8 256 315
      vertex 538.2287 256 313.4
    endloop
  endfacet
  facet normal 0 -1 0
    outer loop
      vertex 544.2 256 315
      vertex 538.2287 256 313.4
      vertex 539.4 256 312.2287
    endloop
  endfacet
  facet normal 0 -1 0
    outer loop
      vertex 544.2 256 315
      vertex 539.4 256 312.2287
      vertex 541 256 311.8
    endloop
  endfacet
  facet normal 0 -1 0
    outer loop
      vertex 544.2 256 315
      vertex 541 256 311.8
      vertex 542.6 256 312.2287
    endloop
  endfacet
  facet normal 0 -1 0
    outer loop
      vertex 544.2 256 315
      vertex 542.6 256 312.2287
      vertex 543.7713 256 313.4
    endloop
  endfacet
  facet normal 0.9659258 0 0.258819
    outer loop
      vertex 544.2 261 315
      vertex 543.7713 261 316.6
      vertex 543.7713 256 316.6
    endloop
  endfacet
  facet normal 0.9659258 0 0.258819
    outer loop
      vertex 544.2 261 315
      vertex 543.7713 256 316.6
      vertex 544.2 256 315
    endloop
  endfacet
  facet normal 0.7071068 0 0.7071068
    outer loop
      vertex 543.7713 261 316.6
      vertex 542.6 261 317.7713
      vertex 542.6 256 317.7713
    endloop
  endfacet
  facet normal 0.7071068 0 0.7071068
    outer loop
      vertex 543.7713 261 316.6
      vertex 542.6 256 317.7713
      vertex 543.7713 256 316.6
    endloop
  endfacet
  facet normal 0.258819 0 0.9659258
    outer loop
      vertex 542.6 261 317.7713
      vertex 541 261 318.2
      vertex 541 256 318.2
    endloop
  endfacet
  facet normal 0.258819 0 0.9659258
    outer loop
      vertex 542.6 261 317.7713
      vertex 541 256 318.2
      vertex 542.6 256 317.7713
    endloop
  endfacet
  facet normal -0.258819 0 0.9659258
    outer loop
      vertex 541 261 318.2
      vertex 539.4 261 317.7713
      vertex 539.4 256 317.7713
    endloop
  endfacet
  facet normal -0.258819 0 0.9659258
    outer loop
      vertex 541 261 318.2
      vertex 539.4 256 317.7713
      vertex 541 256 318.2
    endloop
  endfacet
  facet normal -0.7071068 0 0.7071068
    outer loop
      vertex 539.4 261 317.7713
      vertex 538.2287 261 316.6
      vertex 538.2287 256 316.6
    endloop
  endfacet
  facet normal -0.7071068 0 0.7071068
    outer loop
      vertex 539.4 261 317.7713
      vertex 538.2287 256 316.6
      vertex 539.4 256 317.7713
    endloop
  endfacet
  facet normal -0.9659258 0 0.258819
    outer loop
      vertex 538.2287 261 316.6
      vertex 537.8 261 315
      vertex 537.8 256 315
    endloop
  endfacet
  facet normal -0.9659258 0 0.258819
    outer loop
      vertex 538.2287 261 316.6
      vertex 537.8 256 315
      vertex 538.2287 256 316.6
    endloop
  endfacet
  facet normal -0.9659258 0 -0.258819
    outer loop
      vertex 537.8 261 315
      vertex 538.2287 261 313.4
      vertex 538.2287 256 313.4
    endloop
  endfacet
  facet normal -0.9659258 -0 -0.258819
    outer loop
      vertex 537.8 261 315
      vertex 538.2287 256 313.4
      vertex 537.8 256 315
    endloop
  endfacet
  facet normal -0.7071068 0 -0.7071068
    outer loop
      vertex 538.2287 261 313.4
      vertex 539.4 261 312.2287
      vertex 539.4 256 312.2287
    endloop
  endfacet
  facet normal -0.7071068 -0 -0.7071068
    outer loop
      vertex 538.2287 261 313.4
      vertex 539.4 256 312.2287
      vertex 538.2287 256 313.4
    endloop
  endfacet
  facet normal -0.258819 0 -0.9659258
    outer loop
      vertex 539.4 261 312.2287
      vertex 541 261 311.8
      vertex 541 256 311.8
    endloop
  endfacet
  facet normal -0.258819 -0 -0.9659258
    outer loop
      vertex 539.4 261 312.2287
      vertex 541 256 311.8
      vertex 539.4 256 312.2287
    endloop
  endfacet
  facet normal 0.258819 0 -0.9659258
    outer loop
      vertex 541 261 311.8
      vertex 542.6 261 312.2287
      vertex 542.6 256 312.2287
    endloop
  endfacet
  facet normal 0.258819 0 -0.9659258
    outer loop
      vertex 541 261 311.8
      vertex 542.6 256 312.2287
      vertex 541 256 311.8
    endloop
  endfacet
  facet normal 0.7071068 0 -0.7071068
    outer loop
      vertex 542.6 261 312.2287
      vertex 543.7713 261 313.4
      vertex 543.7713 256 313.4
    endloop
  endfacet
  facet normal 0.7071068 0 -0.7071068
    outer loop
      vertex 542.6 261 312.2287
      vertex 543.7713 256 313.4
      vertex 542.6 256 312.2287
    endloop
  endfacet
  facet normal 0.9659258 0 -0.258819
    outer loop
      vertex 543.7713 261 313.4
      vertex 544.2 261 315
      vertex 544.2 256 315
    endloop
  endfacet
  facet normal 0.9659258 0 -0.258819
    outer loop
      vertex 543.7713 261 313.4
      vertex 544.2 256 315
      vertex 543.7713 256 313.4
    endloop
  endfacet
  facet normal 0 1 0
    outer loop
      vertex 731.7713 261 243.4
      vertex 730.6 261 242.2287
      vertex 729 261 241.8
    endloop
  endfacet
  facet normal 0 1 0
    outer loop
      vertex 731.7713 261 243.4
      vertex 729 261 241.8
      vertex 727.4 261 242.2287
    endloop
  endfacet
  facet normal 0 1 0
    outer loop
      vertex 731.7713 261 243.4
      vertex 727.4 261 242.2287
      vertex 726.2287 261 243.4
    endloop
  endfacet
  facet normal 0 1 0
    outer loop
      vertex 731.7713 261 243.4
      vertex 726.2287 261 243.4
      vertex 725.8 261 245
    endloop
  endfacet
  facet normal 0 1 0
    outer loop
      vertex 731.7713 261 243.4
      vertex 725.8 261 245
      vertex 726.2287 261 246.6
    endloop
  endfacet
  facet normal 0 1 0
    outer loop
      vertex 731.7713 261 243.4
      vertex 726.2287 261 246.6
      vertex 727.4 261 247.7713
    endloop
  endfacet
  facet normal 0 1 0
    outer loop
      vertex 731.7713 261 243.4
      vertex 727.4 261 247.7713
      vertex 729 261 248.2
    endloop
  endfacet
  facet normal 0 1 0
    outer loop
      vertex 731.7713 261 243.4
      vertex 729 261 248.2
      vertex 730.6 261 247.7713
    endloop
  endfacet
  facet normal 0 1 -0
    outer loop
      vertex 731.7713 261 243.4
      vertex 730.6 261 247.7713
      vertex 731.7713 261 246.6
    endloop
  endfacet
  facet normal 0 1 0
    outer loop
      vertex 731.7713 261 243.4
      vertex 731.7713 261 246.6
      vertex 732.2 261 245
    endloop
  endfacet
  facet normal 0 -1 0
    outer loop
      vertex 732.2 256 245
      vertex 731.7713 256 246.6
      vertex 730.6 256 247.7713
    endloop
  endfacet
  facet normal 0 -1 0
    outer loop
      vertex 732.2 256 245
      vertex 730.6 256 247.7713
      vertex 729 256 248.2
    endloop
  endfacet
  facet normal 0 -1 0
    outer loop
      vertex 732.2 256 245
      vertex 729 256 248.2
      vertex 727.4 256 247.7713
    endloop
  endfacet
  facet normal 0 -1 0
    outer loop
      vertex 732.2 256 245
      vertex 727.4 256 247.7713
      vertex 726.2287 256 246.6
    endloop
  endfacet
  facet normal 0 -1 0
    outer loop
      vertex 732.2 256 245
      vertex 726.2287 256 246.6
      vertex 725.8 256 245
    endloop
  endfacet
  facet normal -0 -1 0
    outer loop
      vertex 732.2 256 245
      vertex 725.8 256 245
      vertex 726.2287 256 243.4
    endloop
  endfacet
  facet normal 0 -1 0
    outer loop
      vertex 732.2 256 245
      vertex 726.2287 256 243.4
      vertex 727.4 256 242.2287
    endloop
  endfacet
  facet normal 0 -1 0
    outer loop
      vertex 732.2 256 245
      vertex 727.4 256 242.2287
      vertex 729 256 241.8
    endloop
  endfacet
  facet normal 0 -1 0
    outer loop
      vertex 732.2 256 245
      vertex 729 256 241.8
      vertex 730.6 256 242.2287
    endloop
  endfacet
  facet normal 0 -1 0
    outer loop
      vertex 732.2 256 245
      vertex 730.6 256 242.2287
      vertex 731.7713 256 243.4
    endloop
  endfacet
  facet normal 0.9659258 0 0.258819
    outer loop
      vertex 732.2 261 245
      vertex 731.7713 261 246.6
      vertex 731.7713 256 246.6
    endloop
  endfacet
  facet normal 0.9659258 0 0.258819
    outer loop
      vertex 732.2 261 245
      vertex 731.7713 256 246.6
      vertex 732.2 256 245
    endloop
  endfacet
  facet normal 0.7071068 0 0.7071068
    outer loop
      vertex 731.7713 261 246.6
      vertex 730.6 261 247.7713
      vertex 730.6 256 247.7713
    endloop
  endfacet
  facet normal 0.7071068 0 0.7071068
    outer loop
      vertex 731.7713 261 246.6
      vertex 730.6 256 247.7713
      vertex 731.7713 256 246.6
    endloop
  endfacet
  facet normal 0.258819 0 0.9659258
    outer loop
      vertex 730.6 261 247.7713
      vertex 729 261 248.2
      vertex 729 256 248.2
    endloop
  endfacet
  facet normal 0.258819 0 0.9659258
    outer loop
      vertex 730.6 261 247.7713
      vertex 729 256 248.2
      vertex 730.6 256 247.7713
    endloop
  endfacet
  facet normal -0.258819 0 0.9659258
    outer loop
      vertex 729 261 248.2
      vertex 727.4 261 247.7713
      vertex 727.4 256 247.7713
    endloop
  endfacet
  facet normal -0.258819 0 0.9659258
    outer loop
      vertex 729 261 248.2
      vertex 727.4 256 247.7713
      vertex 729 256 248.2
    endloop
  endfacet
  facet normal -0.7071068 0 0.7071068
    outer loop
      vertex 727.4 261 247.7713
      vertex 726.2287 261 246.6
      vertex 726.2287 256 246.6
    endloop
  endfacet
  facet normal -0.7071068 0 0.7071068
    outer loop
      vertex 727.4 261 247.7713
      vertex 726.2287 256 246.6
      vertex 727.4 256 247.7713
    endloop
  endfacet
  facet normal -0.9659258 0 0.258819
    outer loop
      vertex 726.2287 261 246.6
      vertex 725.8 261 245
      vertex 725.8 256 245
    endloop
  endfacet
  facet normal -0.9659258 0 0.258819
    outer loop
      vertex 726.2287 261 246.6
      vertex 725.8 256 245
      vertex 726.2287 256 246.6
    endloop
  endfacet
  facet normal -0.9659258 0 -0.258819
    outer loop
      vertex 725.8 261 245
      vertex 726.2287 261 243.4
      vertex 726.2287 256 243.4
    endloop
  endfacet
  facet normal -0.9659258 -0 -0.258819
    outer loop
      vertex 725.8 261 245
      vertex 726.2287 256 243.4
      vertex 725.8 256 245
    endloop
  endfacet
  facet normal -0.7071068 0 -0.7071068
    outer loop
      vertex 726.2287 261 243.4
      vertex 727.4 261 242.2287
      vertex 727.4 256 242.2287
    endloop
  endfacet
  facet normal -0.7071068 -0 -0.7071068
    outer loop
      vertex 726.2287 261 243.4
      vertex 727.4 256 242.2287
      vertex 726.2287 256 243.4
    endloop
  endfacet
  facet normal -0.258819 0 -0.9659258
    outer loop
      vertex 727.4 261 242.2287
      vertex 729 261 241.8
      vertex 729 256 241.8
    endloop
  endfacet
  facet normal -0.258819 -0 -0.9659258
    outer loop
      vertex 727.4 261 242.2287
      vertex 729 256 241.8
      vertex 727.4 256 242.2287
    endloop
  endfacet
  facet normal 0.258819 0 -0.9659258
    outer loop
      vertex 729 261 241.8
      vertex 730.6 261 242.2287
      vertex 730.6 256 242.2287
    endloop
  endfacet
  facet normal 0.258819 0 -0.9659258
    outer loop
      vertex 729 261 241.8
      vertex 730.6 256 242.2287
      vertex 729 256 241.8
    endloop
  endfacet
  facet normal 0.7071068 0 -0.7071068
    outer loop
      vertex 730.6 261 242.2287
      vertex 731.7713 261 243.4
      vertex 731.7713 256 243.4
    endloop
  endfacet
  facet normal 0.7071068 0 -0.7071068
    outer loop
      vertex 730.6 261 242.2287
      vertex 731.7713 256 243.4
      vertex 730.6 256 242.2287
    endloop
  endfacet
  facet normal 0.9659258 0 -0.258819
    outer loop
      vertex 731.7713 261 243.4
      vertex 732.2 261 245
      vertex 732.2 256 245
    endloop
  endfacet
  facet normal 0.9659258 0 -0.258819
    outer loop
      vertex 731.7713 261 243.4
      vertex 732.2 256 245
      vertex 731.7713 256 243.4
    endloop
  endfacet
  facet normal 0 1 0
    outer loop
      vertex 731.7713 261 313.4
      vertex 730.6 261 312.2287
      vertex 729 261 311.8
    endloop
  endfacet
  facet normal 0 1 0
    outer loop
      vertex 731.7713 261 313.4
      vertex 729 261 311.8
      vertex 727.4 261 312.2287
    endloop
  endfacet
  facet normal 0 1 0
    outer loop
      vertex 731.7713 261 313.4
      vertex 727.4 261 312.2287
      vertex 726.2287 261 313.4
    endloop
  endfacet
  facet normal 0 1 0
    outer loop
      vertex 731.7713 261 313.4
      vertex 726.2287 261 313.4
      vertex 725.8 261 315
    endloop
  endfacet
  facet normal 0 1 0
    outer loop
      vertex 731.7713 261 313.4
      vertex 725.8 261 315
      vertex 726.2287 261 316.6
    endloop
  endfacet
  facet normal 0 1 0
    outer loop
      vertex 731.7713 261 313.4
      vertex 726.2287 261 316.6
      vertex 727.4 261 317.7713
    endloop
  endfacet
  facet normal 0 1 0
    outer loop
      vertex 731.7713 261 313.4
      vertex 727.4 261 317.7713
      vertex 729 261 318.2
    endloop
  endfacet
  facet normal 0 1 0
    outer loop
      vertex 731.7713 261 313.4
      vertex 729 261 318.2
      vertex 730.6 261 317.7713
    endloop
  endfacet
  facet normal 0 1 -0
    outer loop
      vertex 731.7713 261 313.4
      vertex 730.6 261 317.7713
      vertex 731.7713 261 316.6
    endloop
  endfacet
  facet normal 0 1 0
    outer loop
      vertex 731.7713 261 313.4
      vertex 731.7713 261 316.6
      vertex 732.2 261 315
    endloop
  endfacet
  facet normal 0 -1 0
    outer loop
      vertex 732.2 256 315
      vertex 731.7713 256 316.6
      vertex 730.6 256 317.7713
    endloop
  endfacet
  facet normal 0 -1 0
    outer loop
      vertex 732.2 256 315
      vertex 730.6 256 317.7713
      vertex 729 256 318.2
    endloop
  endfacet
  facet normal 0 -1 0
    outer loop
      vertex 732.2 256 315
      vertex 729 256 318.2
      vertex 727.4 256 317.7713
    endloop
  endfacet
  facet normal 0 -1 0
    outer loop
      vertex 732.2 256 315
      vertex 727.4 256 317.7713
      vertex 726.2287 256 316.6
    endloop
  endfacet
  facet normal 0 -1 0
    outer loop
      vertex 732.2 256 315
      vertex 726.2287 256 316.6
      vertex 725.8 256 315
    endloop
  endfacet
  facet normal -0 -1 0
    outer loop
      vertex 732.2 256 315
      vertex 725.8 256 315
      vertex 726.2287 256 313.4
    endloop
  endfacet
  facet normal 0 -1 0
    outer loop
      vertex 732.2 256 315
      vertex 726.2287 256 313.4
      vertex 727.4 256 312.2287
    endloop
  endfacet
  facet normal 0 -1 0
    outer loop
      vertex 732.2 256 315
      vertex 727.4 256 312.2287
      vertex 729 256 311.8
    endloop
  endfacet
  facet normal 0 -1 0
    outer loop
      vertex 732.2 256 315
      vertex 729 256 311.8
      vertex 730.6 256 312.2287
    endloop
  endfacet
  facet normal 0 -1 0
    outer loop
      vertex 732.2 256 315
      vertex 730.6 256 312.2287
      vertex 731.7713 256 313.4
    endloop
  endfacet
  facet normal 0.9659258 0 0.258819
    outer loop
      vertex 732.2 261 315
      vertex 731.7713 261 316.6
      vertex 731.7713 256 316.6
    endloop
  endfacet
  facet normal 0.9659258 0 0.258819
    outer loop
      vertex 732.2 261 315
      vertex 731.7713 256 316.6
      vertex 732.2 256 315
    endloop
  endfacet
  facet normal 0.7071068 0 0.7071068
    outer loop
      vertex 731.7713 261 316.6
      vertex 730.6 261 317.7713
      vertex 730.6 256 317.7713
    endloop
  endfacet
  facet normal 0.7071068 0 0.7071068
    outer loop
      vertex 731.7713 261 316.6
      vertex 730.6 256 317.7713
      vertex 731.7713 256 316.6
    endloop
  endfacet
  facet normal 0.258819 0 0.9659258
    outer loop
      vertex 730.6 261 317.7713
      vertex 729 261 318.2
      vertex 729 256 318.2
    endloop
  endfacet
  facet normal 0.258819 0 0.9659258
    outer loop
      vertex 730.6 261 317.7713
      vertex 729 256 318.2
      vertex 730.6 256 317.7713
    endloop
  endfacet
  facet normal -0.258819 0 0.9659258
    outer loop
      vertex 729 261 318.2
      vertex 727.4 261 317.7713
      vertex 727.4 256 317.7713
    endloop
  endfacet
  facet normal -0.258819 0 0.9659258
    outer loop
      vertex 729 261 318.2
      vertex 727.4 256 317.7713
      vertex 729 256 318.2
    endloop
  endfacet
  facet normal -0.7071068 0 0.7071068
    outer loop
      vertex 727.4 261 317.7713
      vertex 726.2287 261 316.6
      vertex 726.2287 256 316.6
    endloop
  endfacet
  facet normal -0.7071068 0 0.7071068
    outer loop
      vertex 727.4 261 317.7713
      vertex 726.2287 256 316.6
      vertex 727.4 256 317.7713
    endloop
  endfacet
  facet normal -0.9659258 0 0.258819
    outer loop
      vertex 726.2287 261 316.6
      vertex 725.8 261 315
      vertex 725.8 256 315
    endloop
  endfacet
  facet normal -0.9659258 0 0.258819
    outer loop
      vertex 726.2287 261 316.6
      vertex 725.8 256 315
      vertex 726.2287 256 316.6
    endloop
  endfacet
  facet normal -0.9659258 0 -0.258819
    outer loop
      vertex 725.8 261 315
      vertex 726.2287 261 313.4
      vertex 726.2287 256 313.4
    endloop
  endfacet
  facet normal -0.9659258 -0 -0.258819
    outer loop
      vertex 725.8 261 315
      vertex 726.2287 256 313.4
      vertex 725.8 256 315
    endloop
  endfacet
  facet normal -0.7071068 0 -0.7071068
    outer loop
      vertex 726.2287 261 313.4
      vertex 727.4 261 312.2287
      vertex 727.4 256 312.2287
    endloop
  endfacet
  facet normal -0.7071068 -0 -0.7071068
    outer loop
      vertex 726.2287 261 313.4
      vertex 727.4 256 312.2287
      vertex 726.2287 256 313.4
    endloop
  endfacet
  facet normal -0.258819 0 -0.9659258
    outer loop
      vertex 727.4 261 312.2287
      vertex 729 261 311.8
      vertex 729 256 311.8
    endloop
  endfacet
  facet normal -0.258819 -0 -0.9659258
    outer loop
      vertex 727.4 261 312.2287
      vertex 729 256 311.8
      vertex 727.4 256 312.2287
    endloop
  endfacet
  facet normal 0.258819 0 -0.9659258
    outer loop
      vertex 729 261 311.8
      vertex 730.6 261 312.2287
      vertex 730.6 256 312.2287
    endloop
  endfacet
  facet normal 0.258819 0 -0.9659258
    outer loop
      vertex 729 261 311.8
      vertex 730.6 256 312.2287
      vertex 729 256 311.8
    endloop
  endfacet
  facet normal 0.7071068 0 -0.7071068
    outer loop
      vertex 730.6 261 312.2287
      vertex 731.7713 261 313.4
      vertex 731.7713 256 313.4
    endloop
  endfacet
  facet normal 0.7071068 0 -0.7071068
    outer loop
      vertex 730.6 261 312.2287
      vertex 731.7713 256 313.4
      vertex 730.6 256 312.2287
    endloop
  endfacet
  facet normal 0.9659258 0 -0.258819
    outer loop
      vertex 731.7713 261 313.4
      vertex 732.2 261 315
      vertex 732.2 256 315
    endloop
  endfacet
  facet normal 0.9659258 0 -0.258819
    outer loop
      vertex 731.7713 261 313.4
      vertex 732.2 256 315
      vertex 731.7713 256 313.4
    endloop
  endfacet
  facet normal 0 1 0
    outer loop
      vertex 797.3619 113 162.7068
      vertex 795.4671 113 155.6352
      vertex 792.3731 113 149
    endloop
  endfacet
  facet normal 0 1 0
    outer loop
      vertex 797.3619 113 162.7068
      vertex 792.3731 113 149
      vertex 788.1739 113 143.0029
    endloop
  endfacet
  facet normal 0 1 0
    outer loop
      vertex 797.3619 113 162.7068
      vertex 788.1739 113 143.0029
      vertex 782.9971 113 137.8261
    endloop
  endfacet
  facet normal 0 1 0
    outer loop
      vertex 797.3619 113 162.7068
      vertex 782.9971 113 137.8261
      vertex 777 113 133.6269
    endloop
  endfacet
  facet normal 0 1 0
    outer loop
      vertex 797.3619 113 162.7068
      vertex 777 113 133.6269
      vertex 770.3648 113 130.5329
    endloop
  endfacet
  facet normal 0 1 0
    outer loop
      vertex 797.3619 113 162.7068
      vertex 770.3648 113 130.5329
      vertex 763.2932 113 128.6381
    endloop
  endfacet
  facet normal 0 1 0
    outer loop
      vertex 797.3619 113 162.7068
      vertex 763.2932 113 128.6381
      vertex 756 113 128
    endloop
  endfacet
  facet normal 0 1 0
    outer loop
      vertex 797.3619 113 162.7068
      vertex 756 113 128
      vertex 748.7068 113 128.6381
    endloop
  endfacet
  facet normal 0 1 0
    outer loop
      vertex 797.3619 113 162.7068
      vertex 748.7068 113 128.6381
      vertex 741.6352 113 130.5329
    endloop
  endfacet
  facet normal 0 1 0
    outer loop
      vertex 797.3619 113 162.7068
      vertex 741.6352 113 130.5329
      vertex 735 113 133.6269
    endloop
  endfacet
  facet normal 0 1 0
    outer loop
      vertex 797.3619 113 162.7068
      vertex 735 113 133.6269
      vertex 729.0029 113 137.8261
    endloop
  endfacet
  facet normal 0 1 0
    outer loop
      vertex 797.3619 113 162.7068
      vertex 729.0029 113 137.8261
      vertex 723.8261 113 143.0029
    endloop
  endfacet
  facet normal 0 1 0
    outer loop
      vertex 797.3619 113 162.7068
      vertex 723.8261 113 143.0029
      vertex 719.6269 113 149
    endloop
  endfacet
  facet normal 0 1 0
    outer loop
      vertex 797.3619 113 162.7068
      vertex 719.6269 113 149
      vertex 716.5329 113 155.6352
    endloop
  endfacet
  facet normal 0 1 0
    outer loop
      vertex 797.3619 113 162.7068
      vertex 716.5329 113 155.6352
      vertex 714.6381 113 162.7068
    endloop
  endfacet
  facet normal 0 1 0
    outer loop
      vertex 797.3619 113 162.7068
      vertex 714.6381 113 162.7068
      vertex 714 113 170
    endloop
  endfacet
  facet normal 0 1 0
    outer loop
      vertex 797.3619 113 162.7068
      vertex 714 113 170
      vertex 714.6381 113 177.2932
    endloop
  endfacet
  facet normal 0 1 0
    outer loop
      vertex 797.3619 113 162.7068
      vertex 714.6381 113 177.2932
      vertex 716.5329 113 184.3648
    endloop
  endfacet
  facet normal 0 1 0
    outer loop
      vertex 797.3619 113 162.7068
      vertex 716.5329 113 184.3648
      vertex 719.6269 113 191
    endloop
  endfacet
  facet normal 0 1 0
    outer loop
      vertex 797.3619 113 162.7068
      vertex 719.6269 113 191
      vertex 723.8261 113 196.9971
    endloop
  endfacet
  facet normal 0 1 0
    outer loop
      vertex 797.3619 113 162.7068
      vertex 723.8261 113 196.9971
      vertex 729.0029 113 202.1739
    endloop
  endfacet
  facet normal 0 1 0
    outer loop
      vertex 797.3619 113 162.7068
      vertex 729.0029 113 202.1739
      vertex 735 113 206.3731
    endloop
  endfacet
  facet normal 0 1 0
    outer loop
      vertex 797.3619 113 162.7068
      vertex 735 113 206.3731
      vertex 741.6352 113 209.4671
    endloop
  endfacet
  facet normal 0 1 0
    outer loop
      vertex 797.3619 113 162.7068
      vertex 741.6352 113 209.4671
      vertex 748.7068 113 211.3619
    endloop
  endfacet
  facet normal 0 1 0
    outer loop
      vertex 797.3619 113 162.7068
      vertex 748.7068 113 211.3619
      vertex 756 113 212
    endloop
  endfacet
  facet normal 0 1 0
    outer loop
      vertex 797.3619 113 162.7068
      vertex 756 113 212
      vertex 763.2932 113 211.3619
    endloop
  endfacet
  facet normal 0 1 0
    outer loop
      vertex 797.3619 113 162.7068
      vertex 763.2932 113 211.3619
      vertex 770.3648 113 209.4671
    endloop
  endfacet
  facet normal 0 1 0
    outer loop
      vertex 797.3619 113 162.7068
      vertex 770.3648 113 209.4671
      vertex 777 113 206.3731
    endloop
  endfacet
  facet normal 0 1 0
    outer loop
      vertex 797.3619 113 162.7068
      vertex 777 113 206.3731
      vertex 782.9971 113 202.1739
    endloop
  endfacet
  facet normal 0 1 0
    outer loop
      vertex 797.3619 113 162.7068
      vertex 782.9971 113 202.1739
      vertex 788.1739 113 196.9971
    endloop
  endfacet
  facet normal 0 1 0
    outer loop
      vertex 797.3619 113 162.7068
      vertex 788.1739 113 196.9971
      vertex 792.3731 113 191
    endloop
  endfacet
  facet normal 0 1 0
    outer loop
      vertex 797.3619 113 162.7068
      vertex 792.3731 113 191
      vertex 795.4671 113 184.3648
    endloop
  endfacet
  facet normal 0 1 -0
    outer loop
      vertex 797.3619 113 162.7068
      vertex 795.4671 113 184.3648
      vertex 797.3619 113 177.2932
    endloop
  endfacet
  facet normal 0 1 0
    outer loop
      vertex 797.3619 113 162.7068
      vertex 797.3619 113 177.2932
      vertex 798 113 170
    endloop
  endfacet
  facet normal 0 -1 0
    outer loop
      vertex 798 103 170
      vertex 797.3619 103 177.2932
      vertex 795.4671 103 184.3648
    endloop
  endfacet
  facet normal 0 -1 0
    outer loop
      vertex 798 103 170
      vertex 795.4671 103 184.3648
      vertex 792.3731 103 191
    endloop
  endfacet
  facet normal 0 -1 0
    outer loop
      vertex 798 103 170
      vertex 792.3731 103 191
      vertex 788.1739 103 196.9971
    endloop
  endfacet
  facet normal 0 -1 0
    outer loop
      vertex 798 103 170
      vertex 788.1739 103 196.9971
      vertex 782.9971 103 202.1739
    endloop
  endfacet
  facet normal 0 -1 0
    outer loop
      vertex 798 103 170
      vertex 782.9971 103 202.1739
      vertex 777 103 206.3731
    endloop
  endfacet
  facet normal 0 -1 0
    outer loop
      vertex 798 103 170
      vertex 777 103 206.3731
      vertex 770.3648 103 209.4671
    endloop
  endfacet
  facet normal 0 -1 0
    outer loop
      vertex 798 103 170
      vertex 770.3648 103 209.4671
      vertex 763.2932 103 211.3619
    endloop
  endfacet
  facet normal 0 -1 0
    outer loop
      vertex 798 103 170
      vertex 763.2932 103 211.3619
      vertex 756 103 212
    endloop
  endfacet
  facet normal 0 -1 0
    outer loop
      vertex 798 103 170
      vertex 756 103 212
      vertex 748.7068 103 211.3619
    endloop
  endfacet
  facet normal 0 -1 0
    outer loop
      vertex 798 103 170
      vertex 748.7068 103 211.3619
      vertex 741.6352 103 209.4671
    endloop
  endfacet
  facet normal 0 -1 0
    outer loop
      vertex 798 103 170
      vertex 741.6352 103 209.4671
      vertex 735 103 206.3731
    endloop
  endfacet
  facet normal 0 -1 0
    outer loop
      vertex 798 103 170
      vertex 735 103 206.3731
      vertex 729.0029 103 202.1739
    endloop
  endfacet
  facet normal 0 -1 0
    outer loop
      vertex 798 103 170
      vertex 729.0029 103 202.1739
      vertex 723.8261 103 196.9971
    endloop
  endfacet
  facet normal 0 -1 0
    outer loop
      vertex 798 103 170
      vertex 723.8261 103 196.9971
      vertex 719.6269 103 191
    endloop
  endfacet
  facet normal 0 -1 0
    outer loop
      vertex 798 103 170
      vertex 719.6269 103 191
      vertex 716.5329 103 184.3648
    endloop
  endfacet
  facet normal 0 -1 0
    outer loop
      vertex 798 103 170
      vertex 716.5329 103 184.3648
      vertex 714.6381 103 177.2932
    endloop
  endfacet
  facet normal 0 -1 0
    outer loop
      vertex 798 103 170
      vertex 714.6381 103 177.2932
      vertex 714 103 170
    endloop
  endfacet
  facet normal -0 -1 0
    outer loop
      vertex 798 103 170
      vertex 714 103 170
      vertex 714.6381 103 162.7068
    endloop
  endfacet
  facet normal 0 -1 0
    outer loop
      vertex 798 103 170
      vertex 714.6381 103 162.7068
      vertex 716.5329 103 155.6352
    endloop
  endfacet
  facet normal 0 -1 0
    outer loop
      vertex 798 103 170
      vertex 716.5329 103 155.6352
      vertex 719.6269 103 149
    endloop
  endfacet
  facet normal 0 -1 0
    outer loop
      vertex 798 103 170
      vertex 719.6269 103 149
      vertex 723.8261 103 143.0029
    endloop
  endfacet
  facet normal 0 -1 0
    outer loop
      vertex 798 103 170
      vertex 723.8261 103 143.0029
      vertex 729.0029 103 137.8261
    endloop
  endfacet
  facet normal 0 -1 0
    outer loop
      vertex 798 103 170
      vertex 729.0029 103 137.8261
      vertex 735 103 133.6269
    endloop
  endfacet
  facet normal 0 -1 0
    outer loop
      vertex 798 103 170
      vertex 735 103 133.6269
      vertex 741.6352 103 130.5329
    endloop
  endfacet
  facet normal 0 -1 0
    outer loop
      vertex 798 103 170
      vertex 741.6352 103 130.5329
      vertex 748.7068 103 128.6381
    endloop
  endfacet
  facet normal 0 -1 0
    outer loop
      vertex 798 103 170
      vertex 748.7068 103 128.6381
      vertex 756 103 128
    endloop
  endfacet
  facet normal 0 -1 0
    outer loop
      vertex 798 103 170
      vertex 756 103 128
      vertex 763.2932 103 128.6381
    endloop
  endfacet
  facet normal 0 -1 0
    outer loop
      vertex 798 103 170
      vertex 763.2932 103 128.6381
      vertex 770.3648 103 130.5329
    endloop
  endfacet
  facet normal 0 -1 0
    outer loop
      vertex 798 103 170
      vertex 770.3648 103 130.5329
      vertex 777 103 133.6269
    endloop
  endfacet
  facet normal 0 -1 0
    outer loop
      vertex 798 103 170
      vertex 777 103 133.6269
      vertex 782.9971 103 137.8261
    endloop
  endfacet
  facet normal 0 -1 0
    outer loop
      vertex 798 103 170
      vertex 782.9971 103 137.8261
      vertex 788.1739 103 143.0029
    endloop
  endfacet
  facet normal 0 -1 0
    outer loop
      vertex 798 103 170
      vertex 788.1739 103 143.0029
      vertex 792.3731 103 149
    endloop
  endfacet
  facet normal 0 -1 0
    outer loop
      vertex 798 103 170
      vertex 792.3731 103 149
      vertex 795.4671 103 155.6352
    endloop
  endfacet
  facet normal 0 -1 0
    outer loop
      vertex 798 103 170
      vertex 795.4671 103 155.6352
      vertex 797.3619 103 162.7068
    endloop
  endfacet
  facet normal 0.9961947 0 0.08715574
    outer loop
      vertex 798 113 170
      vertex 797.3619 113 177.2932
      vertex 797.3619 103 177.2932
    endloop
  endfacet
  facet normal 0.9961947 0 0.08715574
    outer loop
      vertex 798 113 170
      vertex 797.3619 103 177.2932
      vertex 798 103 170
    endloop
  endfacet
  facet normal 0.9659258 0 0.258819
    outer loop
      vertex 797.3619 113 177.2932
      vertex 795.4671 113 184.3648
      vertex 795.4671 103 184.3648
    endloop
  endfacet
  facet normal 0.9659258 0 0.258819
    outer loop
      vertex 797.3619 113 177.2932
      vertex 795.4671 103 184.3648
      vertex 797.3619 103 177.2932
    endloop
  endfacet
  facet normal 0.9063078 0 0.4226183
    outer loop
      vertex 795.4671 113 184.3648
      vertex 792.3731 113 191
      vertex 792.3731 103 191
    endloop
  endfacet
  facet normal 0.9063078 0 0.4226183
    outer loop
      vertex 795.4671 113 184.3648
      vertex 792.3731 103 191
      vertex 795.4671 103 184.3648
    endloop
  endfacet
  facet normal 0.819152 0 0.5735764
    outer loop
      vertex 792.3731 113 191
      vertex 788.1739 113 196.9971
      vertex 788.1739 103 196.9971
    endloop
  endfacet
  facet normal 0.819152 0 0.5735764
    outer loop
      vertex 792.3731 113 191
      vertex 788.1739 103 196.9971
      vertex 792.3731 103 191
    endloop
  endfacet
  facet normal 0.7071068 0 0.7071068
    outer loop
      vertex 788.1739 113 196.9971
      vertex 782.9971 113 202.1739
      vertex 782.9971 103 202.1739
    endloop
  endfacet
  facet normal 0.7071068 0 0.7071068
    outer loop
      vertex 788.1739 113 196.9971
      vertex 782.9971 103 202.1739
      vertex 788.1739 103 196.9971
    endloop
  endfacet
  facet normal 0.5735764 0 0.819152
    outer loop
      vertex 782.9971 113 202.1739
      vertex 777 113 206.3731
      vertex 777 103 206.3731
    endloop
  endfacet
  facet normal 0.5735764 0 0.819152
    outer loop
      vertex 782.9971 113 202.1739
      vertex 777 103 206.3731
      vertex 782.9971 103 202.1739
    endloop
  endfacet
  facet normal 0.4226183 0 0.9063078
    outer loop
      vertex 777 113 206.3731
      vertex 770.3648 113 209.4671
      vertex 770.3648 103 209.4671
    endloop
  endfacet
  facet normal 0.4226183 0 0.9063078
    outer loop
      vertex 777 113 206.3731
      vertex 770.3648 103 209.4671
      vertex 777 103 206.3731
    endloop
  endfacet
  facet normal 0.258819 0 0.9659258
    outer loop
      vertex 770.3648 113 209.4671
      vertex 763.2932 113 211.3619
      vertex 763.2932 103 211.3619
    endloop
  endfacet
  facet normal 0.258819 0 0.9659258
    outer loop
      vertex 770.3648 113 209.4671
      vertex 763.2932 103 211.3619
      vertex 770.3648 103 209.4671
    endloop
  endfacet
  facet normal 0.08715574 0 0.9961947
    outer loop
      vertex 763.2932 113 211.3619
      vertex 756 113 212
      vertex 756 103 212
    endloop
  endfacet
  facet normal 0.08715574 0 0.9961947
    outer loop
      vertex 763.2932 113 211.3619
      vertex 756 103 212
      vertex 763.2932 103 211.3619
    endloop
  endfacet
  facet normal -0.08715574 0 0.9961947
    outer loop
      vertex 756 113 212
      vertex 748.7068 113 211.3619
      vertex 748.7068 103 211.3619
    endloop
  endfacet
  facet normal -0.08715574 0 0.9961947
    outer loop
      vertex 756 113 212
      vertex 748.7068 103 211.3619
      vertex 756 103 212
    endloop
  endfacet
  facet normal -0.258819 0 0.9659258
    outer loop
      vertex 748.7068 113 211.3619
      vertex 741.6352 113 209.4671
      vertex 741.6352 103 209.4671
    endloop
  endfacet
  facet normal -0.258819 0 0.9659258
    outer loop
      vertex 748.7068 113 211.3619
      vertex 741.6352 103 209.4671
      vertex 748.7068 103 211.3619
    endloop
  endfacet
  facet normal -0.4226183 0 0.9063078
    outer loop
      vertex 741.6352 113 209.4671
      vertex 735 113 206.3731
      vertex 735 103 206.3731
    endloop
  endfacet
  facet normal -0.4226183 0 0.9063078
    outer loop
      vertex 741.6352 113 209.4671
      vertex 735 103 206.3731
      vertex 741.6352 103 209.4671
    endloop
  endfacet
  facet normal -0.5735764 0 0.819152
    outer loop
      vertex 735 113 206.3731
      vertex 729.0029 113 202.1739
      vertex 729.0029 103 202.1739
    endloop
  endfacet
  facet normal -0.5735764 0 0.819152
    outer loop
      vertex 735 113 206.3731
      vertex 729.0029 103 202.1739
      vertex 735 103 206.3731
    endloop
  endfacet
  facet normal -0.7071068 0 0.7071068
    outer loop
      vertex 729.0029 113 202.1739
      vertex 723.8261 113 196.9971
      vertex 723.8261 103 196.9971
    endloop
  endfacet
  facet normal -0.7071068 0 0.7071068
    outer loop
      vertex 729.0029 113 202.1739
      vertex 723.8261 103 196.9971
      vertex 729.0029 103 202.1739
    endloop
  endfacet
  facet normal -0.819152 0 0.5735764
    outer loop
      vertex 723.8261 113 196.9971
      vertex 719.6269 113 191
      vertex 719.6269 103 191
    endloop
  endfacet
  facet normal -0.819152 0 0.5735764
    outer loop
      vertex 723.8261 113 196.9971
      vertex 719.6269 103 191
      vertex 723.8261 103 196.9971
    endloop
  endfacet
  facet normal -0.9063078 0 0.4226183
    outer loop
      vertex 719.6269 113 191
      vertex 716.5329 113 184.3648
      vertex 716.5329 103 184.3648
    endloop
  endfacet
  facet normal -0.9063078 0 0.4226183
    outer loop
      vertex 719.6269 113 191
      vertex 716.5329 103 184.3648
      vertex 719.6269 103 191
    endloop
  endfacet
  facet normal -0.9659258 0 0.258819
    outer loop
      vertex 716.5329 113 184.3648
      vertex 714.6381 113 177.2932
      vertex 714.6381 103 177.2932
    endloop
  endfacet
  facet normal -0.9659258 0 0.258819
    outer loop
      vertex 716.5329 113 184.3648
      vertex 714.6381 103 177.2932
      vertex 716.5329 103 184.3648
    endloop
  endfacet
  facet normal -0.9961947 0 0.08715574
    outer loop
      vertex 714.6381 113 177.2932
      vertex 714 113 170
      vertex 714 103 170
    endloop
  endfacet
  facet normal -0.9961947 0 0.08715574
    outer loop
      vertex 714.6381 113 177.2932
      vertex 714 103 170
      vertex 714.6381 103 177.2932
    endloop
  endfacet
  facet normal -0.9961947 0 -0.08715574
    outer loop
      vertex 714 113 170
      vertex 714.6381 113 162.7068
      vertex 714.6381 103 162.7068
    endloop
  endfacet
  facet normal -0.9961947 -0 -0.08715574
    outer loop
      vertex 714 113 170
      vertex 714.6381 103 162.7068
      vertex 714 103 170
    endloop
  endfacet
  facet normal -0.9659258 0 -0.258819
    outer loop
      vertex 714.6381 113 162.7068
      vertex 716.5329 113 155.6352
      vertex 716.5329 103 155.6352
    endloop
  endfacet
  facet normal -0.9659258 -0 -0.258819
    outer loop
      vertex 714.6381 113 162.7068
      vertex 716.5329 103 155.6352
      vertex 714.6381 103 162.7068
    endloop
  endfacet
  facet normal -0.9063078 0 -0.4226183
    outer loop
      vertex 716.5329 113 155.6352
      vertex 719.6269 113 149
      vertex 719.6269 103 149
    endloop
  endfacet
  facet normal -0.9063078 -0 -0.4226183
    outer loop
      vertex 716.5329 113 155.6352
      vertex 719.6269 103 149
      vertex 716.5329 103 155.6352
    endloop
  endfacet
  facet normal -0.819152 0 -0.5735764
    outer loop
      vertex 719.6269 113 149
      vertex 723.8261 113 143.0029
      vertex 723.8261 103 143.0029
    endloop
  endfacet
  facet normal -0.819152 -0 -0.5735764
    outer loop
      vertex 719.6269 113 149
      vertex 723.8261 103 143.0029
      vertex 719.6269 103 149
    endloop
  endfacet
  facet normal -0.7071068 0 -0.7071068
    outer loop
      vertex 723.8261 113 143.0029
      vertex 729.0029 113 137.8261
      vertex 729.0029 103 137.8261
    endloop
  endfacet
  facet normal -0.7071068 -0 -0.7071068
    outer loop
      vertex 723.8261 113 143.0029
      vertex 729.0029 103 137.8261
      vertex 723.8261 103 143.0029
    endloop
  endfacet
  facet normal -0.5735764 0 -0.819152
    outer loop
      vertex 729.0029 113 137.8261
      vertex 735 113 133.6269
      vertex 735 103 133.6269
    endloop
  endfacet
  facet normal -0.5735764 -0 -0.819152
    outer loop
      vertex 729.0029 113 137.8261
      vertex 735 103 133.6269
      vertex 729.0029 103 137.8261
    endloop
  endfacet
  facet normal -0.4226183 0 -0.9063078
    outer loop
      vertex 735 113 133.6269
      vertex 741.6352 113 130.5329
      vertex 741.6352 103 130.5329
    endloop
  endfacet
  facet normal -0.4226183 -0 -0.9063078
    outer loop
      vertex 735 113 133.6269
      vertex 741.6352 103 130.5329
      vertex 735 103 133.6269
    endloop
  endfacet
  facet normal -0.258819 0 -0.9659258
    outer loop
      vertex 741.6352 113 130.5329
      vertex 748.7068 113 128.6381
      vertex 748.7068 103 128.6381
    endloop
  endfacet
  facet normal -0.258819 -0 -0.9659258
    outer loop
      vertex 741.6352 113 130.5329
      vertex 748.7068 103 128.6381
      vertex 741.6352 103 130.5329
    endloop
  endfacet
  facet normal -0.08715574 0 -0.9961947
    outer loop
      vertex 748.7068 113 128.6381
      vertex 756 113 128
      vertex 756 103 128
    endloop
  endfacet
  facet normal -0.08715574 -0 -0.9961947
    outer loop
      vertex 748.7068 113 128.6381
      vertex 756 103 128
      vertex 748.7068 103 128.6381
    endloop
  endfacet
  facet normal 0.08715574 0 -0.9961947
    outer loop
      vertex 756 113 128
      vertex 763.2932 113 128.6381
      vertex 763.2932 103 128.6381
    endloop
  endfacet
  facet normal 0.08715574 0 -0.9961947
    outer loop
      vertex 756 113 128
      vertex 763.2932 103 128.6381
      vertex 756 103 128
    endloop
  endfacet
  facet normal 0.258819 0 -0.9659258
    outer loop
      vertex 763.2932 113 128.6381
      vertex 770.3648 113 130.5329
      vertex 770.3648 103 130.5329
    endloop
  endfacet
  facet normal 0.258819 0 -0.9659258
    outer loop
      vertex 763.2932 113 128.6381
      vertex 770.3648 103 130.5329
      vertex 763.2932 103 128.6381
    endloop
  endfacet
  facet normal 0.4226183 0 -0.9063078
    outer loop
      vertex 770.3648 113 130.5329
      vertex 777 113 133.6269
      vertex 777 103 133.6269
    endloop
  endfacet
  facet normal 0.4226183 0 -0.9063078
    outer loop
      vertex 770.3648 113 130.5329
      vertex 777 103 133.6269
      vertex 770.3648 103 130.5329
    endloop
  endfacet
  facet normal 0.5735764 0 -0.819152
    outer loop
      vertex 777 113 133.6269
      vertex 782.9971 113 137.8261
      vertex 782.9971 103 137.8261
    endloop
  endfacet
  facet normal 0.5735764 0 -0.819152
    outer loop
      vertex 777 113 133.6269
      vertex 782.9971 103 137.8261
      vertex 777 103 133.6269
    endloop
  endfacet
  facet normal 0.7071068 0 -0.7071068
    outer loop
      vertex 782.9971 113 137.8261
      vertex 788.1739 113 143.0029
      vertex 788.1739 103 143.0029
    endloop
  endfacet
  facet normal 0.7071068 0 -0.7071068
    outer loop
      vertex 782.9971 113 137.8261
      vertex 788.1739 103 143.0029
      vertex 782.9971 103 137.8261
    endloop
  endfacet
  facet normal 0.819152 0 -0.5735764
    outer loop
      vertex 788.1739 113 143.0029
      vertex 792.3731 113 149
      vertex 792.3731 103 149
    endloop
  endfacet
  facet normal 0.819152 0 -0.5735764
    outer loop
      vertex 788.1739 113 143.0029
      vertex 792.3731 103 149
      vertex 788.1739 103 143.0029
    endloop
  endfacet
  facet normal 0.9063078 0 -0.4226183
    outer loop
      vertex 792.3731 113 149
      vertex 795.4671 113 155.6352
      vertex 795.4671 103 155.6352
    endloop
  endfacet
  facet normal 0.9063078 0 -0.4226183
    outer loop
      vertex 792.3731 113 149
      vertex 795.4671 103 155.6352
      vertex 792.3731 103 149
    endloop
  endfacet
  facet normal 0.9659258 0 -0.258819
    outer loop
      vertex 795.4671 113 155.6352
      vertex 797.3619 113 162.7068
      vertex 797.3619 103 162.7068
    endloop
  endfacet
  facet normal 0.9659258 0 -0.258819
    outer loop
      vertex 795.4671 113 155.6352
      vertex 797.3619 103 162.7068
      vertex 795.4671 103 155.6352
    endloop
  endfacet
  facet normal 0.9961947 0 -0.08715574
    outer loop
      vertex 797.3619 113 162.7068
      vertex 798 113 170
      vertex 798 103 170
    endloop
  endfacet
  facet normal 0.9961947 0 -0.08715574
    outer loop
      vertex 797.3619 113 162.7068
      vertex 798 103 170
      vertex 797.3619 103 162.7068
    endloop
  endfacet
  facet normal 0 1 0
    outer loop
      vertex 782.5898 100 165.3115
      vertex 781.3717 100 160.7655
      vertex 779.3827 100 156.5
    endloop
  endfacet
  facet normal 0 1 0
    outer loop
      vertex 782.5898 100 165.3115
      vertex 779.3827 100 156.5
      vertex 776.6832 100 152.6447
    endloop
  endfacet
  facet normal 0 1 0
    outer loop
      vertex 782.5898 100 165.3115
      vertex 776.6832 100 152.6447
      vertex 773.3553 100 149.3168
    endloop
  endfacet
  facet normal 0 1 0
    outer loop
      vertex 782.5898 100 165.3115
      vertex 773.3553 100 149.3168
      vertex 769.5 100 146.6173
    endloop
  endfacet
  facet normal 0 1 0
    outer loop
      vertex 782.5898 100 165.3115
      vertex 769.5 100 146.6173
      vertex 765.2345 100 144.6283
    endloop
  endfacet
  facet normal 0 1 0
    outer loop
      vertex 782.5898 100 165.3115
      vertex 765.2345 100 144.6283
      vertex 760.6885 100 143.4102
    endloop
  endfacet
  facet normal 0 1 0
    outer loop
      vertex 782.5898 100 165.3115
      vertex 760.6885 100 143.4102
      vertex 756 100 143
    endloop
  endfacet
  facet normal 0 1 0
    outer loop
      vertex 782.5898 100 165.3115
      vertex 756 100 143
      vertex 751.3115 100 143.4102
    endloop
  endfacet
  facet normal 0 1 0
    outer loop
      vertex 782.5898 100 165.3115
      vertex 751.3115 100 143.4102
      vertex 746.7655 100 144.6283
    endloop
  endfacet
  facet normal 0 1 0
    outer loop
      vertex 782.5898 100 165.3115
      vertex 746.7655 100 144.6283
      vertex 742.5 100 146.6173
    endloop
  endfacet
  facet normal 0 1 0
    outer loop
      vertex 782.5898 100 165.3115
      vertex 742.5 100 146.6173
      vertex 738.6447 100 149.3168
    endloop
  endfacet
  facet normal 0 1 0
    outer loop
      vertex 782.5898 100 165.3115
      vertex 738.6447 100 149.3168
      vertex 735.3168 100 152.6447
    endloop
  endfacet
  facet normal 0 1 0
    outer loop
      vertex 782.5898 100 165.3115
      vertex 735.3168 100 152.6447
      vertex 732.6173 100 156.5
    endloop
  endfacet
  facet normal 0 1 0
    outer loop
      vertex 782.5898 100 165.3115
      vertex 732.6173 100 156.5
      vertex 730.6283 100 160.7655
    endloop
  endfacet
  facet normal 0 1 0
    outer loop
      vertex 782.5898 100 165.3115
      vertex 730.6283 100 160.7655
      vertex 729.4102 100 165.3115
    endloop
  endfacet
  facet normal 0 1 0
    outer loop
      vertex 782.5898 100 165.3115
      vertex 729.4102 100 165.3115
      vertex 729 100 170
    endloop
  endfacet
  facet normal 0 1 0
    outer loop
      vertex 782.5898 100 165.3115
      vertex 729 100 170
      vertex 729.4102 100 174.6885
    endloop
  endfacet
  facet normal 0 1 0
    outer loop
      vertex 782.5898 100 165.3115
      vertex 729.4102 100 174.6885
      vertex 730.6283 100 179.2345
    endloop
  endfacet
  facet normal 0 1 0
    outer loop
      vertex 782.5898 100 165.3115
      vertex 730.6283 100 179.2345
      vertex 732.6173 100 183.5
    endloop
  endfacet
  facet normal 0 1 0
    outer loop
      vertex 782.5898 100 165.3115
      vertex 732.6173 100 183.5
      vertex 735.3168 100 187.3553
    endloop
  endfacet
  facet normal 0 1 0
    outer loop
      vertex 782.5898 100 165.3115
      vertex 735.3168 100 187.3553
      vertex 738.6447 100 190.6832
    endloop
  endfacet
  facet normal 0 1 0
    outer loop
      vertex 782.5898 100 165.3115
      vertex 738.6447 100 190.6832
      vertex 742.5 100 193.3827
    endloop
  endfacet
  facet normal 0 1 0
    outer loop
      vertex 782.5898 100 165.3115
      vertex 742.5 100 193.3827
      vertex 746.7655 100 195.3717
    endloop
  endfacet
  facet normal 0 1 0
    outer loop
      vertex 782.5898 100 165.3115
      vertex 746.7655 100 195.3717
      vertex 751.3115 100 196.5898
    endloop
  endfacet
  facet normal 0 1 0
    outer loop
      vertex 782.5898 100 165.3115
      vertex 751.3115 100 196.5898
      vertex 756 100 197
    endloop
  endfacet
  facet normal 0 1 0
    outer loop
      vertex 782.5898 100 165.3115
      vertex 756 100 197
      vertex 760.6885 100 196.5898
    endloop
  endfacet
  facet normal 0 1 0
    outer loop
      vertex 782.5898 100 165.3115
      vertex 760.6885 100 196.5898
      vertex 765.2345 100 195.3717
    endloop
  endfacet
  facet normal 0 1 0
    outer loop
      vertex 782.5898 100 165.3115
      vertex 765.2345 100 195.3717
      vertex 769.5 100 193.3827
    endloop
  endfacet
  facet normal 0 1 0
    outer loop
      vertex 782.5898 100 165.3115
      vertex 769.5 100 193.3827
      vertex 773.3553 100 190.6832
    endloop
  endfacet
  facet normal 0 1 0
    outer loop
      vertex 782.5898 100 165.3115
      vertex 773.3553 100 190.6832
      vertex 776.6832 100 187.3553
    endloop
  endfacet
  facet normal 0 1 0
    outer loop
      vertex 782.5898 100 165.3115
      vertex 776.6832 100 187.3553
      vertex 779.3827 100 183.5
    endloop
  endfacet
  facet normal 0 1 0
    outer loop
      vertex 782.5898 100 165.3115
      vertex 779.3827 100 183.5
      vertex 781.3717 100 179.2345
    endloop
  endfacet
  facet normal 0 1 -0
    outer loop
      vertex 782.5898 100 165.3115
      vertex 781.3717 100 179.2345
      vertex 782.5898 100 174.6885
    endloop
  endfacet
  facet normal 0 1 0
    outer loop
      vertex 782.5898 100 165.3115
      vertex 782.5898 100 174.6885
      vertex 783 100 170
    endloop
  endfacet
  facet normal 0 -1 0
    outer loop
      vertex 783 91 170
      vertex 782.5898 91 174.6885
      vertex 781.3717 91 179.2345
    endloop
  endfacet
  facet normal 0 -1 0
    outer loop
      vertex 783 91 170
      vertex 781.3717 91 179.2345
      vertex 779.3827 91 183.5
    endloop
  endfacet
  facet normal 0 -1 0
    outer loop
      vertex 783 91 170
      vertex 779.3827 91 183.5
      vertex 776.6832 91 187.3553
    endloop
  endfacet
  facet normal 0 -1 0
    outer loop
      vertex 783 91 170
      vertex 776.6832 91 187.3553
      vertex 773.3553 91 190.6832
    endloop
  endfacet
  facet normal 0 -1 0
    outer loop
      vertex 783 91 170
      vertex 773.3553 91 190.6832
      vertex 769.5 91 193.3827
    endloop
  endfacet
  facet normal 0 -1 0
    outer loop
      vertex 783 91 170
      vertex 769.5 91 193.3827
      vertex 765.2345 91 195.3717
    endloop
  endfacet
  facet normal 0 -1 0
    outer loop
      vertex 783 91 170
      vertex 765.2345 91 195.3717
      vertex 760.6885 91 196.5898
    endloop
  endfacet
  facet normal 0 -1 0
    outer loop
      vertex 783 91 170
      vertex 760.6885 91 196.5898
      vertex 756 91 197
    endloop
  endfacet
  facet normal 0 -1 0
    outer loop
      vertex 783 91 170
      vertex 756 91 197
      vertex 751.3115 91 196.5898
    endloop
  endfacet
  facet normal 0 -1 0
    outer loop
      vertex 783 91 170
      vertex 751.3115 91 196.5898
      vertex 746.7655 91 195.3717
    endloop
  endfacet
  facet normal 0 -1 0
    outer loop
      vertex 783 91 170
      vertex 746.7655 91 195.3717
      vertex 742.5 91 193.3827
    endloop
  endfacet
  facet normal 0 -1 0
    outer loop
      vertex 783 91 170
      vertex 742.5 91 193.3827
      vertex 738.6447 91 190.6832
    endloop
  endfacet
  facet normal 0 -1 0
    outer loop
      vertex 783 91 170
      vertex 738.6447 91 190.6832
      vertex 735.3168 91 187.3553
    endloop
  endfacet
  facet normal 0 -1 0
    outer loop
      vertex 783 91 170
      vertex 735.3168 91 187.3553
      vertex 732.6173 91 183.5
    endloop
  endfacet
  facet normal 0 -1 0
    outer loop
      vertex 783 91 170
      vertex 732.6173 91 183.5
      vertex 730.6283 91 179.2345
    endloop
  endfacet
  facet normal 0 -1 0
    outer loop
      vertex 783 91 170
      vertex 730.6283 91 179.2345
      vertex 729.4102 91 174.6885
    endloop
  endfacet
  facet normal 0 -1 0
    outer loop
      vertex 783 91 170
      vertex 729.4102 91 174.6885
      vertex 729 91 170
    endloop
  endfacet
  facet normal -0 -1 0
    outer loop
      vertex 783 91 170
      vertex 729 91 170
      vertex 729.4102 91 165.3115
    endloop
  endfacet
  facet normal 0 -1 0
    outer loop
      vertex 783 91 170
      vertex 729.4102 91 165.3115
      vertex 730.6283 91 160.7655
    endloop
  endfacet
  facet normal 0 -1 0
    outer loop
      vertex 783 91 170
      vertex 730.6283 91 160.7655
      vertex 732.6173 91 156.5
    endloop
  endfacet
  facet normal 0 -1 0
    outer loop
      vertex 783 91 170
      vertex 732.6173 91 156.5
      vertex 735.3168 91 152.6447
    endloop
  endfacet
  facet normal 0 -1 0
    outer loop
      vertex 783 91 170
      vertex 735.3168 91 152.6447
      vertex 738.6447 91 149.3168
    endloop
  endfacet
  facet normal 0 -1 0
    outer loop
      vertex 783 91 170
      vertex 738.6447 91 149.3168
      vertex 742.5 91 146.6173
    endloop
  endfacet
  facet normal 0 -1 0
    outer loop
      vertex 783 91 170
      vertex 742.5 91 146.6173
      vertex 746.7655 91 144.6283
    endloop
  endfacet
  facet normal 0 -1 0
    outer loop
      vertex 783 91 170
      vertex 746.7655 91 144.6283
      vertex 751.3115 91 143.4102
    endloop
  endfacet
  facet normal 0 -1 0
    outer loop
      vertex 783 91 170
      vertex 751.3115 91 143.4102
      vertex 756 91 143
    endloop
  endfacet
  facet normal 0 -1 0
    outer loop
      vertex 783 91 170
      vertex 756 91 143
      vertex 760.6885 91 143.4102
    endloop
  endfacet
  facet normal 0 -1 0
    outer loop
      vertex 783 91 170
      vertex 760.6885 91 143.4102
      vertex 765.2345 91 144.6283
    endloop
  endfacet
  facet normal 0 -1 0
    outer loop
      vertex 783 91 170
      vertex 765.2345 91 144.6283
      vertex 769.5 91 146.6173
    endloop
  endfacet
  facet normal 0 -1 0
    outer loop
      vertex 783 91 170
      vertex 769.5 91 146.6173
      vertex 773.3553 91 149.3168
    endloop
  endfacet
  facet normal 0 -1 0
    outer loop
      vertex 783 91 170
      vertex 773.3553 91 149.3168
      vertex 776.6832 91 152.6447
    endloop
  endfacet
  facet normal 0 -1 0
    outer loop
      vertex 783 91 170
      vertex 776.6832 91 152.6447
      vertex 779.3827 91 156.5
    endloop
  endfacet
  facet normal 0 -1 0
    outer loop
      vertex 783 91 170
      vertex 779.3827 91 156.5
      vertex 781.3717 91 160.7655
    endloop
  endfacet
  facet normal 0 -1 0
    outer loop
      vertex 783 91 170
      vertex 781.3717 91 160.7655
      vertex 782.5898 91 165.3115
    endloop
  endfacet
  facet normal 0.9961947 0 0.08715574
    outer loop
      vertex 783 100 170
      vertex 782.5898 100 174.6885
      vertex 782.5898 91 174.6885
    endloop
  endfacet
  facet normal 0.9961947 0 0.08715574
    outer loop
      vertex 783 100 170
      vertex 782.5898 91 174.6885
      vertex 783 91 170
    endloop
  endfacet
  facet normal 0.9659258 0 0.258819
    outer loop
      vertex 782.5898 100 174.6885
      vertex 781.3717 100 179.2345
      vertex 781.3717 91 179.2345
    endloop
  endfacet
  facet normal 0.9659258 0 0.258819
    outer loop
      vertex 782.5898 100 174.6885
      vertex 781.3717 91 179.2345
      vertex 782.5898 91 174.6885
    endloop
  endfacet
  facet normal 0.9063078 0 0.4226183
    outer loop
      vertex 781.3717 100 179.2345
      vertex 779.3827 100 183.5
      vertex 779.3827 91 183.5
    endloop
  endfacet
  facet normal 0.9063078 0 0.4226183
    outer loop
      vertex 781.3717 100 179.2345
      vertex 779.3827 91 183.5
      vertex 781.3717 91 179.2345
    endloop
  endfacet
  facet normal 0.819152 0 0.5735764
    outer loop
      vertex 779.3827 100 183.5
      vertex 776.6832 100 187.3553
      vertex 776.6832 91 187.3553
    endloop
  endfacet
  facet normal 0.819152 0 0.5735764
    outer loop
      vertex 779.3827 100 183.5
      vertex 776.6832 91 187.3553
      vertex 779.3827 91 183.5
    endloop
  endfacet
  facet normal 0.7071068 0 0.7071068
    outer loop
      vertex 776.6832 100 187.3553
      vertex 773.3553 100 190.6832
      vertex 773.3553 91 190.6832
    endloop
  endfacet
  facet normal 0.7071068 0 0.7071068
    outer loop
      vertex 776.6832 100 187.3553
      vertex 773.3553 91 190.6832
      vertex 776.6832 91 187.3553
    endloop
  endfacet
  facet normal 0.5735764 0 0.819152
    outer loop
      vertex 773.3553 100 190.6832
      vertex 769.5 100 193.3827
      vertex 769.5 91 193.3827
    endloop
  endfacet
  facet normal 0.5735764 0 0.819152
    outer loop
      vertex 773.3553 100 190.6832
      vertex 769.5 91 193.3827
      vertex 773.3553 91 190.6832
    endloop
  endfacet
  facet normal 0.4226183 0 0.9063078
    outer loop
      vertex 769.5 100 193.3827
      vertex 765.2345 100 195.3717
      vertex 765.2345 91 195.3717
    endloop
  endfacet
  facet normal 0.4226183 0 0.9063078
    outer loop
      vertex 769.5 100 193.3827
      vertex 765.2345 91 195.3717
      vertex 769.5 91 193.3827
    endloop
  endfacet
  facet normal 0.258819 0 0.9659258
    outer loop
      vertex 765.2345 100 195.3717
      vertex 760.6885 100 196.5898
      vertex 760.6885 91 196.5898
    endloop
  endfacet
  facet normal 0.258819 0 0.9659258
    outer loop
      vertex 765.2345 100 195.3717
      vertex 760.6885 91 196.5898
      vertex 765.2345 91 195.3717
    endloop
  endfacet
  facet normal 0.08715574 0 0.9961947
    outer loop
      vertex 760.6885 100 196.5898
      vertex 756 100 197
      vertex 756 91 197
    endloop
  endfacet
  facet normal 0.08715574 0 0.9961947
    outer loop
      vertex 760.6885 100 196.5898
      vertex 756 91 197
      vertex 760.6885 91 196.5898
    endloop
  endfacet
  facet normal -0.08715574 0 0.9961947
    outer loop
      vertex 756 100 197
      vertex 751.3115 100 196.5898
      vertex 751.3115 91 196.5898
    endloop
  endfacet
  facet normal -0.08715574 0 0.9961947
    outer loop
      vertex 756 100 197
      vertex 751.3115 91 196.5898
      vertex 756 91 197
    endloop
  endfacet
  facet normal -0.258819 0 0.9659258
    outer loop
      vertex 751.3115 100 196.5898
      vertex 746.7655 100 195.3717
      vertex 746.7655 91 195.3717
    endloop
  endfacet
  facet normal -0.258819 0 0.9659258
    outer loop
      vertex 751.3115 100 196.5898
      vertex 746.7655 91 195.3717
      vertex 751.3115 91 196.5898
    endloop
  endfacet
  facet normal -0.4226183 0 0.9063078
    outer loop
      vertex 746.7655 100 195.3717
      vertex 742.5 100 193.3827
      vertex 742.5 91 193.3827
    endloop
  endfacet
  facet normal -0.4226183 0 0.9063078
    outer loop
      vertex 746.7655 100 195.3717
      vertex 742.5 91 193.3827
      vertex 746.7655 91 195.3717
    endloop
  endfacet
  facet normal -0.5735764 0 0.819152
    outer loop
      vertex 742.5 100 193.3827
      vertex 738.6447 100 190.6832
      vertex 738.6447 91 190.6832
    endloop
  endfacet
  facet normal -0.5735764 0 0.819152
    outer loop
      vertex 742.5 100 193.3827
      vertex 738.6447 91 190.6832
      vertex 742.5 91 193.3827
    endloop
  endfacet
  facet normal -0.7071068 0 0.7071068
    outer loop
      vertex 738.6447 100 190.6832
      vertex 735.3168 100 187.3553
      vertex 735.3168 91 187.3553
    endloop
  endfacet
  facet normal -0.7071068 0 0.7071068
    outer loop
      vertex 738.6447 100 190.6832
      vertex 735.3168 91 187.3553
      vertex 738.6447 91 190.6832
    endloop
  endfacet
  facet normal -0.819152 0 0.5735764
    outer loop
      vertex 735.3168 100 187.3553
      vertex 732.6173 100 183.5
      vertex 732.6173 91 183.5
    endloop
  endfacet
  facet normal -0.819152 0 0.5735764
    outer loop
      vertex 735.3168 100 187.3553
      vertex 732.6173 91 183.5
      vertex 735.3168 91 187.3553
    endloop
  endfacet
  facet normal -0.9063078 0 0.4226183
    outer loop
      vertex 732.6173 100 183.5
      vertex 730.6283 100 179.2345
      vertex 730.6283 91 179.2345
    endloop
  endfacet
  facet normal -0.9063078 0 0.4226183
    outer loop
      vertex 732.6173 100 183.5
      vertex 730.6283 91 179.2345
      vertex 732.6173 91 183.5
    endloop
  endfacet
  facet normal -0.9659258 0 0.258819
    outer loop
      vertex 730.6283 100 179.2345
      vertex 729.4102 100 174.6885
      vertex 729.4102 91 174.6885
    endloop
  endfacet
  facet normal -0.9659258 0 0.258819
    outer loop
      vertex 730.6283 100 179.2345
      vertex 729.4102 91 174.6885
      vertex 730.6283 91 179.2345
    endloop
  endfacet
  facet normal -0.9961947 0 0.08715574
    outer loop
      vertex 729.4102 100 174.6885
      vertex 729 100 170
      vertex 729 91 170
    endloop
  endfacet
  facet normal -0.9961947 0 0.08715574
    outer loop
      vertex 729.4102 100 174.6885
      vertex 729 91 170
      vertex 729.4102 91 174.6885
    endloop
  endfacet
  facet normal -0.9961947 0 -0.08715574
    outer loop
      vertex 729 100 170
      vertex 729.4102 100 165.3115
      vertex 729.4102 91 165.3115
    endloop
  endfacet
  facet normal -0.9961947 -0 -0.08715574
    outer loop
      vertex 729 100 170
      vertex 729.4102 91 165.3115
      vertex 729 91 170
    endloop
  endfacet
  facet normal -0.9659258 0 -0.258819
    outer loop
      vertex 729.4102 100 165.3115
      vertex 730.6283 100 160.7655
      vertex 730.6283 91 160.7655
    endloop
  endfacet
  facet normal -0.9659258 -0 -0.258819
    outer loop
      vertex 729.4102 100 165.3115
      vertex 730.6283 91 160.7655
      vertex 729.4102 91 165.3115
    endloop
  endfacet
  facet normal -0.9063078 0 -0.4226183
    outer loop
      vertex 730.6283 100 160.7655
      vertex 732.6173 100 156.5
      vertex 732.6173 91 156.5
    endloop
  endfacet
  facet normal -0.9063078 -0 -0.4226183
    outer loop
      vertex 730.6283 100 160.7655
      vertex 732.6173 91 156.5
      vertex 730.6283 91 160.7655
    endloop
  endfacet
  facet normal -0.819152 0 -0.5735764
    outer loop
      vertex 732.6173 100 156.5
      vertex 735.3168 100 152.6447
      vertex 735.3168 91 152.6447
    endloop
  endfacet
  facet normal -0.819152 -0 -0.5735764
    outer loop
      vertex 732.6173 100 156.5
      vertex 735.3168 91 152.6447
      vertex 732.6173 91 156.5
    endloop
  endfacet
  facet normal -0.7071068 0 -0.7071068
    outer loop
      vertex 735.3168 100 152.6447
      vertex 738.6447 100 149.3168
      vertex 738.6447 91 149.3168
    endloop
  endfacet
  facet normal -0.7071068 -0 -0.7071068
    outer loop
      vertex 735.3168 100 152.6447
      vertex 738.6447 91 149.3168
      vertex 735.3168 91 152.6447
    endloop
  endfacet
  facet normal -0.5735764 0 -0.819152
    outer loop
      vertex 738.6447 100 149.3168
      vertex 742.5 100 146.6173
      vertex 742.5 91 146.6173
    endloop
  endfacet
  facet normal -0.5735764 -0 -0.819152
    outer loop
      vertex 738.6447 100 149.3168
      vertex 742.5 91 146.6173
      vertex 738.6447 91 149.3168
    endloop
  endfacet
  facet normal -0.4226183 0 -0.9063078
    outer loop
      vertex 742.5 100 146.6173
      vertex 746.7655 100 144.6283
      vertex 746.7655 91 144.6283
    endloop
  endfacet
  facet normal -0.4226183 -0 -0.9063078
    outer loop
      vertex 742.5 100 146.6173
      vertex 746.7655 91 144.6283
      vertex 742.5 91 146.6173
    endloop
  endfacet
  facet normal -0.258819 0 -0.9659258
    outer loop
      vertex 746.7655 100 144.6283
      vertex 751.3115 100 143.4102
      vertex 751.3115 91 143.4102
    endloop
  endfacet
  facet normal -0.258819 -0 -0.9659258
    outer loop
      vertex 746.7655 100 144.6283
      vertex 751.3115 91 143.4102
      vertex 746.7655 91 144.6283
    endloop
  endfacet
  facet normal -0.08715574 0 -0.9961947
    outer loop
      vertex 751.3115 100 143.4102
      vertex 756 100 143
      vertex 756 91 143
    endloop
  endfacet
  facet normal -0.08715574 -0 -0.9961947
    outer loop
      vertex 751.3115 100 143.4102
      vertex 756 91 143
      vertex 751.3115 91 143.4102
    endloop
  endfacet
  facet normal 0.08715574 0 -0.9961947
    outer loop
      vertex 756 100 143
      vertex 760.6885 100 143.4102
      vertex 760.6885 91 143.4102
    endloop
  endfacet
  facet normal 0.08715574 0 -0.9961947
    outer loop
      vertex 756 100 143
      vertex 760.6885 91 143.4102
      vertex 756 91 143
    endloop
  endfacet
  facet normal 0.258819 0 -0.9659258
    outer loop
      vertex 760.6885 100 143.4102
      vertex 765.2345 100 144.6283
      vertex 765.2345 91 144.6283
    endloop
  endfacet
  facet normal 0.258819 0 -0.9659258
    outer loop
      vertex 760.6885 100 143.4102
      vertex 765.2345 91 144.6283
      vertex 760.6885 91 143.4102
    endloop
  endfacet
  facet normal 0.4226183 0 -0.9063078
    outer loop
      vertex 765.2345 100 144.6283
      vertex 769.5 100 146.6173
      vertex 769.5 91 146.6173
    endloop
  endfacet
  facet normal 0.4226183 0 -0.9063078
    outer loop
      vertex 765.2345 100 144.6283
      vertex 769.5 91 146.6173
      vertex 765.2345 91 144.6283
    endloop
  endfacet
  facet normal 0.5735764 0 -0.819152
    outer loop
      vertex 769.5 100 146.6173
      vertex 773.3553 100 149.3168
      vertex 773.3553 91 149.3168
    endloop
  endfacet
  facet normal 0.5735764 0 -0.819152
    outer loop
      vertex 769.5 100 146.6173
      vertex 773.3553 91 149.3168
      vertex 769.5 91 146.6173
    endloop
  endfacet
  facet normal 0.7071068 0 -0.7071068
    outer loop
      vertex 773.3553 100 149.3168
      vertex 776.6832 100 152.6447
      vertex 776.6832 91 152.6447
    endloop
  endfacet
  facet normal 0.7071068 0 -0.7071068
    outer loop
      vertex 773.3553 100 149.3168
      vertex 776.6832 91 152.6447
      vertex 773.3553 91 149.3168
    endloop
  endfacet
  facet normal 0.819152 0 -0.5735764
    outer loop
      vertex 776.6832 100 152.6447
      vertex 779.3827 100 156.5
      vertex 779.3827 91 156.5
    endloop
  endfacet
  facet normal 0.819152 0 -0.5735764
    outer loop
      vertex 776.6832 100 152.6447
      vertex 779.3827 91 156.5
      vertex 776.6832 91 152.6447
    endloop
  endfacet
  facet normal 0.9063078 0 -0.4226183
    outer loop
      vertex 779.3827 100 156.5
      vertex 781.3717 100 160.7655
      vertex 781.3717 91 160.7655
    endloop
  endfacet
  facet normal 0.9063078 0 -0.4226183
    outer loop
      vertex 779.3827 100 156.5
      vertex 781.3717 91 160.7655
      vertex 779.3827 91 156.5
    endloop
  endfacet
  facet normal 0.9659258 0 -0.258819
    outer loop
      vertex 781.3717 100 160.7655
      vertex 782.5898 100 165.3115
      vertex 782.5898 91 165.3115
    endloop
  endfacet
  facet normal 0.9659258 0 -0.258819
    outer loop
      vertex 781.3717 100 160.7655
      vertex 782.5898 91 165.3115
      vertex 781.3717 91 160.7655
    endloop
  endfacet
  facet normal 0.9961947 0 -0.08715574
    outer loop
      vertex 782.5898 100 165.3115
      vertex 783 100 170
      vertex 783 91 170
    endloop
  endfacet
  facet normal 0.9961947 0 -0.08715574
    outer loop
      vertex 782.5898 100 165.3115
      vertex 783 91 170
      vertex 782.5898 91 165.3115
    endloop
  endfacet
  facet normal 0 1 0
    outer loop
      vertex 771.7569 88 167.2216
      vertex 771.0351 88 164.5277
      vertex 769.8564 88 162
    endloop
  endfacet
  facet normal 0 1 0
    outer loop
      vertex 771.7569 88 167.2216
      vertex 769.8564 88 162
      vertex 768.2567 88 159.7154
    endloop
  endfacet
  facet normal 0 1 0
    outer loop
      vertex 771.7569 88 167.2216
      vertex 768.2567 88 159.7154
      vertex 766.2846 88 157.7433
    endloop
  endfacet
  facet normal 0 1 0
    outer loop
      vertex 771.7569 88 167.2216
      vertex 766.2846 88 157.7433
      vertex 764 88 156.1436
    endloop
  endfacet
  facet normal 0 1 0
    outer loop
      vertex 771.7569 88 167.2216
      vertex 764 88 156.1436
      vertex 761.4723 88 154.9649
    endloop
  endfacet
  facet normal 0 1 0
    outer loop
      vertex 771.7569 88 167.2216
      vertex 761.4723 88 154.9649
      vertex 758.7784 88 154.2431
    endloop
  endfacet
  facet normal 0 1 0
    outer loop
      vertex 771.7569 88 167.2216
      vertex 758.7784 88 154.2431
      vertex 756 88 154
    endloop
  endfacet
  facet normal 0 1 0
    outer loop
      vertex 771.7569 88 167.2216
      vertex 756 88 154
      vertex 753.2216 88 154.2431
    endloop
  endfacet
  facet normal 0 1 0
    outer loop
      vertex 771.7569 88 167.2216
      vertex 753.2216 88 154.2431
      vertex 750.5277 88 154.9649
    endloop
  endfacet
  facet normal 0 1 0
    outer loop
      vertex 771.7569 88 167.2216
      vertex 750.5277 88 154.9649
      vertex 748 88 156.1436
    endloop
  endfacet
  facet normal 0 1 0
    outer loop
      vertex 771.7569 88 167.2216
      vertex 748 88 156.1436
      vertex 745.7154 88 157.7433
    endloop
  endfacet
  facet normal 0 1 0
    outer loop
      vertex 771.7569 88 167.2216
      vertex 745.7154 88 157.7433
      vertex 743.7433 88 159.7154
    endloop
  endfacet
  facet normal 0 1 0
    outer loop
      vertex 771.7569 88 167.2216
      vertex 743.7433 88 159.7154
      vertex 742.1436 88 162
    endloop
  endfacet
  facet normal 0 1 0
    outer loop
      vertex 771.7569 88 167.2216
      vertex 742.1436 88 162
      vertex 740.9649 88 164.5277
    endloop
  endfacet
  facet normal 0 1 0
    outer loop
      vertex 771.7569 88 167.2216
      vertex 740.9649 88 164.5277
      vertex 740.2431 88 167.2216
    endloop
  endfacet
  facet normal 0 1 0
    outer loop
      vertex 771.7569 88 167.2216
      vertex 740.2431 88 167.2216
      vertex 740 88 170
    endloop
  endfacet
  facet normal 0 1 0
    outer loop
      vertex 771.7569 88 167.2216
      vertex 740 88 170
      vertex 740.2431 88 172.7784
    endloop
  endfacet
  facet normal 0 1 0
    outer loop
      vertex 771.7569 88 167.2216
      vertex 740.2431 88 172.7784
      vertex 740.9649 88 175.4723
    endloop
  endfacet
  facet normal 0 1 0
    outer loop
      vertex 771.7569 88 167.2216
      vertex 740.9649 88 175.4723
      vertex 742.1436 88 178
    endloop
  endfacet
  facet normal 0 1 0
    outer loop
      vertex 771.7569 88 167.2216
      vertex 742.1436 88 178
      vertex 743.7433 88 180.2846
    endloop
  endfacet
  facet normal 0 1 0
    outer loop
      vertex 771.7569 88 167.2216
      vertex 743.7433 88 180.2846
      vertex 745.7154 88 182.2567
    endloop
  endfacet
  facet normal 0 1 0
    outer loop
      vertex 771.7569 88 167.2216
      vertex 745.7154 88 182.2567
      vertex 748 88 183.8564
    endloop
  endfacet
  facet normal 0 1 0
    outer loop
      vertex 771.7569 88 167.2216
      vertex 748 88 183.8564
      vertex 750.5277 88 185.0351
    endloop
  endfacet
  facet normal 0 1 0
    outer loop
      vertex 771.7569 88 167.2216
      vertex 750.5277 88 185.0351
      vertex 753.2216 88 185.7569
    endloop
  endfacet
  facet normal 0 1 0
    outer loop
      vertex 771.7569 88 167.2216
      vertex 753.2216 88 185.7569
      vertex 756 88 186
    endloop
  endfacet
  facet normal 0 1 0
    outer loop
      vertex 771.7569 88 167.2216
      vertex 756 88 186
      vertex 758.7784 88 185.7569
    endloop
  endfacet
  facet normal 0 1 0
    outer loop
      vertex 771.7569 88 167.2216
      vertex 758.7784 88 185.7569
      vertex 761.4723 88 185.0351
    endloop
  endfacet
  facet normal 0 1 0
    outer loop
      vertex 771.7569 88 167.2216
      vertex 761.4723 88 185.0351
      vertex 764 88 183.8564
    endloop
  endfacet
  facet normal 0 1 0
    outer loop
      vertex 771.7569 88 167.2216
      vertex 764 88 183.8564
      vertex 766.2846 88 182.2567
    endloop
  endfacet
  facet normal 0 1 0
    outer loop
      vertex 771.7569 88 167.2216
      vertex 766.2846 88 182.2567
      vertex 768.2567 88 180.2846
    endloop
  endfacet
  facet normal 0 1 0
    outer loop
      vertex 771.7569 88 167.2216
      vertex 768.2567 88 180.2846
      vertex 769.8564 88 178
    endloop
  endfacet
  facet normal 0 1 0
    outer loop
      vertex 771.7569 88 167.2216
      vertex 769.8564 88 178
      vertex 771.0351 88 175.4723
    endloop
  endfacet
  facet normal 0 1 -0
    outer loop
      vertex 771.7569 88 167.2216
      vertex 771.0351 88 175.4723
      vertex 771.7569 88 172.7784
    endloop
  endfacet
  facet normal 0 1 0
    outer loop
      vertex 771.7569 88 167.2216
      vertex 771.7569 88 172.7784
      vertex 772 88 170
    endloop
  endfacet
  facet normal 0 -1 0
    outer loop
      vertex 772 78 170
      vertex 771.7569 78 172.7784
      vertex 771.0351 78 175.4723
    endloop
  endfacet
  facet normal 0 -1 0
    outer loop
      vertex 772 78 170
      vertex 771.0351 78 175.4723
      vertex 769.8564 78 178
    endloop
  endfacet
  facet normal 0 -1 0
    outer loop
      vertex 772 78 170
      vertex 769.8564 78 178
      vertex 768.2567 78 180.2846
    endloop
  endfacet
  facet normal 0 -1 0
    outer loop
      vertex 772 78 170
      vertex 768.2567 78 180.2846
      vertex 766.2846 78 182.2567
    endloop
  endfacet
  facet normal 0 -1 0
    outer loop
      vertex 772 78 170
      vertex 766.2846 78 182.2567
      vertex 764 78 183.8564
    endloop
  endfacet
  facet normal 0 -1 0
    outer loop
      vertex 772 78 170
      vertex 764 78 183.8564
      vertex 761.4723 78 185.0351
    endloop
  endfacet
  facet normal 0 -1 0
    outer loop
      vertex 772 78 170
      vertex 761.4723 78 185.0351
      vertex 758.7784 78 185.7569
    endloop
  endfacet
  facet normal 0 -1 0
    outer loop
      vertex 772 78 170
      vertex 758.7784 78 185.7569
      vertex 756 78 186
    endloop
  endfacet
  facet normal 0 -1 0
    outer loop
      vertex 772 78 170
      vertex 756 78 186
      vertex 753.2216 78 185.7569
    endloop
  endfacet
  facet normal 0 -1 0
    outer loop
      vertex 772 78 170
      vertex 753.2216 78 185.7569
      vertex 750.5277 78 185.0351
    endloop
  endfacet
  facet normal 0 -1 0
    outer loop
      vertex 772 78 170
      vertex 750.5277 78 185.0351
      vertex 748 78 183.8564
    endloop
  endfacet
  facet normal 0 -1 0
    outer loop
      vertex 772 78 170
      vertex 748 78 183.8564
      vertex 745.7154 78 182.2567
    endloop
  endfacet
  facet normal 0 -1 0
    outer loop
      vertex 772 78 170
      vertex 745.7154 78 182.2567
      vertex 743.7433 78 180.2846
    endloop
  endfacet
  facet normal 0 -1 0
    outer loop
      vertex 772 78 170
      vertex 743.7433 78 180.2846
      vertex 742.1436 78 178
    endloop
  endfacet
  facet normal 0 -1 0
    outer loop
      vertex 772 78 170
      vertex 742.1436 78 178
      vertex 740.9649 78 175.4723
    endloop
  endfacet
  facet normal 0 -1 0
    outer loop
      vertex 772 78 170
      vertex 740.9649 78 175.4723
      vertex 740.2431 78 172.7784
    endloop
  endfacet
  facet normal 0 -1 0
    outer loop
      vertex 772 78 170
      vertex 740.2431 78 172.7784
      vertex 740 78 170
    endloop
  endfacet
  facet normal -0 -1 0
    outer loop
      vertex 772 78 170
      vertex 740 78 170
      vertex 740.2431 78 167.2216
    endloop
  endfacet
  facet normal 0 -1 0
    outer loop
      vertex 772 78 170
      vertex 740.2431 78 167.2216
      vertex 740.9649 78 164.5277
    endloop
  endfacet
  facet normal 0 -1 0
    outer loop
      vertex 772 78 170
      vertex 740.9649 78 164.5277
      vertex 742.1436 78 162
    endloop
  endfacet
  facet normal 0 -1 0
    outer loop
      vertex 772 78 170
      vertex 742.1436 78 162
      vertex 743.7433 78 159.7154
    endloop
  endfacet
  facet normal 0 -1 0
    outer loop
      vertex 772 78 170
      vertex 743.7433 78 159.7154
      vertex 745.7154 78 157.7433
    endloop
  endfacet
  facet normal 0 -1 0
    outer loop
      vertex 772 78 170
      vertex 745.7154 78 157.7433
      vertex 748 78 156.1436
    endloop
  endfacet
  facet normal 0 -1 0
    outer loop
      vertex 772 78 170
      vertex 748 78 156.1436
      vertex 750.5277 78 154.9649
    endloop
  endfacet
  facet normal 0 -1 0
    outer loop
      vertex 772 78 170
      vertex 750.5277 78 154.9649
      vertex 753.2216 78 154.2431
    endloop
  endfacet
  facet normal 0 -1 0
    outer loop
      vertex 772 78 170
      vertex 753.2216 78 154.2431
      vertex 756 78 154
    endloop
  endfacet
  facet normal 0 -1 0
    outer loop
      vertex 772 78 170
      vertex 756 78 154
      vertex 758.7784 78 154.2431
    endloop
  endfacet
  facet normal 0 -1 0
    outer loop
      vertex 772 78 170
      vertex 758.7784 78 154.2431
      vertex 761.4723 78 154.9649
    endloop
  endfacet
  facet normal 0 -1 0
    outer loop
      vertex 772 78 170
      vertex 761.4723 78 154.9649
      vertex 764 78 156.1436
    endloop
  endfacet
  facet normal 0 -1 0
    outer loop
      vertex 772 78 170
      vertex 764 78 156.1436
      vertex 766.2846 78 157.7433
    endloop
  endfacet
  facet normal 0 -1 0
    outer loop
      vertex 772 78 170
      vertex 766.2846 78 157.7433
      vertex 768.2567 78 159.7154
    endloop
  endfacet
  facet normal 0 -1 0
    outer loop
      vertex 772 78 170
      vertex 768.2567 78 159.7154
      vertex 769.8564 78 162
    endloop
  endfacet
  facet normal 0 -1 0
    outer loop
      vertex 772 78 170
      vertex 769.8564 78 162
      vertex 771.0351 78 164.5277
    endloop
  endfacet
  facet normal 0 -1 0
    outer loop
      vertex 772 78 170
      vertex 771.0351 78 164.5277
      vertex 771.7569 78 167.2216
    endloop
  endfacet
  facet normal 0.9961947 0 0.08715574
    outer loop
      vertex 772 88 170
      vertex 771.7569 88 172.7784
      vertex 771.7569 78 172.7784
    endloop
  endfacet
  facet normal 0.9961947 0 0.08715574
    outer loop
      vertex 772 88 170
      vertex 771.7569 78 172.7784
      vertex 772 78 170
    endloop
  endfacet
  facet normal 0.9659258 0 0.258819
    outer loop
      vertex 771.7569 88 172.7784
      vertex 771.0351 88 175.4723
      vertex 771.0351 78 175.4723
    endloop
  endfacet
  facet normal 0.9659258 0 0.258819
    outer loop
      vertex 771.7569 88 172.7784
      vertex 771.0351 78 175.4723
      vertex 771.7569 78 172.7784
    endloop
  endfacet
  facet normal 0.9063078 0 0.4226183
    outer loop
      vertex 771.0351 88 175.4723
      vertex 769.8564 88 178
      vertex 769.8564 78 178
    endloop
  endfacet
  facet normal 0.9063078 0 0.4226183
    outer loop
      vertex 771.0351 88 175.4723
      vertex 769.8564 78 178
      vertex 771.0351 78 175.4723
    endloop
  endfacet
  facet normal 0.819152 0 0.5735764
    outer loop
      vertex 769.8564 88 178
      vertex 768.2567 88 180.2846
      vertex 768.2567 78 180.2846
    endloop
  endfacet
  facet normal 0.819152 0 0.5735764
    outer loop
      vertex 769.8564 88 178
      vertex 768.2567 78 180.2846
      vertex 769.8564 78 178
    endloop
  endfacet
  facet normal 0.7071068 0 0.7071068
    outer loop
      vertex 768.2567 88 180.2846
      vertex 766.2846 88 182.2567
      vertex 766.2846 78 182.2567
    endloop
  endfacet
  facet normal 0.7071068 0 0.7071068
    outer loop
      vertex 768.2567 88 180.2846
      vertex 766.2846 78 182.2567
      vertex 768.2567 78 180.2846
    endloop
  endfacet
  facet normal 0.5735764 0 0.819152
    outer loop
      vertex 766.2846 88 182.2567
      vertex 764 88 183.8564
      vertex 764 78 183.8564
    endloop
  endfacet
  facet normal 0.5735764 0 0.819152
    outer loop
      vertex 766.2846 88 182.2567
      vertex 764 78 183.8564
      vertex 766.2846 78 182.2567
    endloop
  endfacet
  facet normal 0.4226183 0 0.9063078
    outer loop
      vertex 764 88 183.8564
      vertex 761.4723 88 185.0351
      vertex 761.4723 78 185.0351
    endloop
  endfacet
  facet normal 0.4226183 0 0.9063078
    outer loop
      vertex 764 88 183.8564
      vertex 761.4723 78 185.0351
      vertex 764 78 183.8564
    endloop
  endfacet
  facet normal 0.258819 0 0.9659258
    outer loop
      vertex 761.4723 88 185.0351
      vertex 758.7784 88 185.7569
      vertex 758.7784 78 185.7569
    endloop
  endfacet
  facet normal 0.258819 0 0.9659258
    outer loop
      vertex 761.4723 88 185.0351
      vertex 758.7784 78 185.7569
      vertex 761.4723 78 185.0351
    endloop
  endfacet
  facet normal 0.08715574 0 0.9961947
    outer loop
      vertex 758.7784 88 185.7569
      vertex 756 88 186
      vertex 756 78 186
    endloop
  endfacet
  facet normal 0.08715574 0 0.9961947
    outer loop
      vertex 758.7784 88 185.7569
      vertex 756 78 186
      vertex 758.7784 78 185.7569
    endloop
  endfacet
  facet normal -0.08715574 0 0.9961947
    outer loop
      vertex 756 88 186
      vertex 753.2216 88 185.7569
      vertex 753.2216 78 185.7569
    endloop
  endfacet
  facet normal -0.08715574 0 0.9961947
    outer loop
      vertex 756 88 186
      vertex 753.2216 78 185.7569
      vertex 756 78 186
    endloop
  endfacet
  facet normal -0.258819 0 0.9659258
    outer loop
      vertex 753.2216 88 185.7569
      vertex 750.5277 88 185.0351
      vertex 750.5277 78 185.0351
    endloop
  endfacet
  facet normal -0.258819 0 0.9659258
    outer loop
      vertex 753.2216 88 185.7569
      vertex 750.5277 78 185.0351
      vertex 753.2216 78 185.7569
    endloop
  endfacet
  facet normal -0.4226183 0 0.9063078
    outer loop
      vertex 750.5277 88 185.0351
      vertex 748 88 183.8564
      vertex 748 78 183.8564
    endloop
  endfacet
  facet normal -0.4226183 0 0.9063078
    outer loop
      vertex 750.5277 88 185.0351
      vertex 748 78 183.8564
      vertex 750.5277 78 185.0351
    endloop
  endfacet
  facet normal -0.5735764 0 0.819152
    outer loop
      vertex 748 88 183.8564
      vertex 745.7154 88 182.2567
      vertex 745.7154 78 182.2567
    endloop
  endfacet
  facet normal -0.5735764 0 0.819152
    outer loop
      vertex 748 88 183.8564
      vertex 745.7154 78 182.2567
      vertex 748 78 183.8564
    endloop
  endfacet
  facet normal -0.7071068 0 0.7071068
    outer loop
      vertex 745.7154 88 182.2567
      vertex 743.7433 88 180.2846
      vertex 743.7433 78 180.2846
    endloop
  endfacet
  facet normal -0.7071068 0 0.7071068
    outer loop
      vertex 745.7154 88 182.2567
      vertex 743.7433 78 180.2846
      vertex 745.7154 78 182.2567
    endloop
  endfacet
  facet normal -0.819152 0 0.5735764
    outer loop
      vertex 743.7433 88 180.2846
      vertex 742.1436 88 178
      vertex 742.1436 78 178
    endloop
  endfacet
  facet normal -0.819152 0 0.5735764
    outer loop
      vertex 743.7433 88 180.2846
      vertex 742.1436 78 178
      vertex 743.7433 78 180.2846
    endloop
  endfacet
  facet normal -0.9063078 0 0.4226183
    outer loop
      vertex 742.1436 88 178
      vertex 740.9649 88 175.4723
      vertex 740.9649 78 175.4723
    endloop
  endfacet
  facet normal -0.9063078 0 0.4226183
    outer loop
      vertex 742.1436 88 178
      vertex 740.9649 78 175.4723
      vertex 742.1436 78 178
    endloop
  endfacet
  facet normal -0.9659258 0 0.258819
    outer loop
      vertex 740.9649 88 175.4723
      vertex 740.2431 88 172.7784
      vertex 740.2431 78 172.7784
    endloop
  endfacet
  facet normal -0.9659258 0 0.258819
    outer loop
      vertex 740.9649 88 175.4723
      vertex 740.2431 78 172.7784
      vertex 740.9649 78 175.4723
    endloop
  endfacet
  facet normal -0.9961947 0 0.08715574
    outer loop
      vertex 740.2431 88 172.7784
      vertex 740 88 170
      vertex 740 78 170
    endloop
  endfacet
  facet normal -0.9961947 0 0.08715574
    outer loop
      vertex 740.2431 88 172.7784
      vertex 740 78 170
      vertex 740.2431 78 172.7784
    endloop
  endfacet
  facet normal -0.9961947 0 -0.08715574
    outer loop
      vertex 740 88 170
      vertex 740.2431 88 167.2216
      vertex 740.2431 78 167.2216
    endloop
  endfacet
  facet normal -0.9961947 -0 -0.08715574
    outer loop
      vertex 740 88 170
      vertex 740.2431 78 167.2216
      vertex 740 78 170
    endloop
  endfacet
  facet normal -0.9659258 0 -0.258819
    outer loop
      vertex 740.2431 88 167.2216
      vertex 740.9649 88 164.5277
      vertex 740.9649 78 164.5277
    endloop
  endfacet
  facet normal -0.9659258 -0 -0.258819
    outer loop
      vertex 740.2431 88 167.2216
      vertex 740.9649 78 164.5277
      vertex 740.2431 78 167.2216
    endloop
  endfacet
  facet normal -0.9063078 0 -0.4226183
    outer loop
      vertex 740.9649 88 164.5277
      vertex 742.1436 88 162
      vertex 742.1436 78 162
    endloop
  endfacet
  facet normal -0.9063078 -0 -0.4226183
    outer loop
      vertex 740.9649 88 164.5277
      vertex 742.1436 78 162
      vertex 740.9649 78 164.5277
    endloop
  endfacet
  facet normal -0.819152 0 -0.5735764
    outer loop
      vertex 742.1436 88 162
      vertex 743.7433 88 159.7154
      vertex 743.7433 78 159.7154
    endloop
  endfacet
  facet normal -0.819152 -0 -0.5735764
    outer loop
      vertex 742.1436 88 162
      vertex 743.7433 78 159.7154
      vertex 742.1436 78 162
    endloop
  endfacet
  facet normal -0.7071068 0 -0.7071068
    outer loop
      vertex 743.7433 88 159.7154
      vertex 745.7154 88 157.7433
      vertex 745.7154 78 157.7433
    endloop
  endfacet
  facet normal -0.7071068 -0 -0.7071068
    outer loop
      vertex 743.7433 88 159.7154
      vertex 745.7154 78 157.7433
      vertex 743.7433 78 159.7154
    endloop
  endfacet
  facet normal -0.5735764 0 -0.819152
    outer loop
      vertex 745.7154 88 157.7433
      vertex 748 88 156.1436
      vertex 748 78 156.1436
    endloop
  endfacet
  facet normal -0.5735764 -0 -0.819152
    outer loop
      vertex 745.7154 88 157.7433
      vertex 748 78 156.1436
      vertex 745.7154 78 157.7433
    endloop
  endfacet
  facet normal -0.4226183 0 -0.9063078
    outer loop
      vertex 748 88 156.1436
      vertex 750.5277 88 154.9649
      vertex 750.5277 78 154.9649
    endloop
  endfacet
  facet normal -0.4226183 -0 -0.9063078
    outer loop
      vertex 748 88 156.1436
      vertex 750.5277 78 154.9649
      vertex 748 78 156.1436
    endloop
  endfacet
  facet normal -0.258819 0 -0.9659258
    outer loop
      vertex 750.5277 88 154.9649
      vertex 753.2216 88 154.2431
      vertex 753.2216 78 154.2431
    endloop
  endfacet
  facet normal -0.258819 -0 -0.9659258
    outer loop
      vertex 750.5277 88 154.9649
      vertex 753.2216 78 154.2431
      vertex 750.5277 78 154.9649
    endloop
  endfacet
  facet normal -0.08715574 0 -0.9961947
    outer loop
      vertex 753.2216 88 154.2431
      vertex 756 88 154
      vertex 756 78 154
    endloop
  endfacet
  facet normal -0.08715574 -0 -0.9961947
    outer loop
      vertex 753.2216 88 154.2431
      vertex 756 78 154
      vertex 753.2216 78 154.2431
    endloop
  endfacet
  facet normal 0.08715574 0 -0.9961947
    outer loop
      vertex 756 88 154
      vertex 758.7784 88 154.2431
      vertex 758.7784 78 154.2431
    endloop
  endfacet
  facet normal 0.08715574 0 -0.9961947
    outer loop
      vertex 756 88 154
      vertex 758.7784 78 154.2431
      vertex 756 78 154
    endloop
  endfacet
  facet normal 0.258819 0 -0.9659258
    outer loop
      vertex 758.7784 88 154.2431
      vertex 761.4723 88 154.9649
      vertex 761.4723 78 154.9649
    endloop
  endfacet
  facet normal 0.258819 0 -0.9659258
    outer loop
      vertex 758.7784 88 154.2431
      vertex 761.4723 78 154.9649
      vertex 758.7784 78 154.2431
    endloop
  endfacet
  facet normal 0.4226183 0 -0.9063078
    outer loop
      vertex 761.4723 88 154.9649
      vertex 764 88 156.1436
      vertex 764 78 156.1436
    endloop
  endfacet
  facet normal 0.4226183 0 -0.9063078
    outer loop
      vertex 761.4723 88 154.9649
      vertex 764 78 156.1436
      vertex 761.4723 78 154.9649
    endloop
  endfacet
  facet normal 0.5735764 0 -0.819152
    outer loop
      vertex 764 88 156.1436
      vertex 766.2846 88 157.7433
      vertex 766.2846 78 157.7433
    endloop
  endfacet
  facet normal 0.5735764 0 -0.819152
    outer loop
      vertex 764 88 156.1436
      vertex 766.2846 78 157.7433
      vertex 764 78 156.1436
    endloop
  endfacet
  facet normal 0.7071068 0 -0.7071068
    outer loop
      vertex 766.2846 88 157.7433
      vertex 768.2567 88 159.7154
      vertex 768.2567 78 159.7154
    endloop
  endfacet
  facet normal 0.7071068 0 -0.7071068
    outer loop
      vertex 766.2846 88 157.7433
      vertex 768.2567 78 159.7154
      vertex 766.2846 78 157.7433
    endloop
  endfacet
  facet normal 0.819152 0 -0.5735764
    outer loop
      vertex 768.2567 88 159.7154
      vertex 769.8564 88 162
      vertex 769.8564 78 162
    endloop
  endfacet
  facet normal 0.819152 0 -0.5735764
    outer loop
      vertex 768.2567 88 159.7154
      vertex 769.8564 78 162
      vertex 768.2567 78 159.7154
    endloop
  endfacet
  facet normal 0.9063078 0 -0.4226183
    outer loop
      vertex 769.8564 88 162
      vertex 771.0351 88 164.5277
      vertex 771.0351 78 164.5277
    endloop
  endfacet
  facet normal 0.9063078 0 -0.4226183
    outer loop
      vertex 769.8564 88 162
      vertex 771.0351 78 164.5277
      vertex 769.8564 78 162
    endloop
  endfacet
  facet normal 0.9659258 0 -0.258819
    outer loop
      vertex 771.0351 88 164.5277
      vertex 771.7569 88 167.2216
      vertex 771.7569 78 167.2216
    endloop
  endfacet
  facet normal 0.9659258 0 -0.258819
    outer loop
      vertex 771.0351 88 164.5277
      vertex 771.7569 78 167.2216
      vertex 771.0351 78 164.5277
    endloop
  endfacet
  facet normal 0.9961947 0 -0.08715574
    outer loop
      vertex 771.7569 88 167.2216
      vertex 772 88 170
      vertex 772 78 170
    endloop
  endfacet
  facet normal 0.9961947 0 -0.08715574
    outer loop
      vertex 771.7569 88 167.2216
      vertex 772 78 170
      vertex 771.7569 78 167.2216
    endloop
  endfacet
  facet normal 0.9827106 1.693895e-15 0.1851484
    outer loop
      vertex -71.36232 -103.3149 44.6154
      vertex -70.82172 -101.364 41.74607
      vertex -70.46051 -98.44415 39.82884
    endloop
  endfacet
  facet normal 0.9827106 -3.833265e-15 0.1851484
    outer loop
      vertex -71.36232 -103.3149 44.6154
      vertex -70.46051 -98.44415 39.82884
      vertex -70.33366 -95 39.1556
    endloop
  endfacet
  facet normal 0.9827106 2.074548e-15 0.1851484
    outer loop
      vertex -71.36232 -103.3149 44.6154
      vertex -70.33366 -95 39.1556
      vertex -70.46051 -91.55585 39.82884
    endloop
  endfacet
  facet normal 0.9827106 -2.150951e-16 0.1851484
    outer loop
      vertex -71.36232 -103.3149 44.6154
      vertex -70.46051 -91.55585 39.82884
      vertex -70.82172 -88.63604 41.74607
    endloop
  endfacet
  facet normal 0.9827106 -7.910834e-17 0.1851484
    outer loop
      vertex -71.36232 -103.3149 44.6154
      vertex -70.82172 -88.63604 41.74607
      vertex -71.36232 -86.68508 44.6154
    endloop
  endfacet
  facet normal 0.9827106 -7.910834e-17 0.1851484
    outer loop
      vertex -71.36232 -103.3149 44.6154
      vertex -71.36232 -86.68508 44.6154
      vertex -72 -86 48
    endloop
  endfacet
  facet normal 0.9827106 -7.16334e-17 0.1851484
    outer loop
      vertex -71.36232 -103.3149 44.6154
      vertex -72 -86 48
      vertex -72.63768 -86.68508 51.3846
    endloop
  endfacet
  facet normal 0.9827106 -5.157605e-16 0.1851484
    outer loop
      vertex -71.36232 -103.3149 44.6154
      vertex -72.63768 -86.68508 51.3846
      vertex -73.17828 -88.63604 54.25393
    endloop
  endfacet
  facet normal 0.9827106 0 0.1851484
    outer loop
      vertex -71.36232 -103.3149 44.6154
      vertex -73.17828 -88.63604 54.25393
      vertex -73.53949 -91.55585 56.17116
    endloop
  endfacet
  facet normal 0.9827106 -2.707195e-15 0.1851484
    outer loop
      vertex -71.36232 -103.3149 44.6154
      vertex -73.53949 -91.55585 56.17116
      vertex -73.66634 -95 56.8444
    endloop
  endfacet
  facet normal 0.9827106 3.53712e-15 0.1851484
    outer loop
      vertex -71.36232 -103.3149 44.6154
      vertex -73.66634 -95 56.8444
      vertex -73.53949 -98.44415 56.17116
    endloop
  endfacet
  facet normal 0.9827106 0 0.1851484
    outer loop
      vertex -71.36232 -103.3149 44.6154
      vertex -73.53949 -98.44415 56.17116
      vertex -73.17828 -101.364 54.25393
    endloop
  endfacet
  facet normal 0.9827106 2.379268e-15 0.1851484
    outer loop
      vertex -71.36232 -103.3149 44.6154
      vertex -73.17828 -101.364 54.25393
      vertex -72.63768 -103.3149 51.3846
    endloop
  endfacet
  facet normal 0.9827106 9.41053e-16 0.1851484
    outer loop
      vertex -71.36232 -103.3149 44.6154
      vertex -72.63768 -103.3149 51.3846
      vertex -72 -104 48
    endloop
  endfacet
  facet normal -0.9827106 -3.293686e-15 -0.1851484
    outer loop
      vertex -210 -104 22
      vertex -210.6377 -103.3149 25.3846
      vertex -211.1783 -101.364 28.25393
    endloop
  endfacet
  facet normal -0.9827106 -5.94817e-15 -0.1851484
    outer loop
      vertex -210 -104 22
      vertex -211.1783 -101.364 28.25393
      vertex -211.5395 -98.44415 30.17116
    endloop
  endfacet
  facet normal -0.9827106 1.359187e-15 -0.1851484
    outer loop
      vertex -210 -104 22
      vertex -211.5395 -98.44415 30.17116
      vertex -211.6663 -95 30.8444
    endloop
  endfacet
  facet normal -0.9827106 -9.081795e-16 -0.1851484
    outer loop
      vertex -210 -104 22
      vertex -211.6663 -95 30.8444
      vertex -211.5395 -91.55585 30.17116
    endloop
  endfacet
  facet normal -0.9827106 1.756018e-15 -0.1851484
    outer loop
      vertex -210 -104 22
      vertex -211.5395 -91.55585 30.17116
      vertex -211.1783 -88.63604 28.25393
    endloop
  endfacet
  facet normal -0.9827106 3.101417e-16 -0.1851484
    outer loop
      vertex -210 -104 22
      vertex -211.1783 -88.63604 28.25393
      vertex -210.6377 -86.68508 25.3846
    endloop
  endfacet
  facet normal -0.9827106 0 -0.1851484
    outer loop
      vertex -210 -104 22
      vertex -210.6377 -86.68508 25.3846
      vertex -210 -86 22
    endloop
  endfacet
  facet normal -0.9827106 0 -0.1851484
    outer loop
      vertex -210 -104 22
      vertex -210 -86 22
      vertex -209.3623 -86.68508 18.6154
    endloop
  endfacet
  facet normal -0.9827106 -2.71374e-16 -0.1851484
    outer loop
      vertex -210 -104 22
      vertex -209.3623 -86.68508 18.6154
      vertex -208.8217 -88.63604 15.74607
    endloop
  endfacet
  facet normal -0.9827106 -1.682851e-15 -0.1851484
    outer loop
      vertex -210 -104 22
      vertex -208.8217 -88.63604 15.74607
      vertex -208.4605 -91.55585 13.82884
    endloop
  endfacet
  facet normal -0.9827106 1.099375e-15 -0.1851484
    outer loop
      vertex -210 -104 22
      vertex -208.4605 -91.55585 13.82884
      vertex -208.3337 -95 13.1556
    endloop
  endfacet
  facet normal -0.9827106 -1.502259e-15 -0.1851484
    outer loop
      vertex -210 -104 22
      vertex -208.3337 -95 13.1556
      vertex -208.4605 -98.44415 13.82884
    endloop
  endfacet
  facet normal -0.9827106 6.344715e-15 -0.1851484
    outer loop
      vertex -210 -104 22
      vertex -208.4605 -98.44415 13.82884
      vertex -208.8217 -101.364 15.74607
    endloop
  endfacet
  facet normal -0.9827106 4.61116e-15 -0.1851484
    outer loop
      vertex -210 -104 22
      vertex -208.8217 -101.364 15.74607
      vertex -209.3623 -103.3149 18.6154
    endloop
  endfacet
  facet normal -0.03612066 -0.9807853 0.1917173
    outer loop
      vertex -72 -104 48
      vertex -72.63768 -103.3149 51.3846
      vertex -210.6377 -103.3149 25.3846
    endloop
  endfacet
  facet normal -0.03612066 -0.9807853 0.1917173
    outer loop
      vertex -72 -104 48
      vertex -210.6377 -103.3149 25.3846
      vertex -210 -104 22
    endloop
  endfacet
  facet normal -0.1028629 -0.8314696 0.5459647
    outer loop
      vertex -72.63768 -103.3149 51.3846
      vertex -73.17828 -101.364 54.25393
      vertex -211.1783 -101.364 28.25393
    endloop
  endfacet
  facet normal -0.1028629 -0.8314696 0.5459647
    outer loop
      vertex -72.63768 -103.3149 51.3846
      vertex -211.1783 -101.364 28.25393
      vertex -210.6377 -103.3149 25.3846
    endloop
  endfacet
  facet normal -0.1539452 -0.5555702 0.817094
    outer loop
      vertex -73.17828 -101.364 54.25393
      vertex -73.53949 -98.44415 56.17116
      vertex -211.5395 -98.44415 30.17116
    endloop
  endfacet
  facet normal -0.1539452 -0.5555702 0.817094
    outer loop
      vertex -73.17828 -101.364 54.25393
      vertex -211.5395 -98.44415 30.17116
      vertex -211.1783 -101.364 28.25393
    endloop
  endfacet
  facet normal -0.1815908 -0.1950903 0.9638281
    outer loop
      vertex -73.53949 -98.44415 56.17116
      vertex -73.66634 -95 56.8444
      vertex -211.6663 -95 30.8444
    endloop
  endfacet
  facet normal -0.1815908 -0.1950903 0.9638281
    outer loop
      vertex -73.53949 -98.44415 56.17116
      vertex -211.6663 -95 30.8444
      vertex -211.5395 -98.44415 30.17116
    endloop
  endfacet
  facet normal -0.1815908 0.1950903 0.9638281
    outer loop
      vertex -73.66634 -95 56.8444
      vertex -73.53949 -91.55585 56.17116
      vertex -211.5395 -91.55585 30.17116
    endloop
  endfacet
  facet normal -0.1815908 0.1950903 0.9638281
    outer loop
      vertex -73.66634 -95 56.8444
      vertex -211.5395 -91.55585 30.17116
      vertex -211.6663 -95 30.8444
    endloop
  endfacet
  facet normal -0.1539452 0.5555702 0.817094
    outer loop
      vertex -73.53949 -91.55585 56.17116
      vertex -73.17828 -88.63604 54.25393
      vertex -211.1783 -88.63604 28.25393
    endloop
  endfacet
  facet normal -0.1539452 0.5555702 0.817094
    outer loop
      vertex -73.53949 -91.55585 56.17116
      vertex -211.1783 -88.63604 28.25393
      vertex -211.5395 -91.55585 30.17116
    endloop
  endfacet
  facet normal -0.1028629 0.8314696 0.5459647
    outer loop
      vertex -73.17828 -88.63604 54.25393
      vertex -72.63768 -86.68508 51.3846
      vertex -210.6377 -86.68508 25.3846
    endloop
  endfacet
  facet normal -0.1028629 0.8314696 0.5459647
    outer loop
      vertex -73.17828 -88.63604 54.25393
      vertex -210.6377 -86.68508 25.3846
      vertex -211.1783 -88.63604 28.25393
    endloop
  endfacet
  facet normal -0.03612066 0.9807853 0.1917173
    outer loop
      vertex -72.63768 -86.68508 51.3846
      vertex -72 -86 48
      vertex -210 -86 22
    endloop
  endfacet
  facet normal -0.03612066 0.9807853 0.1917173
    outer loop
      vertex -72.63768 -86.68508 51.3846
      vertex -210 -86 22
      vertex -210.6377 -86.68508 25.3846
    endloop
  endfacet
  facet normal 0.03612066 0.9807853 -0.1917173
    outer loop
      vertex -72 -86 48
      vertex -71.36232 -86.68508 44.6154
      vertex -209.3623 -86.68508 18.6154
    endloop
  endfacet
  facet normal 0.03612066 0.9807853 -0.1917173
    outer loop
      vertex -72 -86 48
      vertex -209.3623 -86.68508 18.6154
      vertex -210 -86 22
    endloop
  endfacet
  facet normal 0.1028629 0.8314696 -0.5459647
    outer loop
      vertex -71.36232 -86.68508 44.6154
      vertex -70.82172 -88.63604 41.74607
      vertex -208.8217 -88.63604 15.74607
    endloop
  endfacet
  facet normal 0.1028629 0.8314696 -0.5459647
    outer loop
      vertex -71.36232 -86.68508 44.6154
      vertex -208.8217 -88.63604 15.74607
      vertex -209.3623 -86.68508 18.6154
    endloop
  endfacet
  facet normal 0.1539452 0.5555702 -0.817094
    outer loop
      vertex -70.82172 -88.63604 41.74607
      vertex -70.46051 -91.55585 39.82884
      vertex -208.4605 -91.55585 13.82884
    endloop
  endfacet
  facet normal 0.1539452 0.5555702 -0.817094
    outer loop
      vertex -70.82172 -88.63604 41.74607
      vertex -208.4605 -91.55585 13.82884
      vertex -208.8217 -88.63604 15.74607
    endloop
  endfacet
  facet normal 0.1815908 0.1950903 -0.9638281
    outer loop
      vertex -70.46051 -91.55585 39.82884
      vertex -70.33366 -95 39.1556
      vertex -208.3337 -95 13.1556
    endloop
  endfacet
  facet normal 0.1815908 0.1950903 -0.9638281
    outer loop
      vertex -70.46051 -91.55585 39.82884
      vertex -208.3337 -95 13.1556
      vertex -208.4605 -91.55585 13.82884
    endloop
  endfacet
  facet normal 0.1815908 -0.1950903 -0.9638281
    outer loop
      vertex -70.33366 -95 39.1556
      vertex -70.46051 -98.44415 39.82884
      vertex -208.4605 -98.44415 13.82884
    endloop
  endfacet
  facet normal 0.1815908 -0.1950903 -0.9638281
    outer loop
      vertex -70.33366 -95 39.1556
      vertex -208.4605 -98.44415 13.82884
      vertex -208.3337 -95 13.1556
    endloop
  endfacet
  facet normal 0.1539452 -0.5555702 -0.817094
    outer loop
      vertex -70.46051 -98.44415 39.82884
      vertex -70.82172 -101.364 41.74607
      vertex -208.8217 -101.364 15.74607
    endloop
  endfacet
  facet normal 0.1539452 -0.5555702 -0.817094
    outer loop
      vertex -70.46051 -98.44415 39.82884
      vertex -208.8217 -101.364 15.74607
      vertex -208.4605 -98.44415 13.82884
    endloop
  endfacet
  facet normal 0.1028629 -0.8314696 -0.5459647
    outer loop
      vertex -70.82172 -101.364 41.74607
      vertex -71.36232 -103.3149 44.6154
      vertex -209.3623 -103.3149 18.6154
    endloop
  endfacet
  facet normal 0.1028629 -0.8314696 -0.5459647
    outer loop
      vertex -70.82172 -101.364 41.74607
      vertex -209.3623 -103.3149 18.6154
      vertex -208.8217 -101.364 15.74607
    endloop
  endfacet
  facet normal 0.03612066 -0.9807853 -0.1917173
    outer loop
      vertex -71.36232 -103.3149 44.6154
      vertex -72 -104 48
      vertex -210 -104 22
    endloop
  endfacet
  facet normal 0.03612066 -0.9807853 -0.1917173
    outer loop
      vertex -71.36232 -103.3149 44.6154
      vertex -210 -104 22
      vertex -209.3623 -103.3149 18.6154
    endloop
  endfacet
  facet normal 0.7019055 0.3476104 0.6216878
    outer loop
      vertex 519.3625 306.9437 112.9018
      vertex 519.9542 308.93 111.123
      vertex 519.7918 311.3838 109.9345
    endloop
  endfacet
  facet normal 0.7019055 0.3476104 0.6216878
    outer loop
      vertex 519.3625 306.9437 112.9018
      vertex 519.7918 311.3838 109.9345
      vertex 518.8998 313.9313 109.5171
    endloop
  endfacet
  facet normal 0.7019055 0.3476104 0.6216878
    outer loop
      vertex 519.3625 306.9437 112.9018
      vertex 518.8998 313.9313 109.5171
      vertex 517.4141 316.1848 109.9345
    endloop
  endfacet
  facet normal 0.7019055 0.3476104 0.6216878
    outer loop
      vertex 519.3625 306.9437 112.9018
      vertex 517.4141 316.1848 109.9345
      vertex 515.5609 317.8013 111.123
    endloop
  endfacet
  facet normal 0.7019055 0.3476104 0.6216878
    outer loop
      vertex 519.3625 306.9437 112.9018
      vertex 515.5609 317.8013 111.123
      vertex 513.6223 318.5345 112.9018
    endloop
  endfacet
  facet normal 0.7019055 0.3476104 0.6216878
    outer loop
      vertex 519.3625 306.9437 112.9018
      vertex 513.6223 318.5345 112.9018
      vertex 511.8934 318.2729 115
    endloop
  endfacet
  facet normal 0.7019055 0.3476104 0.6216878
    outer loop
      vertex 519.3625 306.9437 112.9018
      vertex 511.8934 318.2729 115
      vertex 510.6375 317.0563 117.0982
    endloop
  endfacet
  facet normal 0.7019055 0.3476104 0.6216878
    outer loop
      vertex 519.3625 306.9437 112.9018
      vertex 510.6375 317.0563 117.0982
      vertex 510.0458 315.07 118.877
    endloop
  endfacet
  facet normal 0.7019055 0.3476104 0.6216878
    outer loop
      vertex 519.3625 306.9437 112.9018
      vertex 510.0458 315.07 118.877
      vertex 510.2082 312.6162 120.0655
    endloop
  endfacet
  facet normal 0.7019055 0.3476104 0.6216878
    outer loop
      vertex 519.3625 306.9437 112.9018
      vertex 510.2082 312.6162 120.0655
      vertex 511.1002 310.0687 120.4829
    endloop
  endfacet
  facet normal 0.7019055 0.3476104 0.6216878
    outer loop
      vertex 519.3625 306.9437 112.9018
      vertex 511.1002 310.0687 120.4829
      vertex 512.5859 307.8152 120.0655
    endloop
  endfacet
  facet normal 0.7019055 0.3476104 0.6216878
    outer loop
      vertex 519.3625 306.9437 112.9018
      vertex 512.5859 307.8152 120.0655
      vertex 514.4391 306.1987 118.877
    endloop
  endfacet
  facet normal 0.7019055 0.3476104 0.6216878
    outer loop
      vertex 519.3625 306.9437 112.9018
      vertex 514.4391 306.1987 118.877
      vertex 516.3777 305.4655 117.0982
    endloop
  endfacet
  facet normal 0.7019055 0.3476104 0.6216878
    outer loop
      vertex 519.3625 306.9437 112.9018
      vertex 516.3777 305.4655 117.0982
      vertex 518.1066 305.7271 115
    endloop
  endfacet
  facet normal -0.7019055 -0.3476104 -0.6216878
    outer loop
      vertex 413.1066 253.7271 22
      vertex 411.3777 253.4655 24.0982
      vertex 409.4391 254.1987 25.87696
    endloop
  endfacet
  facet normal -0.7019055 -0.3476104 -0.6216878
    outer loop
      vertex 413.1066 253.7271 22
      vertex 409.4391 254.1987 25.87696
      vertex 407.5859 255.8152 27.0655
    endloop
  endfacet
  facet normal -0.7019055 -0.3476104 -0.6216878
    outer loop
      vertex 413.1066 253.7271 22
      vertex 407.5859 255.8152 27.0655
      vertex 406.1002 258.0687 27.48286
    endloop
  endfacet
  facet normal -0.7019055 -0.3476104 -0.6216878
    outer loop
      vertex 413.1066 253.7271 22
      vertex 406.1002 258.0687 27.48286
      vertex 405.2082 260.6162 27.0655
    endloop
  endfacet
  facet normal -0.7019055 -0.3476104 -0.6216878
    outer loop
      vertex 413.1066 253.7271 22
      vertex 405.2082 260.6162 27.0655
      vertex 405.0458 263.07 25.87696
    endloop
  endfacet
  facet normal -0.7019055 -0.3476104 -0.6216878
    outer loop
      vertex 413.1066 253.7271 22
      vertex 405.0458 263.07 25.87696
      vertex 405.6375 265.0563 24.0982
    endloop
  endfacet
  facet normal -0.7019055 -0.3476104 -0.6216878
    outer loop
      vertex 413.1066 253.7271 22
      vertex 405.6375 265.0563 24.0982
      vertex 406.8934 266.2729 22
    endloop
  endfacet
  facet normal -0.7019055 -0.3476104 -0.6216878
    outer loop
      vertex 413.1066 253.7271 22
      vertex 406.8934 266.2729 22
      vertex 408.6223 266.5345 19.9018
    endloop
  endfacet
  facet normal -0.7019055 -0.3476104 -0.6216878
    outer loop
      vertex 413.1066 253.7271 22
      vertex 408.6223 266.5345 19.9018
      vertex 410.5609 265.8013 18.12304
    endloop
  endfacet
  facet normal -0.7019055 -0.3476104 -0.6216878
    outer loop
      vertex 413.1066 253.7271 22
      vertex 410.5609 265.8013 18.12304
      vertex 412.4141 264.1848 16.9345
    endloop
  endfacet
  facet normal -0.7019055 -0.3476104 -0.6216878
    outer loop
      vertex 413.1066 253.7271 22
      vertex 412.4141 264.1848 16.9345
      vertex 413.8998 261.9313 16.51714
    endloop
  endfacet
  facet normal -0.7019055 -0.3476104 -0.6216878
    outer loop
      vertex 413.1066 253.7271 22
      vertex 413.8998 261.9313 16.51714
      vertex 414.7918 259.3838 16.9345
    endloop
  endfacet
  facet normal -0.7019055 -0.3476104 -0.6216878
    outer loop
      vertex 413.1066 253.7271 22
      vertex 414.7918 259.3838 16.9345
      vertex 414.9542 256.93 18.12304
    endloop
  endfacet
  facet normal -0.7019055 -0.3476104 -0.6216878
    outer loop
      vertex 413.1066 253.7271 22
      vertex 414.9542 256.93 18.12304
      vertex 414.3625 254.9437 19.9018
    endloop
  endfacet
  facet normal 0.326582 -0.9327347 0.1528075
    outer loop
      vertex 518.1066 305.7271 115
      vertex 516.3777 305.4655 117.0982
      vertex 411.3777 253.4655 24.0982
    endloop
  endfacet
  facet normal 0.326582 -0.9327347 0.1528075
    outer loop
      vertex 518.1066 305.7271 115
      vertex 411.3777 253.4655 24.0982
      vertex 413.1066 253.7271 22
    endloop
  endfacet
  facet normal 0.05948873 -0.8983863 0.4351588
    outer loop
      vertex 516.3777 305.4655 117.0982
      vertex 514.4391 306.1987 118.877
      vertex 409.4391 254.1987 25.87696
    endloop
  endfacet
  facet normal 0.05948873 -0.8983863 0.4351588
    outer loop
      vertex 516.3777 305.4655 117.0982
      vertex 409.4391 254.1987 25.87696
      vertex 411.3777 253.4655 24.0982
    endloop
  endfacet
  facet normal -0.2166612 -0.7272667 0.6512612
    outer loop
      vertex 514.4391 306.1987 118.877
      vertex 512.5859 307.8152 120.0655
      vertex 407.5859 255.8152 27.0655
    endloop
  endfacet
  facet normal -0.2166612 -0.7272667 0.6512612
    outer loop
      vertex 514.4391 306.1987 118.877
      vertex 407.5859 255.8152 27.0655
      vertex 409.4391 254.1987 25.87696
    endloop
  endfacet
  facet normal -0.4598264 -0.4454273 0.768215
    outer loop
      vertex 512.5859 307.8152 120.0655
      vertex 511.1002 310.0687 120.4829
      vertex 406.1002 258.0687 27.48286
    endloop
  endfacet
  facet normal -0.4598264 -0.4454273 0.768215
    outer loop
      vertex 512.5859 307.8152 120.0655
      vertex 406.1002 258.0687 27.48286
      vertex 407.5859 255.8152 27.0655
    endloop
  endfacet
  facet normal -0.6329872 -0.09577565 0.768215
    outer loop
      vertex 511.1002 310.0687 120.4829
      vertex 510.2082 312.6162 120.0655
      vertex 405.2082 260.6162 27.0655
    endloop
  endfacet
  facet normal -0.6329872 -0.09577565 0.768215
    outer loop
      vertex 511.1002 310.0687 120.4829
      vertex 405.2082 260.6162 27.0655
      vertex 406.1002 258.0687 27.48286
    endloop
  endfacet
  facet normal -0.7097815 0.268457 0.6512612
    outer loop
      vertex 510.2082 312.6162 120.0655
      vertex 510.0458 315.07 118.877
      vertex 405.0458 263.07 25.87696
    endloop
  endfacet
  facet normal -0.7097815 0.268457 0.6512612
    outer loop
      vertex 510.2082 312.6162 120.0655
      vertex 405.0458 263.07 25.87696
      vertex 405.2082 260.6162 27.0655
    endloop
  endfacet
  facet normal -0.6785179 0.5918194 0.4351588
    outer loop
      vertex 510.0458 315.07 118.877
      vertex 510.6375 317.0563 117.0982
      vertex 405.6375 265.0563 24.0982
    endloop
  endfacet
  facet normal -0.6785179 0.5918194 0.4351588
    outer loop
      vertex 510.0458 315.07 118.877
      vertex 405.6375 265.0563 24.0982
      vertex 405.0458 263.07 25.87696
    endloop
  endfacet
  facet normal -0.5439562 0.8250828 0.1528075
    outer loop
      vertex 510.6375 317.0563 117.0982
      vertex 511.8934 318.2729 115
      vertex 406.8934 266.2729 22
    endloop
  endfacet
  facet normal -0.5439562 0.8250828 0.1528075
    outer loop
      vertex 510.6375 317.0563 117.0982
      vertex 406.8934 266.2729 22
      vertex 405.6375 265.0563 24.0982
    endloop
  endfacet
  facet normal -0.326582 0.9327347 -0.1528075
    outer loop
      vertex 511.8934 318.2729 115
      vertex 513.6223 318.5345 112.9018
      vertex 408.6223 266.5345 19.9018
    endloop
  endfacet
  facet normal -0.326582 0.9327347 -0.1528075
    outer loop
      vertex 511.8934 318.2729 115
      vertex 408.6223 266.5345 19.9018
      vertex 406.8934 266.2729 22
    endloop
  endfacet
  facet normal -0.05948873 0.8983863 -0.4351588
    outer loop
      vertex 513.6223 318.5345 112.9018
      vertex 515.5609 317.8013 111.123
      vertex 410.5609 265.8013 18.12304
    endloop
  endfacet
  facet normal -0.05948873 0.8983863 -0.4351588
    outer loop
      vertex 513.6223 318.5345 112.9018
      vertex 410.5609 265.8013 18.12304
      vertex 408.6223 266.5345 19.9018
    endloop
  endfacet
  facet normal 0.2166612 0.7272667 -0.6512612
    outer loop
      vertex 515.5609 317.8013 111.123
      vertex 517.4141 316.1848 109.9345
      vertex 412.4141 264.1848 16.9345
    endloop
  endfacet
  facet normal 0.2166612 0.7272667 -0.6512612
    outer loop
      vertex 515.5609 317.8013 111.123
      vertex 412.4141 264.1848 16.9345
      vertex 410.5609 265.8013 18.12304
    endloop
  endfacet
  facet normal 0.4598264 0.4454273 -0.768215
    outer loop
      vertex 517.4141 316.1848 109.9345
      vertex 518.8998 313.9313 109.5171
      vertex 413.8998 261.9313 16.51714
    endloop
  endfacet
  facet normal 0.4598264 0.4454273 -0.768215
    outer loop
      vertex 517.4141 316.1848 109.9345
      vertex 413.8998 261.9313 16.51714
      vertex 412.4141 264.1848 16.9345
    endloop
  endfacet
  facet normal 0.6329872 0.09577565 -0.768215
    outer loop
      vertex 518.8998 313.9313 109.5171
      vertex 519.7918 311.3838 109.9345
      vertex 414.7918 259.3838 16.9345
    endloop
  endfacet
  facet normal 0.6329872 0.09577565 -0.768215
    outer loop
      vertex 518.8998 313.9313 109.5171
      vertex 414.7918 259.3838 16.9345
      vertex 413.8998 261.9313 16.51714
    endloop
  endfacet
  facet normal 0.7097815 -0.268457 -0.6512612
    outer loop
      vertex 519.7918 311.3838 109.9345
      vertex 519.9542 308.93 111.123
      vertex 414.9542 256.93 18.12304
    endloop
  endfacet
  facet normal 0.7097815 -0.268457 -0.6512612
    outer loop
      vertex 519.7918 311.3838 109.9345
      vertex 414.9542 256.93 18.12304
      vertex 414.7918 259.3838 16.9345
    endloop
  endfacet
  facet normal 0.6785179 -0.5918194 -0.4351588
    outer loop
      vertex 519.9542 308.93 111.123
      vertex 519.3625 306.9437 112.9018
      vertex 414.3625 254.9437 19.9018
    endloop
  endfacet
  facet normal 0.6785179 -0.5918194 -0.4351588
    outer loop
      vertex 519.9542 308.93 111.123
      vertex 414.3625 254.9437 19.9018
      vertex 414.9542 256.93 18.12304
    endloop
  endfacet
  facet normal 0.5439562 -0.8250828 -0.1528075
    outer loop
      vertex 519.3625 306.9437 112.9018
      vertex 518.1066 305.7271 115
      vertex 413.1066 253.7271 22
    endloop
  endfacet
  facet normal 0.5439562 -0.8250828 -0.1528075
    outer loop
      vertex 519.3625 306.9437 112.9018
      vertex 413.1066 253.7271 22
      vertex 414.3625 254.9437 19.9018
    endloop
  endfacet
  facet normal 0.7595425 0.103574 0.6421586
    outer loop
      vertex 517.5782 158.8246 112.9465
      vertex 518.8182 160.5251 111.2057
      vertex 519.4768 162.9069 110.0425
    endloop
  endfacet
  facet normal 0.7595425 0.103574 0.6421586
    outer loop
      vertex 517.5782 158.8246 112.9465
      vertex 519.4768 162.9069 110.0425
      vertex 519.4539 165.6073 109.634
    endloop
  endfacet
  facet normal 0.7595425 0.103574 0.6421586
    outer loop
      vertex 517.5782 158.8246 112.9465
      vertex 519.4539 165.6073 109.634
      vertex 518.7529 168.2153 110.0425
    endloop
  endfacet
  facet normal 0.7595425 0.103574 0.6421586
    outer loop
      vertex 517.5782 158.8246 112.9465
      vertex 518.7529 168.2153 110.0425
      vertex 517.4806 170.3338 111.2057
    endloop
  endfacet
  facet normal 0.7595425 0.103574 0.6421586
    outer loop
      vertex 517.5782 158.8246 112.9465
      vertex 517.4806 170.3338 111.2057
      vertex 515.8306 171.6403 112.9465
    endloop
  endfacet
  facet normal 0.7595425 0.103574 0.6421586
    outer loop
      vertex 517.5782 158.8246 112.9465
      vertex 515.8306 171.6403 112.9465
      vertex 514.0542 171.9358 115
    endloop
  endfacet
  facet normal 0.7595425 0.103574 0.6421586
    outer loop
      vertex 517.5782 158.8246 112.9465
      vertex 514.0542 171.9358 115
      vertex 512.4218 171.1754 117.0535
    endloop
  endfacet
  facet normal 0.7595425 0.103574 0.6421586
    outer loop
      vertex 517.5782 158.8246 112.9465
      vertex 512.4218 171.1754 117.0535
      vertex 511.1818 169.4749 118.7943
    endloop
  endfacet
  facet normal 0.7595425 0.103574 0.6421586
    outer loop
      vertex 517.5782 158.8246 112.9465
      vertex 511.1818 169.4749 118.7943
      vertex 510.5232 167.0931 119.9575
    endloop
  endfacet
  facet normal 0.7595425 0.103574 0.6421586
    outer loop
      vertex 517.5782 158.8246 112.9465
      vertex 510.5232 167.0931 119.9575
      vertex 510.5461 164.3927 120.366
    endloop
  endfacet
  facet normal 0.7595425 0.103574 0.6421586
    outer loop
      vertex 517.5782 158.8246 112.9465
      vertex 510.5461 164.3927 120.366
      vertex 511.2471 161.7847 119.9575
    endloop
  endfacet
  facet normal 0.7595425 0.103574 0.6421586
    outer loop
      vertex 517.5782 158.8246 112.9465
      vertex 511.2471 161.7847 119.9575
      vertex 512.5194 159.6662 118.7943
    endloop
  endfacet
  facet normal 0.7595425 0.103574 0.6421586
    outer loop
      vertex 517.5782 158.8246 112.9465
      vertex 512.5194 159.6662 118.7943
      vertex 514.1694 158.3597 117.0535
    endloop
  endfacet
  facet normal 0.7595425 0.103574 0.6421586
    outer loop
      vertex 517.5782 158.8246 112.9465
      vertex 514.1694 158.3597 117.0535
      vertex 515.9458 158.0642 115
    endloop
  endfacet
  facet normal -0.7595425 -0.103574 -0.6421586
    outer loop
      vertex 405.9458 143.0642 22
      vertex 404.1694 143.3597 24.05348
      vertex 402.5194 144.6662 25.79434
    endloop
  endfacet
  facet normal -0.7595425 -0.103574 -0.6421586
    outer loop
      vertex 405.9458 143.0642 22
      vertex 402.5194 144.6662 25.79434
      vertex 401.2471 146.7847 26.95754
    endloop
  endfacet
  facet normal -0.7595425 -0.103574 -0.6421586
    outer loop
      vertex 405.9458 143.0642 22
      vertex 401.2471 146.7847 26.95754
      vertex 400.5461 149.3927 27.366
    endloop
  endfacet
  facet normal -0.7595425 -0.103574 -0.6421586
    outer loop
      vertex 405.9458 143.0642 22
      vertex 400.5461 149.3927 27.366
      vertex 400.5232 152.0931 26.95754
    endloop
  endfacet
  facet normal -0.7595425 -0.103574 -0.6421586
    outer loop
      vertex 405.9458 143.0642 22
      vertex 400.5232 152.0931 26.95754
      vertex 401.1818 154.4749 25.79434
    endloop
  endfacet
  facet normal -0.7595425 -0.103574 -0.6421586
    outer loop
      vertex 405.9458 143.0642 22
      vertex 401.1818 154.4749 25.79434
      vertex 402.4218 156.1754 24.05348
    endloop
  endfacet
  facet normal -0.7595425 -0.103574 -0.6421586
    outer loop
      vertex 405.9458 143.0642 22
      vertex 402.4218 156.1754 24.05348
      vertex 404.0542 156.9358 22
    endloop
  endfacet
  facet normal -0.7595425 -0.103574 -0.6421586
    outer loop
      vertex 405.9458 143.0642 22
      vertex 404.0542 156.9358 22
      vertex 405.8306 156.6403 19.94652
    endloop
  endfacet
  facet normal -0.7595425 -0.103574 -0.6421586
    outer loop
      vertex 405.9458 143.0642 22
      vertex 405.8306 156.6403 19.94652
      vertex 407.4806 155.3338 18.20566
    endloop
  endfacet
  facet normal -0.7595425 -0.103574 -0.6421586
    outer loop
      vertex 405.9458 143.0642 22
      vertex 407.4806 155.3338 18.20566
      vertex 408.7529 153.2153 17.04246
    endloop
  endfacet
  facet normal -0.7595425 -0.103574 -0.6421586
    outer loop
      vertex 405.9458 143.0642 22
      vertex 408.7529 153.2153 17.04246
      vertex 409.4539 150.6073 16.634
    endloop
  endfacet
  facet normal -0.7595425 -0.103574 -0.6421586
    outer loop
      vertex 405.9458 143.0642 22
      vertex 409.4539 150.6073 16.634
      vertex 409.4768 147.9069 17.04246
    endloop
  endfacet
  facet normal -0.7595425 -0.103574 -0.6421586
    outer loop
      vertex 405.9458 143.0642 22
      vertex 409.4768 147.9069 17.04246
      vertex 408.8182 145.5251 18.20566
    endloop
  endfacet
  facet normal -0.7595425 -0.103574 -0.6421586
    outer loop
      vertex 405.9458 143.0642 22
      vertex 408.8182 145.5251 18.20566
      vertex 407.5782 143.8246 19.94652
    endloop
  endfacet
  facet normal 0.008386897 -0.9887185 0.1495507
    outer loop
      vertex 515.9458 158.0642 115
      vertex 514.1694 158.3597 117.0535
      vertex 404.1694 143.3597 24.05348
    endloop
  endfacet
  facet normal 0.008386897 -0.9887185 0.1495507
    outer loop
      vertex 515.9458 158.0642 115
      vertex 404.1694 143.3597 24.05348
      vertex 405.9458 143.0642 22
    endloop
  endfacet
  facet normal -0.2411502 -0.8720487 0.4258845
    outer loop
      vertex 514.1694 158.3597 117.0535
      vertex 512.5194 159.6662 118.7943
      vertex 402.5194 144.6662 25.79434
    endloop
  endfacet
  facet normal -0.2411502 -0.8720487 0.4258845
    outer loop
      vertex 514.1694 158.3597 117.0535
      vertex 402.5194 144.6662 25.79434
      vertex 404.1694 143.3597 24.05348
    endloop
  endfacet
  facet normal -0.4539744 -0.6226175 0.6373811
    outer loop
      vertex 512.5194 159.6662 118.7943
      vertex 511.2471 161.7847 119.9575
      vertex 401.2471 146.7847 26.95754
    endloop
  endfacet
  facet normal -0.4539744 -0.6226175 0.6373811
    outer loop
      vertex 512.5194 159.6662 118.7943
      vertex 401.2471 146.7847 26.95754
      vertex 402.5194 144.6662 25.79434
    endloop
  endfacet
  facet normal -0.5976851 -0.2783983 0.7518423
    outer loop
      vertex 511.2471 161.7847 119.9575
      vertex 510.5461 164.3927 120.366
      vertex 400.5461 149.3927 27.366
    endloop
  endfacet
  facet normal -0.5976851 -0.2783983 0.7518423
    outer loop
      vertex 511.2471 161.7847 119.9575
      vertex 400.5461 149.3927 27.366
      vertex 401.2471 146.7847 26.95754
    endloop
  endfacet
  facet normal -0.6504037 0.1082044 0.7518423
    outer loop
      vertex 510.5461 164.3927 120.366
      vertex 510.5232 167.0931 119.9575
      vertex 400.5232 152.0931 26.95754
    endloop
  endfacet
  facet normal -0.6504037 0.1082044 0.7518423
    outer loop
      vertex 510.5461 164.3927 120.366
      vertex 400.5232 152.0931 26.95754
      vertex 400.5461 149.3927 27.366
    endloop
  endfacet
  facet normal -0.6041042 0.478334 0.6373811
    outer loop
      vertex 510.5232 167.0931 119.9575
      vertex 511.1818 169.4749 118.7943
      vertex 401.1818 154.4749 25.79434
    endloop
  endfacet
  facet normal -0.6041042 0.478334 0.6373811
    outer loop
      vertex 510.5232 167.0931 119.9575
      vertex 401.1818 154.4749 25.79434
      vertex 400.5232 152.0931 26.95754
    endloop
  endfacet
  facet normal -0.4658353 0.7756416 0.4258845
    outer loop
      vertex 511.1818 169.4749 118.7943
      vertex 512.4218 171.1754 117.0535
      vertex 402.4218 156.1754 24.05348
    endloop
  endfacet
  facet normal -0.4658353 0.7756416 0.4258845
    outer loop
      vertex 511.1818 169.4749 118.7943
      vertex 402.4218 156.1754 24.05348
      vertex 401.1818 154.4749 25.79434
    endloop
  endfacet
  facet normal -0.2566472 0.9548648 0.1495507
    outer loop
      vertex 512.4218 171.1754 117.0535
      vertex 514.0542 171.9358 115
      vertex 404.0542 156.9358 22
    endloop
  endfacet
  facet normal -0.2566472 0.9548648 0.1495507
    outer loop
      vertex 512.4218 171.1754 117.0535
      vertex 404.0542 156.9358 22
      vertex 402.4218 156.1754 24.05348
    endloop
  endfacet
  facet normal -0.008386897 0.9887185 -0.1495507
    outer loop
      vertex 514.0542 171.9358 115
      vertex 515.8306 171.6403 112.9465
      vertex 405.8306 156.6403 19.94652
    endloop
  endfacet
  facet normal -0.008386897 0.9887185 -0.1495507
    outer loop
      vertex 514.0542 171.9358 115
      vertex 405.8306 156.6403 19.94652
      vertex 404.0542 156.9358 22
    endloop
  endfacet
  facet normal 0.2411502 0.8720487 -0.4258845
    outer loop
      vertex 515.8306 171.6403 112.9465
      vertex 517.4806 170.3338 111.2057
      vertex 407.4806 155.3338 18.20566
    endloop
  endfacet
  facet normal 0.2411502 0.8720487 -0.4258845
    outer loop
      vertex 515.8306 171.6403 112.9465
      vertex 407.4806 155.3338 18.20566
      vertex 405.8306 156.6403 19.94652
    endloop
  endfacet
  facet normal 0.4539744 0.6226175 -0.6373811
    outer loop
      vertex 517.4806 170.3338 111.2057
      vertex 518.7529 168.2153 110.0425
      vertex 408.7529 153.2153 17.04246
    endloop
  endfacet
  facet normal 0.4539744 0.6226175 -0.6373811
    outer loop
      vertex 517.4806 170.3338 111.2057
      vertex 408.7529 153.2153 17.04246
      vertex 407.4806 155.3338 18.20566
    endloop
  endfacet
  facet normal 0.5976851 0.2783983 -0.7518423
    outer loop
      vertex 518.7529 168.2153 110.0425
      vertex 519.4539 165.6073 109.634
      vertex 409.4539 150.6073 16.634
    endloop
  endfacet
  facet normal 0.5976851 0.2783983 -0.7518423
    outer loop
      vertex 518.7529 168.2153 110.0425
      vertex 409.4539 150.6073 16.634
      vertex 408.7529 153.2153 17.04246
    endloop
  endfacet
  facet normal 0.6504037 -0.1082044 -0.7518423
    outer loop
      vertex 519.4539 165.6073 109.634
      vertex 519.4768 162.9069 110.0425
      vertex 409.4768 147.9069 17.04246
    endloop
  endfacet
  facet normal 0.6504037 -0.1082044 -0.7518423
    outer loop
      vertex 519.4539 165.6073 109.634
      vertex 409.4768 147.9069 17.04246
      vertex 409.4539 150.6073 16.634
    endloop
  endfacet
  facet normal 0.6041042 -0.478334 -0.6373811
    outer loop
      vertex 519.4768 162.9069 110.0425
      vertex 518.8182 160.5251 111.2057
      vertex 408.8182 145.5251 18.20566
    endloop
  endfacet
  facet normal 0.6041042 -0.478334 -0.6373811
    outer loop
      vertex 519.4768 162.9069 110.0425
      vertex 408.8182 145.5251 18.20566
      vertex 409.4768 147.9069 17.04246
    endloop
  endfacet
  facet normal 0.4658353 -0.7756416 -0.4258845
    outer loop
      vertex 518.8182 160.5251 111.2057
      vertex 517.5782 158.8246 112.9465
      vertex 407.5782 143.8246 19.94652
    endloop
  endfacet
  facet normal 0.4658353 -0.7756416 -0.4258845
    outer loop
      vertex 518.8182 160.5251 111.2057
      vertex 407.5782 143.8246 19.94652
      vertex 408.8182 145.5251 18.20566
    endloop
  endfacet
  facet normal 0.2566472 -0.9548648 -0.1495507
    outer loop
      vertex 517.5782 158.8246 112.9465
      vertex 515.9458 158.0642 115
      vertex 405.9458 143.0642 22
    endloop
  endfacet
  facet normal 0.2566472 -0.9548648 -0.1495507
    outer loop
      vertex 517.5782 158.8246 112.9465
      vertex 405.9458 143.0642 22
      vertex 407.5782 143.8246 19.94652
    endloop
  endfacet
  facet normal -0.4264014 -0.895443 -0.1279204
    outer loop
      vertex 441.228 -332.8496 87.52054
      vertex 442.981 -333.4251 85.70545
      vertex 445.275 -334.4225 85.04108
    endloop
  endfacet
  facet normal -0.4264014 -0.895443 -0.1279204
    outer loop
      vertex 441.228 -332.8496 87.52054
      vertex 445.275 -334.4225 85.04108
      vertex 447.4953 -335.5747 85.70545
    endloop
  endfacet
  facet normal -0.4264014 -0.895443 -0.1279204
    outer loop
      vertex 441.228 -332.8496 87.52054
      vertex 447.4953 -335.5747 85.70545
      vertex 449.047 -336.5729 87.52054
    endloop
  endfacet
  facet normal -0.4264014 -0.895443 -0.1279204
    outer loop
      vertex 441.228 -332.8496 87.52054
      vertex 449.047 -336.5729 87.52054
      vertex 449.5143 -337.1497 90
    endloop
  endfacet
  facet normal -0.4264014 -0.895443 -0.1279204
    outer loop
      vertex 441.228 -332.8496 87.52054
      vertex 449.5143 -337.1497 90
      vertex 448.772 -337.1504 92.47946
    endloop
  endfacet
  facet normal -0.4264014 -0.895443 -0.1279204
    outer loop
      vertex 441.228 -332.8496 87.52054
      vertex 448.772 -337.1504 92.47946
      vertex 447.019 -336.5749 94.29455
    endloop
  endfacet
  facet normal -0.4264014 -0.895443 -0.1279204
    outer loop
      vertex 441.228 -332.8496 87.52054
      vertex 447.019 -336.5749 94.29455
      vertex 444.725 -335.5775 94.95892
    endloop
  endfacet
  facet normal -0.4264014 -0.895443 -0.1279204
    outer loop
      vertex 441.228 -332.8496 87.52054
      vertex 444.725 -335.5775 94.95892
      vertex 442.5047 -334.4253 94.29455
    endloop
  endfacet
  facet normal -0.4264014 -0.895443 -0.1279204
    outer loop
      vertex 441.228 -332.8496 87.52054
      vertex 442.5047 -334.4253 94.29455
      vertex 440.953 -333.4271 92.47946
    endloop
  endfacet
  facet normal -0.4264014 -0.895443 -0.1279204
    outer loop
      vertex 441.228 -332.8496 87.52054
      vertex 440.953 -333.4271 92.47946
      vertex 440.4857 -332.8503 90
    endloop
  endfacet
  facet normal 0.4264014 0.895443 0.1279204
    outer loop
      vertex 640.4857 87.14967 150
      vertex 640.953 86.57293 152.4795
      vertex 642.5047 85.57473 154.2946
    endloop
  endfacet
  facet normal 0.4264014 0.895443 0.1279204
    outer loop
      vertex 640.4857 87.14967 150
      vertex 642.5047 85.57473 154.2946
      vertex 644.725 84.42253 154.9589
    endloop
  endfacet
  facet normal 0.4264014 0.895443 0.1279204
    outer loop
      vertex 640.4857 87.14967 150
      vertex 644.725 84.42253 154.9589
      vertex 647.019 83.42506 154.2946
    endloop
  endfacet
  facet normal 0.4264014 0.895443 0.1279204
    outer loop
      vertex 640.4857 87.14967 150
      vertex 647.019 83.42506 154.2946
      vertex 648.772 82.8496 152.4795
    endloop
  endfacet
  facet normal 0.4264014 0.895443 0.1279204
    outer loop
      vertex 640.4857 87.14967 150
      vertex 648.772 82.8496 152.4795
      vertex 649.5143 82.85033 150
    endloop
  endfacet
  facet normal 0.4264014 0.895443 0.1279204
    outer loop
      vertex 640.4857 87.14967 150
      vertex 649.5143 82.85033 150
      vertex 649.047 83.42707 147.5205
    endloop
  endfacet
  facet normal 0.4264014 0.895443 0.1279204
    outer loop
      vertex 640.4857 87.14967 150
      vertex 649.047 83.42707 147.5205
      vertex 647.4953 84.42527 145.7054
    endloop
  endfacet
  facet normal 0.4264014 0.895443 0.1279204
    outer loop
      vertex 640.4857 87.14967 150
      vertex 647.4953 84.42527 145.7054
      vertex 645.275 85.57747 145.0411
    endloop
  endfacet
  facet normal 0.4264014 0.895443 0.1279204
    outer loop
      vertex 640.4857 87.14967 150
      vertex 645.275 85.57747 145.0411
      vertex 642.981 86.57494 145.7054
    endloop
  endfacet
  facet normal 0.4264014 0.895443 0.1279204
    outer loop
      vertex 640.4857 87.14967 150
      vertex 642.981 86.57494 145.7054
      vertex 641.228 87.1504 147.5205
    endloop
  endfacet
  facet normal -0.8863306 0.3853918 0.2566927
    outer loop
      vertex 440.4857 -332.8503 90
      vertex 440.953 -333.4271 92.47946
      vertex 640.953 86.57293 152.4795
    endloop
  endfacet
  facet normal -0.8863306 0.3853918 0.2566927
    outer loop
      vertex 440.4857 -332.8503 90
      vertex 640.953 86.57293 152.4795
      vertex 640.4857 87.14967 150
    endloop
  endfacet
  facet normal -0.6773078 0.2223421 0.7012975
    outer loop
      vertex 440.953 -333.4271 92.47946
      vertex 442.5047 -334.4253 94.29455
      vertex 642.5047 85.57473 154.2946
    endloop
  endfacet
  facet normal -0.6773078 0.2223421 0.7012975
    outer loop
      vertex 440.953 -333.4271 92.47946
      vertex 642.5047 85.57473 154.2946
      vertex 640.953 86.57293 152.4795
    endloop
  endfacet
  facet normal -0.2868008 -0.0002839339 0.9579902
    outer loop
      vertex 442.5047 -334.4253 94.29455
      vertex 444.725 -335.5775 94.95892
      vertex 644.725 84.42253 154.9589
    endloop
  endfacet
  facet normal -0.2868008 -0.0002839339 0.9579902
    outer loop
      vertex 442.5047 -334.4253 94.29455
      vertex 644.725 84.42253 154.9589
      vertex 642.5047 85.57473 154.2946
    endloop
  endfacet
  facet normal 0.1805542 -0.2228339 0.9579902
    outer loop
      vertex 444.725 -335.5775 94.95892
      vertex 447.019 -336.5749 94.29455
      vertex 647.019 83.42506 154.2946
    endloop
  endfacet
  facet normal 0.1805542 -0.2228339 0.9579902
    outer loop
      vertex 444.725 -335.5775 94.95892
      vertex 647.019 83.42506 154.2946
      vertex 644.725 84.42253 154.9589
    endloop
  endfacet
  facet normal 0.5995298 -0.3856758 0.7012975
    outer loop
      vertex 447.019 -336.5749 94.29455
      vertex 448.772 -337.1504 92.47946
      vertex 648.772 82.8496 152.4795
    endloop
  endfacet
  facet normal 0.5995298 -0.3856758 0.7012975
    outer loop
      vertex 447.019 -336.5749 94.29455
      vertex 648.772 82.8496 152.4795
      vertex 647.019 83.42506 154.2946
    endloop
  endfacet
  facet normal 0.8578619 -0.4451761 0.2566927
    outer loop
      vertex 448.772 -337.1504 92.47946
      vertex 449.5143 -337.1497 90
      vertex 649.5143 82.85033 150
    endloop
  endfacet
  facet normal 0.8578619 -0.4451761 0.2566927
    outer loop
      vertex 448.772 -337.1504 92.47946
      vertex 649.5143 82.85033 150
      vertex 648.772 82.8496 152.4795
    endloop
  endfacet
  facet normal 0.8863306 -0.3853918 -0.2566927
    outer loop
      vertex 449.5143 -337.1497 90
      vertex 449.047 -336.5729 87.52054
      vertex 649.047 83.42707 147.5205
    endloop
  endfacet
  facet normal 0.8863306 -0.3853918 -0.2566927
    outer loop
      vertex 449.5143 -337.1497 90
      vertex 649.047 83.42707 147.5205
      vertex 649.5143 82.85033 150
    endloop
  endfacet
  facet normal 0.6773078 -0.2223421 -0.7012975
    outer loop
      vertex 449.047 -336.5729 87.52054
      vertex 447.4953 -335.5747 85.70545
      vertex 647.4953 84.42527 145.7054
    endloop
  endfacet
  facet normal 0.6773078 -0.2223421 -0.7012975
    outer loop
      vertex 449.047 -336.5729 87.52054
      vertex 647.4953 84.42527 145.7054
      vertex 649.047 83.42707 147.5205
    endloop
  endfacet
  facet normal 0.2868008 0.0002839339 -0.9579902
    outer loop
      vertex 447.4953 -335.5747 85.70545
      vertex 445.275 -334.4225 85.04108
      vertex 645.275 85.57747 145.0411
    endloop
  endfacet
  facet normal 0.2868008 0.0002839339 -0.9579902
    outer loop
      vertex 447.4953 -335.5747 85.70545
      vertex 645.275 85.57747 145.0411
      vertex 647.4953 84.42527 145.7054
    endloop
  endfacet
  facet normal -0.1805542 0.2228339 -0.9579902
    outer loop
      vertex 445.275 -334.4225 85.04108
      vertex 442.981 -333.4251 85.70545
      vertex 642.981 86.57494 145.7054
    endloop
  endfacet
  facet normal -0.1805542 0.2228339 -0.9579902
    outer loop
      vertex 445.275 -334.4225 85.04108
      vertex 642.981 86.57494 145.7054
      vertex 645.275 85.57747 145.0411
    endloop
  endfacet
  facet normal -0.5995298 0.3856758 -0.7012975
    outer loop
      vertex 442.981 -333.4251 85.70545
      vertex 441.228 -332.8496 87.52054
      vertex 641.228 87.1504 147.5205
    endloop
  endfacet
  facet normal -0.5995298 0.3856758 -0.7012975
    outer loop
      vertex 442.981 -333.4251 85.70545
      vertex 641.228 87.1504 147.5205
      vertex 642.981 86.57494 145.7054
    endloop
  endfacet
  facet normal -0.8578619 0.4451761 -0.2566927
    outer loop
      vertex 441.228 -332.8496 87.52054
      vertex 440.4857 -332.8503 90
      vertex 640.4857 87.14967 150
    endloop
  endfacet
  facet normal -0.8578619 0.4451761 -0.2566927
    outer loop
      vertex 441.228 -332.8496 87.52054
      vertex 640.4857 87.14967 150
      vertex 641.228 87.1504 147.5205
    endloop
  endfacet
  facet normal -1 0 0
    outer loop
      vertex -505 -343.2035 81.319
      vertex -505 -346.7535 71.17358
      vertex -505 -352.4721 62.07249
    endloop
  endfacet
  facet normal -1 0 0
    outer loop
      vertex -505 -343.2035 81.319
      vertex -505 -352.4721 62.07249
      vertex -505 -360.0725 54.47209
    endloop
  endfacet
  facet normal -1 0 0
    outer loop
      vertex -505 -343.2035 81.319
      vertex -505 -360.0725 54.47209
      vertex -505 -369.1736 48.75349
    endloop
  endfacet
  facet normal -1 0 0
    outer loop
      vertex -505 -343.2035 81.319
      vertex -505 -369.1736 48.75349
      vertex -505 -379.319 45.20346
    endloop
  endfacet
  facet normal -1 0 0
    outer loop
      vertex -505 -343.2035 81.319
      vertex -505 -379.319 45.20346
      vertex -505 -390 44
    endloop
  endfacet
  facet normal -1 0 0
    outer loop
      vertex -505 -343.2035 81.319
      vertex -505 -390 44
      vertex -505 -400.681 45.20346
    endloop
  endfacet
  facet normal -1 0 0
    outer loop
      vertex -505 -343.2035 81.319
      vertex -505 -400.681 45.20346
      vertex -505 -410.8264 48.75349
    endloop
  endfacet
  facet normal -1 0 0
    outer loop
      vertex -505 -343.2035 81.319
      vertex -505 -410.8264 48.75349
      vertex -505 -419.9275 54.47209
    endloop
  endfacet
  facet normal -1 0 0
    outer loop
      vertex -505 -343.2035 81.319
      vertex -505 -419.9275 54.47209
      vertex -505 -427.5279 62.07249
    endloop
  endfacet
  facet normal -1 0 0
    outer loop
      vertex -505 -343.2035 81.319
      vertex -505 -427.5279 62.07249
      vertex -505 -433.2465 71.17358
    endloop
  endfacet
  facet normal -1 -0 0
    outer loop
      vertex -505 -343.2035 81.319
      vertex -505 -433.2465 71.17358
      vertex -505 -436.7965 81.319
    endloop
  endfacet
  facet normal -1 0 0
    outer loop
      vertex -505 -343.2035 81.319
      vertex -505 -436.7965 81.319
      vertex -505 -438 92
    endloop
  endfacet
  facet normal -1 0 0
    outer loop
      vertex -505 -343.2035 81.319
      vertex -505 -438 92
      vertex -505 -436.7965 102.681
    endloop
  endfacet
  facet normal -1 0 0
    outer loop
      vertex -505 -343.2035 81.319
      vertex -505 -436.7965 102.681
      vertex -505 -433.2465 112.8264
    endloop
  endfacet
  facet normal -1 0 0
    outer loop
      vertex -505 -343.2035 81.319
      vertex -505 -433.2465 112.8264
      vertex -505 -427.5279 121.9275
    endloop
  endfacet
  facet normal -1 0 0
    outer loop
      vertex -505 -343.2035 81.319
      vertex -505 -427.5279 121.9275
      vertex -505 -419.9275 129.5279
    endloop
  endfacet
  facet normal -1 0 0
    outer loop
      vertex -505 -343.2035 81.319
      vertex -505 -419.9275 129.5279
      vertex -505 -410.8264 135.2465
    endloop
  endfacet
  facet normal -1 0 0
    outer loop
      vertex -505 -343.2035 81.319
      vertex -505 -410.8264 135.2465
      vertex -505 -400.681 138.7965
    endloop
  endfacet
  facet normal -1 0 0
    outer loop
      vertex -505 -343.2035 81.319
      vertex -505 -400.681 138.7965
      vertex -505 -390 140
    endloop
  endfacet
  facet normal -1 0 0
    outer loop
      vertex -505 -343.2035 81.319
      vertex -505 -390 140
      vertex -505 -379.319 138.7965
    endloop
  endfacet
  facet normal -1 0 0
    outer loop
      vertex -505 -343.2035 81.319
      vertex -505 -379.319 138.7965
      vertex -505 -369.1736 135.2465
    endloop
  endfacet
  facet normal -1 0 0
    outer loop
      vertex -505 -343.2035 81.319
      vertex -505 -369.1736 135.2465
      vertex -505 -360.0725 129.5279
    endloop
  endfacet
  facet normal -1 0 0
    outer loop
      vertex -505 -343.2035 81.319
      vertex -505 -360.0725 129.5279
      vertex -505 -352.4721 121.9275
    endloop
  endfacet
  facet normal -1 0 0
    outer loop
      vertex -505 -343.2035 81.319
      vertex -505 -352.4721 121.9275
      vertex -505 -346.7535 112.8264
    endloop
  endfacet
  facet normal -1 0 0
    outer loop
      vertex -505 -343.2035 81.319
      vertex -505 -346.7535 112.8264
      vertex -505 -343.2035 102.681
    endloop
  endfacet
  facet normal -1 0 0
    outer loop
      vertex -505 -343.2035 81.319
      vertex -505 -343.2035 102.681
      vertex -505 -342 92
    endloop
  endfacet
  facet normal 1 0 0
    outer loop
      vertex -385 -342 92
      vertex -385 -343.2035 102.681
      vertex -385 -346.7535 112.8264
    endloop
  endfacet
  facet normal 1 0 0
    outer loop
      vertex -385 -342 92
      vertex -385 -346.7535 112.8264
      vertex -385 -352.4721 121.9275
    endloop
  endfacet
  facet normal 1 0 0
    outer loop
      vertex -385 -342 92
      vertex -385 -352.4721 121.9275
      vertex -385 -360.0725 129.5279
    endloop
  endfacet
  facet normal 1 0 0
    outer loop
      vertex -385 -342 92
      vertex -385 -360.0725 129.5279
      vertex -385 -369.1736 135.2465
    endloop
  endfacet
  facet normal 1 0 0
    outer loop
      vertex -385 -342 92
      vertex -385 -369.1736 135.2465
      vertex -385 -379.319 138.7965
    endloop
  endfacet
  facet normal 1 0 0
    outer loop
      vertex -385 -342 92
      vertex -385 -379.319 138.7965
      vertex -385 -390 140
    endloop
  endfacet
  facet normal 1 0 0
    outer loop
      vertex -385 -342 92
      vertex -385 -390 140
      vertex -385 -400.681 138.7965
    endloop
  endfacet
  facet normal 1 0 0
    outer loop
      vertex -385 -342 92
      vertex -385 -400.681 138.7965
      vertex -385 -410.8264 135.2465
    endloop
  endfacet
  facet normal 1 0 0
    outer loop
      vertex -385 -342 92
      vertex -385 -410.8264 135.2465
      vertex -385 -419.9275 129.5279
    endloop
  endfacet
  facet normal 1 0 0
    outer loop
      vertex -385 -342 92
      vertex -385 -419.9275 129.5279
      vertex -385 -427.5279 121.9275
    endloop
  endfacet
  facet normal 1 0 0
    outer loop
      vertex -385 -342 92
      vertex -385 -427.5279 121.9275
      vertex -385 -433.2465 112.8264
    endloop
  endfacet
  facet normal 1 0 0
    outer loop
      vertex -385 -342 92
      vertex -385 -433.2465 112.8264
      vertex -385 -436.7965 102.681
    endloop
  endfacet
  facet normal 1 0 0
    outer loop
      vertex -385 -342 92
      vertex -385 -436.7965 102.681
      vertex -385 -438 92
    endloop
  endfacet
  facet normal 1 0 0
    outer loop
      vertex -385 -342 92
      vertex -385 -438 92
      vertex -385 -436.7965 81.319
    endloop
  endfacet
  facet normal 1 0 0
    outer loop
      vertex -385 -342 92
      vertex -385 -436.7965 81.319
      vertex -385 -433.2465 71.17358
    endloop
  endfacet
  facet normal 1 0 0
    outer loop
      vertex -385 -342 92
      vertex -385 -433.2465 71.17358
      vertex -385 -427.5279 62.07249
    endloop
  endfacet
  facet normal 1 0 0
    outer loop
      vertex -385 -342 92
      vertex -385 -427.5279 62.07249
      vertex -385 -419.9275 54.47209
    endloop
  endfacet
  facet normal 1 0 0
    outer loop
      vertex -385 -342 92
      vertex -385 -419.9275 54.47209
      vertex -385 -410.8264 48.75349
    endloop
  endfacet
  facet normal 1 0 0
    outer loop
      vertex -385 -342 92
      vertex -385 -410.8264 48.75349
      vertex -385 -400.681 45.20346
    endloop
  endfacet
  facet normal 1 0 0
    outer loop
      vertex -385 -342 92
      vertex -385 -400.681 45.20346
      vertex -385 -390 44
    endloop
  endfacet
  facet normal 1 0 0
    outer loop
      vertex -385 -342 92
      vertex -385 -390 44
      vertex -385 -379.319 45.20346
    endloop
  endfacet
  facet normal 1 0 0
    outer loop
      vertex -385 -342 92
      vertex -385 -379.319 45.20346
      vertex -385 -369.1736 48.75349
    endloop
  endfacet
  facet normal 1 0 0
    outer loop
      vertex -385 -342 92
      vertex -385 -369.1736 48.75349
      vertex -385 -360.0725 54.47209
    endloop
  endfacet
  facet normal 1 0 0
    outer loop
      vertex -385 -342 92
      vertex -385 -360.0725 54.47209
      vertex -385 -352.4721 62.07249
    endloop
  endfacet
  facet normal 1 0 0
    outer loop
      vertex -385 -342 92
      vertex -385 -352.4721 62.07249
      vertex -385 -346.7535 71.17358
    endloop
  endfacet
  facet normal 1 0 0
    outer loop
      vertex -385 -342 92
      vertex -385 -346.7535 71.17358
      vertex -385 -343.2035 81.319
    endloop
  endfacet
  facet normal 0 0.9937122 0.1119645
    outer loop
      vertex -505 -342 92
      vertex -505 -343.2035 102.681
      vertex -385 -343.2035 102.681
    endloop
  endfacet
  facet normal -0 0.9937122 0.1119645
    outer loop
      vertex -505 -342 92
      vertex -385 -343.2035 102.681
      vertex -385 -342 92
    endloop
  endfacet
  facet normal 0 0.9438833 0.3302791
    outer loop
      vertex -505 -343.2035 102.681
      vertex -505 -346.7535 112.8264
      vertex -385 -346.7535 112.8264
    endloop
  endfacet
  facet normal -0 0.9438833 0.3302791
    outer loop
      vertex -505 -343.2035 102.681
      vertex -385 -346.7535 112.8264
      vertex -385 -343.2035 102.681
    endloop
  endfacet
  facet normal 0 0.8467242 0.5320321
    outer loop
      vertex -505 -346.7535 112.8264
      vertex -505 -352.4721 121.9275
      vertex -385 -352.4721 121.9275
    endloop
  endfacet
  facet normal -0 0.8467242 0.5320321
    outer loop
      vertex -505 -346.7535 112.8264
      vertex -385 -352.4721 121.9275
      vertex -385 -346.7535 112.8264
    endloop
  endfacet
  facet normal 0 0.7071068 0.7071068
    outer loop
      vertex -505 -352.4721 121.9275
      vertex -505 -360.0725 129.5279
      vertex -385 -360.0725 129.5279
    endloop
  endfacet
  facet normal -0 0.7071068 0.7071068
    outer loop
      vertex -505 -352.4721 121.9275
      vertex -385 -360.0725 129.5279
      vertex -385 -352.4721 121.9275
    endloop
  endfacet
  facet normal 0 0.5320321 0.8467242
    outer loop
      vertex -505 -360.0725 129.5279
      vertex -505 -369.1736 135.2465
      vertex -385 -369.1736 135.2465
    endloop
  endfacet
  facet normal -0 0.5320321 0.8467242
    outer loop
      vertex -505 -360.0725 129.5279
      vertex -385 -369.1736 135.2465
      vertex -385 -360.0725 129.5279
    endloop
  endfacet
  facet normal 0 0.3302791 0.9438833
    outer loop
      vertex -505 -369.1736 135.2465
      vertex -505 -379.319 138.7965
      vertex -385 -379.319 138.7965
    endloop
  endfacet
  facet normal -0 0.3302791 0.9438833
    outer loop
      vertex -505 -369.1736 135.2465
      vertex -385 -379.319 138.7965
      vertex -385 -369.1736 135.2465
    endloop
  endfacet
  facet normal 0 0.1119645 0.9937122
    outer loop
      vertex -505 -379.319 138.7965
      vertex -505 -390 140
      vertex -385 -390 140
    endloop
  endfacet
  facet normal -0 0.1119645 0.9937122
    outer loop
      vertex -505 -379.319 138.7965
      vertex -385 -390 140
      vertex -385 -379.319 138.7965
    endloop
  endfacet
  facet normal 0 -0.1119645 0.9937122
    outer loop
      vertex -505 -390 140
      vertex -505 -400.681 138.7965
      vertex -385 -400.681 138.7965
    endloop
  endfacet
  facet normal 0 -0.1119645 0.9937122
    outer loop
      vertex -505 -390 140
      vertex -385 -400.681 138.7965
      vertex -385 -390 140
    endloop
  endfacet
  facet normal 0 -0.3302791 0.9438833
    outer loop
      vertex -505 -400.681 138.7965
      vertex -505 -410.8264 135.2465
      vertex -385 -410.8264 135.2465
    endloop
  endfacet
  facet normal 0 -0.3302791 0.9438833
    outer loop
      vertex -505 -400.681 138.7965
      vertex -385 -410.8264 135.2465
      vertex -385 -400.681 138.7965
    endloop
  endfacet
  facet normal 0 -0.5320321 0.8467242
    outer loop
      vertex -505 -410.8264 135.2465
      vertex -505 -419.9275 129.5279
      vertex -385 -419.9275 129.5279
    endloop
  endfacet
  facet normal 0 -0.5320321 0.8467242
    outer loop
      vertex -505 -410.8264 135.2465
      vertex -385 -419.9275 129.5279
      vertex -385 -410.8264 135.2465
    endloop
  endfacet
  facet normal 0 -0.7071068 0.7071068
    outer loop
      vertex -505 -419.9275 129.5279
      vertex -505 -427.5279 121.9275
      vertex -385 -427.5279 121.9275
    endloop
  endfacet
  facet normal 0 -0.7071068 0.7071068
    outer loop
      vertex -505 -419.9275 129.5279
      vertex -385 -427.5279 121.9275
      vertex -385 -419.9275 129.5279
    endloop
  endfacet
  facet normal 0 -0.8467242 0.5320321
    outer loop
      vertex -505 -427.5279 121.9275
      vertex -505 -433.2465 112.8264
      vertex -385 -433.2465 112.8264
    endloop
  endfacet
  facet normal 0 -0.8467242 0.5320321
    outer loop
      vertex -505 -427.5279 121.9275
      vertex -385 -433.2465 112.8264
      vertex -385 -427.5279 121.9275
    endloop
  endfacet
  facet normal 0 -0.9438833 0.3302791
    outer loop
      vertex -505 -433.2465 112.8264
      vertex -505 -436.7965 102.681
      vertex -385 -436.7965 102.681
    endloop
  endfacet
  facet normal 0 -0.9438833 0.3302791
    outer loop
      vertex -505 -433.2465 112.8264
      vertex -385 -436.7965 102.681
      vertex -385 -433.2465 112.8264
    endloop
  endfacet
  facet normal 0 -0.9937122 0.1119645
    outer loop
      vertex -505 -436.7965 102.681
      vertex -505 -438 92
      vertex -385 -438 92
    endloop
  endfacet
  facet normal 0 -0.9937122 0.1119645
    outer loop
      vertex -505 -436.7965 102.681
      vertex -385 -438 92
      vertex -385 -436.7965 102.681
    endloop
  endfacet
  facet normal 0 -0.9937122 -0.1119645
    outer loop
      vertex -505 -438 92
      vertex -505 -436.7965 81.319
      vertex -385 -436.7965 81.319
    endloop
  endfacet
  facet normal 0 -0.9937122 -0.1119645
    outer loop
      vertex -505 -438 92
      vertex -385 -436.7965 81.319
      vertex -385 -438 92
    endloop
  endfacet
  facet normal 0 -0.9438833 -0.3302791
    outer loop
      vertex -505 -436.7965 81.319
      vertex -505 -433.2465 71.17358
      vertex -385 -433.2465 71.17358
    endloop
  endfacet
  facet normal 0 -0.9438833 -0.3302791
    outer loop
      vertex -505 -436.7965 81.319
      vertex -385 -433.2465 71.17358
      vertex -385 -436.7965 81.319
    endloop
  endfacet
  facet normal 0 -0.8467242 -0.5320321
    outer loop
      vertex -505 -433.2465 71.17358
      vertex -505 -427.5279 62.07249
      vertex -385 -427.5279 62.07249
    endloop
  endfacet
  facet normal 0 -0.8467242 -0.5320321
    outer loop
      vertex -505 -433.2465 71.17358
      vertex -385 -427.5279 62.07249
      vertex -385 -433.2465 71.17358
    endloop
  endfacet
  facet normal 0 -0.7071068 -0.7071068
    outer loop
      vertex -505 -427.5279 62.07249
      vertex -505 -419.9275 54.47209
      vertex -385 -419.9275 54.47209
    endloop
  endfacet
  facet normal 0 -0.7071068 -0.7071068
    outer loop
      vertex -505 -427.5279 62.07249
      vertex -385 -419.9275 54.47209
      vertex -385 -427.5279 62.07249
    endloop
  endfacet
  facet normal 0 -0.5320321 -0.8467242
    outer loop
      vertex -505 -419.9275 54.47209
      vertex -505 -410.8264 48.75349
      vertex -385 -410.8264 48.75349
    endloop
  endfacet
  facet normal 0 -0.5320321 -0.8467242
    outer loop
      vertex -505 -419.9275 54.47209
      vertex -385 -410.8264 48.75349
      vertex -385 -419.9275 54.47209
    endloop
  endfacet
  facet normal 0 -0.3302791 -0.9438833
    outer loop
      vertex -505 -410.8264 48.75349
      vertex -505 -400.681 45.20346
      vertex -385 -400.681 45.20346
    endloop
  endfacet
  facet normal 0 -0.3302791 -0.9438833
    outer loop
      vertex -505 -410.8264 48.75349
      vertex -385 -400.681 45.20346
      vertex -385 -410.8264 48.75349
    endloop
  endfacet
  facet normal 0 -0.1119645 -0.9937122
    outer loop
      vertex -505 -400.681 45.20346
      vertex -505 -390 44
      vertex -385 -390 44
    endloop
  endfacet
  facet normal 0 -0.1119645 -0.9937122
    outer loop
      vertex -505 -400.681 45.20346
      vertex -385 -390 44
      vertex -385 -400.681 45.20346
    endloop
  endfacet
  facet normal 0 0.1119645 -0.9937122
    outer loop
      vertex -505 -390 44
      vertex -505 -379.319 45.20346
      vertex -385 -379.319 45.20346
    endloop
  endfacet
  facet normal 0 0.1119645 -0.9937122
    outer loop
      vertex -505 -390 44
      vertex -385 -379.319 45.20346
      vertex -385 -390 44
    endloop
  endfacet
  facet normal 0 0.3302791 -0.9438833
    outer loop
      vertex -505 -379.319 45.20346
      vertex -505 -369.1736 48.75349
      vertex -385 -369.1736 48.75349
    endloop
  endfacet
  facet normal 0 0.3302791 -0.9438833
    outer loop
      vertex -505 -379.319 45.20346
      vertex -385 -369.1736 48.75349
      vertex -385 -379.319 45.20346
    endloop
  endfacet
  facet normal 0 0.5320321 -0.8467242
    outer loop
      vertex -505 -369.1736 48.75349
      vertex -505 -360.0725 54.47209
      vertex -385 -360.0725 54.47209
    endloop
  endfacet
  facet normal 0 0.5320321 -0.8467242
    outer loop
      vertex -505 -369.1736 48.75349
      vertex -385 -360.0725 54.47209
      vertex -385 -369.1736 48.75349
    endloop
  endfacet
  facet normal 0 0.7071068 -0.7071068
    outer loop
      vertex -505 -360.0725 54.47209
      vertex -505 -352.4721 62.07249
      vertex -385 -352.4721 62.07249
    endloop
  endfacet
  facet normal 0 0.7071068 -0.7071068
    outer loop
      vertex -505 -360.0725 54.47209
      vertex -385 -352.4721 62.07249
      vertex -385 -360.0725 54.47209
    endloop
  endfacet
  facet normal 0 0.8467242 -0.5320321
    outer loop
      vertex -505 -352.4721 62.07249
      vertex -505 -346.7535 71.17358
      vertex -385 -346.7535 71.17358
    endloop
  endfacet
  facet normal 0 0.8467242 -0.5320321
    outer loop
      vertex -505 -352.4721 62.07249
      vertex -385 -346.7535 71.17358
      vertex -385 -352.4721 62.07249
    endloop
  endfacet
  facet normal 0 0.9438833 -0.3302791
    outer loop
      vertex -505 -346.7535 71.17358
      vertex -505 -343.2035 81.319
      vertex -385 -343.2035 81.319
    endloop
  endfacet
  facet normal 0 0.9438833 -0.3302791
    outer loop
      vertex -505 -346.7535 71.17358
      vertex -385 -343.2035 81.319
      vertex -385 -346.7535 71.17358
    endloop
  endfacet
  facet normal 0 0.9937122 -0.1119645
    outer loop
      vertex -505 -343.2035 81.319
      vertex -505 -342 92
      vertex -385 -342 92
    endloop
  endfacet
  facet normal 0 0.9937122 -0.1119645
    outer loop
      vertex -505 -343.2035 81.319
      vertex -385 -342 92
      vertex -385 -343.2035 81.319
    endloop
  endfacet
  facet normal 0 0 0
    outer loop
      vertex -505 -390 44
      vertex -505 -390 44
      vertex -488.7357 -385.2458 47.65378
    endloop
  endfacet
  facet normal 0.2119907 0.02558335 -0.9769368
    outer loop
      vertex -505 -390 44
      vertex -488.7357 -385.2458 47.65378
      vertex -488.1619 -390 47.65378
    endloop
  endfacet
  facet normal 0 0 0
    outer loop
      vertex -505 -390 44
      vertex -505 -390 44
      vertex -490.4178 -380.8156 47.65378
    endloop
  endfacet
  facet normal 0.1976373 0.07504204 -0.9773987
    outer loop
      vertex -505 -390 44
      vertex -490.4178 -380.8156 47.65378
      vertex -488.7357 -385.2458 47.65378
    endloop
  endfacet
  facet normal 0 0 0
    outer loop
      vertex -505 -390 44
      vertex -505 -390 44
      vertex -493.0937 -377.0113 47.65378
    endloop
  endfacet
  facet normal 0.1698542 0.1194726 -0.9782003
    outer loop
      vertex -505 -390 44
      vertex -493.0937 -377.0113 47.65378
      vertex -490.4178 -380.8156 47.65378
    endloop
  endfacet
  facet normal 0 0 0
    outer loop
      vertex -505 -390 44
      vertex -505 -390 44
      vertex -496.581 -374.0921 47.65378
    endloop
  endfacet
  facet normal 0.1304574 0.1558474 -0.9791284
    outer loop
      vertex -505 -390 44
      vertex -496.581 -374.0921 47.65378
      vertex -493.0937 -377.0113 47.65378
    endloop
  endfacet
  facet normal 0 0 0
    outer loop
      vertex -505 -390 44
      vertex -505 -390 44
      vertex -500.642 -372.2571 47.65378
    endloop
  endfacet
  facet normal 0.08207642 0.1816375 -0.9799343
    outer loop
      vertex -505 -390 44
      vertex -500.642 -372.2571 47.65378
      vertex -496.581 -374.0921 47.65378
    endloop
  endfacet
  facet normal 0 0 0
    outer loop
      vertex -505 -390 44
      vertex -505 -390 44
      vertex -505 -371.6312 47.65378
    endloop
  endfacet
  facet normal 0.02800806 0.1950138 -0.9804005
    outer loop
      vertex -505 -390 44
      vertex -505 -371.6312 47.65378
      vertex -500.642 -372.2571 47.65378
    endloop
  endfacet
  facet normal 0 0 0
    outer loop
      vertex -505 -390 44
      vertex -505 -390 44
      vertex -509.358 -372.2571 47.65378
    endloop
  endfacet
  facet normal -0.02800806 0.1950138 -0.9804005
    outer loop
      vertex -505 -390 44
      vertex -509.358 -372.2571 47.65378
      vertex -505 -371.6312 47.65378
    endloop
  endfacet
  facet normal 0 0 0
    outer loop
      vertex -505 -390 44
      vertex -505 -390 44
      vertex -513.419 -374.0921 47.65378
    endloop
  endfacet
  facet normal -0.08207642 0.1816375 -0.9799343
    outer loop
      vertex -505 -390 44
      vertex -513.419 -374.0921 47.65378
      vertex -509.358 -372.2571 47.65378
    endloop
  endfacet
  facet normal 0 0 0
    outer loop
      vertex -505 -390 44
      vertex -505 -390 44
      vertex -516.9063 -377.0113 47.65378
    endloop
  endfacet
  facet normal -0.1304574 0.1558474 -0.9791284
    outer loop
      vertex -505 -390 44
      vertex -516.9063 -377.0113 47.65378
      vertex -513.419 -374.0921 47.65378
    endloop
  endfacet
  facet normal 0 0 0
    outer loop
      vertex -505 -390 44
      vertex -505 -390 44
      vertex -519.5822 -380.8156 47.65378
    endloop
  endfacet
  facet normal -0.1698542 0.1194726 -0.9782003
    outer loop
      vertex -505 -390 44
      vertex -519.5822 -380.8156 47.65378
      vertex -516.9063 -377.0113 47.65378
    endloop
  endfacet
  facet normal 0 0 0
    outer loop
      vertex -505 -390 44
      vertex -505 -390 44
      vertex -521.2643 -385.2458 47.65378
    endloop
  endfacet
  facet normal -0.1976373 0.07504204 -0.9773987
    outer loop
      vertex -505 -390 44
      vertex -521.2643 -385.2458 47.65378
      vertex -519.5822 -380.8156 47.65378
    endloop
  endfacet
  facet normal 0 0 0
    outer loop
      vertex -505 -390 44
      vertex -505 -390 44
      vertex -521.8381 -390 47.65378
    endloop
  endfacet
  facet normal -0.2119907 0.02558335 -0.9769368
    outer loop
      vertex -505 -390 44
      vertex -521.8381 -390 47.65378
      vertex -521.2643 -385.2458 47.65378
    endloop
  endfacet
  facet normal 0 0 0
    outer loop
      vertex -505 -390 44
      vertex -505 -390 44
      vertex -521.2643 -394.7542 47.65378
    endloop
  endfacet
  facet normal -0.2119907 -0.02558335 -0.9769368
    outer loop
      vertex -505 -390 44
      vertex -521.2643 -394.7542 47.65378
      vertex -521.8381 -390 47.65378
    endloop
  endfacet
  facet normal 0 0 0
    outer loop
      vertex -505 -390 44
      vertex -505 -390 44
      vertex -519.5822 -399.1844 47.65378
    endloop
  endfacet
  facet normal -0.1976373 -0.07504204 -0.9773987
    outer loop
      vertex -505 -390 44
      vertex -519.5822 -399.1844 47.65378
      vertex -521.2643 -394.7542 47.65378
    endloop
  endfacet
  facet normal 0 0 0
    outer loop
      vertex -505 -390 44
      vertex -505 -390 44
      vertex -516.9063 -402.9887 47.65378
    endloop
  endfacet
  facet normal -0.1698542 -0.1194726 -0.9782003
    outer loop
      vertex -505 -390 44
      vertex -516.9063 -402.9887 47.65378
      vertex -519.5822 -399.1844 47.65378
    endloop
  endfacet
  facet normal 0 0 0
    outer loop
      vertex -505 -390 44
      vertex -505 -390 44
      vertex -513.419 -405.9079 47.65378
    endloop
  endfacet
  facet normal -0.1304574 -0.1558474 -0.9791284
    outer loop
      vertex -505 -390 44
      vertex -513.419 -405.9079 47.65378
      vertex -516.9063 -402.9887 47.65378
    endloop
  endfacet
  facet normal 0 0 0
    outer loop
      vertex -505 -390 44
      vertex -505 -390 44
      vertex -509.358 -407.7429 47.65378
    endloop
  endfacet
  facet normal -0.08207642 -0.1816375 -0.9799343
    outer loop
      vertex -505 -390 44
      vertex -509.358 -407.7429 47.65378
      vertex -513.419 -405.9079 47.65378
    endloop
  endfacet
  facet normal 0 0 0
    outer loop
      vertex -505 -390 44
      vertex -505 -390 44
      vertex -505 -408.3688 47.65378
    endloop
  endfacet
  facet normal -0.02800806 -0.1950138 -0.9804005
    outer loop
      vertex -505 -390 44
      vertex -505 -408.3688 47.65378
      vertex -509.358 -407.7429 47.65378
    endloop
  endfacet
  facet normal 0 0 0
    outer loop
      vertex -505 -390 44
      vertex -505 -390 44
      vertex -500.642 -407.7429 47.65378
    endloop
  endfacet
  facet normal 0.02800806 -0.1950138 -0.9804005
    outer loop
      vertex -505 -390 44
      vertex -500.642 -407.7429 47.65378
      vertex -505 -408.3688 47.65378
    endloop
  endfacet
  facet normal 0 0 0
    outer loop
      vertex -505 -390 44
      vertex -505 -390 44
      vertex -496.581 -405.9079 47.65378
    endloop
  endfacet
  facet normal 0.08207642 -0.1816375 -0.9799343
    outer loop
      vertex -505 -390 44
      vertex -496.581 -405.9079 47.65378
      vertex -500.642 -407.7429 47.65378
    endloop
  endfacet
  facet normal 0 0 0
    outer loop
      vertex -505 -390 44
      vertex -505 -390 44
      vertex -493.0937 -402.9887 47.65378
    endloop
  endfacet
  facet normal 0.1304574 -0.1558474 -0.9791284
    outer loop
      vertex -505 -390 44
      vertex -493.0937 -402.9887 47.65378
      vertex -496.581 -405.9079 47.65378
    endloop
  endfacet
  facet normal 0 0 0
    outer loop
      vertex -505 -390 44
      vertex -505 -390 44
      vertex -490.4178 -399.1844 47.65378
    endloop
  endfacet
  facet normal 0.1698542 -0.1194726 -0.9782003
    outer loop
      vertex -505 -390 44
      vertex -490.4178 -399.1844 47.65378
      vertex -493.0937 -402.9887 47.65378
    endloop
  endfacet
  facet normal 0 0 0
    outer loop
      vertex -505 -390 44
      vertex -505 -390 44
      vertex -488.7357 -394.7542 47.65378
    endloop
  endfacet
  facet normal 0.1976373 -0.07504204 -0.9773987
    outer loop
      vertex -505 -390 44
      vertex -488.7357 -394.7542 47.65378
      vertex -490.4178 -399.1844 47.65378
    endloop
  endfacet
  facet normal 0 0 0
    outer loop
      vertex -505 -390 44
      vertex -505 -390 44
      vertex -488.1619 -390 47.65378
    endloop
  endfacet
  facet normal 0.2119907 -0.02558335 -0.9769368
    outer loop
      vertex -505 -390 44
      vertex -488.1619 -390 47.65378
      vertex -488.7357 -394.7542 47.65378
    endloop
  endfacet
  facet normal 0.5875605 0.07090765 -0.8060675
    outer loop
      vertex -488.1619 -390 47.65378
      vertex -488.7357 -385.2458 47.65378
      vertex -474.9474 -381.2154 58.05887
    endloop
  endfacet
  facet normal 0.5875605 0.07090765 -0.8060675
    outer loop
      vertex -488.1619 -390 47.65378
      vertex -474.9474 -381.2154 58.05887
      vertex -473.8873 -390 58.05887
    endloop
  endfacet
  facet normal 0.5495174 0.2086494 -0.8090093
    outer loop
      vertex -488.7357 -385.2458 47.65378
      vertex -490.4178 -380.8156 47.65378
      vertex -478.0556 -373.0294 58.05887
    endloop
  endfacet
  facet normal 0.5495174 0.2086494 -0.8090093
    outer loop
      vertex -488.7357 -385.2458 47.65378
      vertex -478.0556 -373.0294 58.05887
      vertex -474.9474 -381.2154 58.05887
    endloop
  endfacet
  facet normal 0.4748983 0.3340354 -0.8141818
    outer loop
      vertex -490.4178 -380.8156 47.65378
      vertex -493.0937 -377.0113 47.65378
      vertex -483 -366 58.05887
    endloop
  endfacet
  facet normal 0.4748983 0.3340354 -0.8141818
    outer loop
      vertex -490.4178 -380.8156 47.65378
      vertex -483 -366 58.05887
      vertex -478.0556 -373.0294 58.05887
    endloop
  endfacet
  facet normal 0.3671315 0.4385838 -0.8202796
    outer loop
      vertex -493.0937 -377.0113 47.65378
      vertex -496.581 -374.0921 47.65378
      vertex -489.4437 -360.6061 58.05887
    endloop
  endfacet
  facet normal 0.3671315 0.4385838 -0.8202796
    outer loop
      vertex -493.0937 -377.0113 47.65378
      vertex -489.4437 -360.6061 58.05887
      vertex -483 -366 58.05887
    endloop
  endfacet
  facet normal 0.2323059 0.5140997 -0.8256728
    outer loop
      vertex -496.581 -374.0921 47.65378
      vertex -500.642 -372.2571 47.65378
      vertex -496.9474 -357.2154 58.05887
    endloop
  endfacet
  facet normal 0.2323059 0.5140997 -0.8256728
    outer loop
      vertex -496.581 -374.0921 47.65378
      vertex -496.9474 -357.2154 58.05887
      vertex -489.4437 -360.6061 58.05887
    endloop
  endfacet
  facet normal 0.0795387 0.5538101 -0.8288353
    outer loop
      vertex -500.642 -372.2571 47.65378
      vertex -505 -371.6312 47.65378
      vertex -505 -356.0589 58.05887
    endloop
  endfacet
  facet normal 0.0795387 0.5538101 -0.8288353
    outer loop
      vertex -500.642 -372.2571 47.65378
      vertex -505 -356.0589 58.05887
      vertex -496.9474 -357.2154 58.05887
    endloop
  endfacet
  facet normal -0.0795387 0.5538101 -0.8288353
    outer loop
      vertex -505 -371.6312 47.65378
      vertex -509.358 -372.2571 47.65378
      vertex -513.0526 -357.2154 58.05887
    endloop
  endfacet
  facet normal -0.0795387 0.5538101 -0.8288353
    outer loop
      vertex -505 -371.6312 47.65378
      vertex -513.0526 -357.2154 58.05887
      vertex -505 -356.0589 58.05887
    endloop
  endfacet
  facet normal -0.2323059 0.5140997 -0.8256728
    outer loop
      vertex -509.358 -372.2571 47.65378
      vertex -513.419 -374.0921 47.65378
      vertex -520.5563 -360.6061 58.05887
    endloop
  endfacet
  facet normal -0.2323059 0.5140997 -0.8256728
    outer loop
      vertex -509.358 -372.2571 47.65378
      vertex -520.5563 -360.6061 58.05887
      vertex -513.0526 -357.2154 58.05887
    endloop
  endfacet
  facet normal -0.3671315 0.4385838 -0.8202796
    outer loop
      vertex -513.419 -374.0921 47.65378
      vertex -516.9063 -377.0113 47.65378
      vertex -527 -366 58.05887
    endloop
  endfacet
  facet normal -0.3671315 0.4385838 -0.8202796
    outer loop
      vertex -513.419 -374.0921 47.65378
      vertex -527 -366 58.05887
      vertex -520.5563 -360.6061 58.05887
    endloop
  endfacet
  facet normal -0.4748983 0.3340354 -0.8141818
    outer loop
      vertex -516.9063 -377.0113 47.65378
      vertex -519.5822 -380.8156 47.65378
      vertex -531.9444 -373.0294 58.05887
    endloop
  endfacet
  facet normal -0.4748983 0.3340354 -0.8141818
    outer loop
      vertex -516.9063 -377.0113 47.65378
      vertex -531.9444 -373.0294 58.05887
      vertex -527 -366 58.05887
    endloop
  endfacet
  facet normal -0.5495174 0.2086494 -0.8090093
    outer loop
      vertex -519.5822 -380.8156 47.65378
      vertex -521.2643 -385.2458 47.65378
      vertex -535.0526 -381.2154 58.05887
    endloop
  endfacet
  facet normal -0.5495174 0.2086494 -0.8090093
    outer loop
      vertex -519.5822 -380.8156 47.65378
      vertex -535.0526 -381.2154 58.05887
      vertex -531.9444 -373.0294 58.05887
    endloop
  endfacet
  facet normal -0.5875605 0.07090765 -0.8060675
    outer loop
      vertex -521.2643 -385.2458 47.65378
      vertex -521.8381 -390 47.65378
      vertex -536.1127 -390 58.05887
    endloop
  endfacet
  facet normal -0.5875605 0.07090765 -0.8060675
    outer loop
      vertex -521.2643 -385.2458 47.65378
      vertex -536.1127 -390 58.05887
      vertex -535.0526 -381.2154 58.05887
    endloop
  endfacet
  facet normal -0.5875605 -0.07090765 -0.8060675
    outer loop
      vertex -521.8381 -390 47.65378
      vertex -521.2643 -394.7542 47.65378
      vertex -535.0526 -398.7846 58.05887
    endloop
  endfacet
  facet normal -0.5875605 -0.07090765 -0.8060675
    outer loop
      vertex -521.8381 -390 47.65378
      vertex -535.0526 -398.7846 58.05887
      vertex -536.1127 -390 58.05887
    endloop
  endfacet
  facet normal -0.5495174 -0.2086494 -0.8090093
    outer loop
      vertex -521.2643 -394.7542 47.65378
      vertex -519.5822 -399.1844 47.65378
      vertex -531.9444 -406.9706 58.05887
    endloop
  endfacet
  facet normal -0.5495174 -0.2086494 -0.8090093
    outer loop
      vertex -521.2643 -394.7542 47.65378
      vertex -531.9444 -406.9706 58.05887
      vertex -535.0526 -398.7846 58.05887
    endloop
  endfacet
  facet normal -0.4748983 -0.3340354 -0.8141818
    outer loop
      vertex -519.5822 -399.1844 47.65378
      vertex -516.9063 -402.9887 47.65378
      vertex -527 -414 58.05887
    endloop
  endfacet
  facet normal -0.4748983 -0.3340354 -0.8141818
    outer loop
      vertex -519.5822 -399.1844 47.65378
      vertex -527 -414 58.05887
      vertex -531.9444 -406.9706 58.05887
    endloop
  endfacet
  facet normal -0.3671315 -0.4385838 -0.8202796
    outer loop
      vertex -516.9063 -402.9887 47.65378
      vertex -513.419 -405.9079 47.65378
      vertex -520.5563 -419.3939 58.05887
    endloop
  endfacet
  facet normal -0.3671315 -0.4385838 -0.8202796
    outer loop
      vertex -516.9063 -402.9887 47.65378
      vertex -520.5563 -419.3939 58.05887
      vertex -527 -414 58.05887
    endloop
  endfacet
  facet normal -0.2323059 -0.5140997 -0.8256728
    outer loop
      vertex -513.419 -405.9079 47.65378
      vertex -509.358 -407.7429 47.65378
      vertex -513.0526 -422.7846 58.05887
    endloop
  endfacet
  facet normal -0.2323059 -0.5140997 -0.8256728
    outer loop
      vertex -513.419 -405.9079 47.65378
      vertex -513.0526 -422.7846 58.05887
      vertex -520.5563 -419.3939 58.05887
    endloop
  endfacet
  facet normal -0.0795387 -0.5538101 -0.8288353
    outer loop
      vertex -509.358 -407.7429 47.65378
      vertex -505 -408.3688 47.65378
      vertex -505 -423.9411 58.05887
    endloop
  endfacet
  facet normal -0.0795387 -0.5538101 -0.8288353
    outer loop
      vertex -509.358 -407.7429 47.65378
      vertex -505 -423.9411 58.05887
      vertex -513.0526 -422.7846 58.05887
    endloop
  endfacet
  facet normal 0.0795387 -0.5538101 -0.8288353
    outer loop
      vertex -505 -408.3688 47.65378
      vertex -500.642 -407.7429 47.65378
      vertex -496.9474 -422.7846 58.05887
    endloop
  endfacet
  facet normal 0.0795387 -0.5538101 -0.8288353
    outer loop
      vertex -505 -408.3688 47.65378
      vertex -496.9474 -422.7846 58.05887
      vertex -505 -423.9411 58.05887
    endloop
  endfacet
  facet normal 0.2323059 -0.5140997 -0.8256728
    outer loop
      vertex -500.642 -407.7429 47.65378
      vertex -496.581 -405.9079 47.65378
      vertex -489.4437 -419.3939 58.05887
    endloop
  endfacet
  facet normal 0.2323059 -0.5140997 -0.8256728
    outer loop
      vertex -500.642 -407.7429 47.65378
      vertex -489.4437 -419.3939 58.05887
      vertex -496.9474 -422.7846 58.05887
    endloop
  endfacet
  facet normal 0.3671315 -0.4385838 -0.8202796
    outer loop
      vertex -496.581 -405.9079 47.65378
      vertex -493.0937 -402.9887 47.65378
      vertex -483 -414 58.05887
    endloop
  endfacet
  facet normal 0.3671315 -0.4385838 -0.8202796
    outer loop
      vertex -496.581 -405.9079 47.65378
      vertex -483 -414 58.05887
      vertex -489.4437 -419.3939 58.05887
    endloop
  endfacet
  facet normal 0.4748983 -0.3340354 -0.8141818
    outer loop
      vertex -493.0937 -402.9887 47.65378
      vertex -490.4178 -399.1844 47.65378
      vertex -478.0556 -406.9706 58.05887
    endloop
  endfacet
  facet normal 0.4748983 -0.3340354 -0.8141818
    outer loop
      vertex -493.0937 -402.9887 47.65378
      vertex -478.0556 -406.9706 58.05887
      vertex -483 -414 58.05887
    endloop
  endfacet
  facet normal 0.5495174 -0.2086494 -0.8090093
    outer loop
      vertex -490.4178 -399.1844 47.65378
      vertex -488.7357 -394.7542 47.65378
      vertex -474.9474 -398.7846 58.05887
    endloop
  endfacet
  facet normal 0.5495174 -0.2086494 -0.8090093
    outer loop
      vertex -490.4178 -399.1844 47.65378
      vertex -474.9474 -398.7846 58.05887
      vertex -478.0556 -406.9706 58.05887
    endloop
  endfacet
  facet normal 0.5875605 -0.07090765 -0.8060675
    outer loop
      vertex -488.7357 -394.7542 47.65378
      vertex -488.1619 -390 47.65378
      vertex -473.8873 -390 58.05887
    endloop
  endfacet
  facet normal 0.5875605 -0.07090765 -0.8060675
    outer loop
      vertex -488.7357 -394.7542 47.65378
      vertex -473.8873 -390 58.05887
      vertex -474.9474 -398.7846 58.05887
    endloop
  endfacet
  facet normal 0.8482754 0.1023711 -0.5195662
    outer loop
      vertex -473.8873 -390 58.05887
      vertex -474.9474 -381.2154 58.05887
      vertex -465.7344 -378.5224 73.6312
    endloop
  endfacet
  facet normal 0.8482754 0.1023711 -0.5195662
    outer loop
      vertex -473.8873 -390 58.05887
      vertex -465.7344 -378.5224 73.6312
      vertex -464.3493 -390 73.6312
    endloop
  endfacet
  facet normal 0.7965158 0.3024337 -0.5235422
    outer loop
      vertex -474.9474 -381.2154 58.05887
      vertex -478.0556 -373.0294 58.05887
      vertex -469.7955 -367.8269 73.6312
    endloop
  endfacet
  facet normal 0.7965158 0.3024337 -0.5235422
    outer loop
      vertex -474.9474 -381.2154 58.05887
      vertex -469.7955 -367.8269 73.6312
      vertex -465.7344 -378.5224 73.6312
    endloop
  endfacet
  facet normal 0.6932699 0.4876343 -0.5306502
    outer loop
      vertex -478.0556 -373.0294 58.05887
      vertex -483 -366 58.05887
      vertex -476.2556 -358.6425 73.6312
    endloop
  endfacet
  facet normal 0.6932699 0.4876343 -0.5306502
    outer loop
      vertex -478.0556 -373.0294 58.05887
      vertex -476.2556 -358.6425 73.6312
      vertex -469.7955 -367.8269 73.6312
    endloop
  endfacet
  facet normal 0.5405651 0.6457717 -0.5392293
    outer loop
      vertex -483 -366 58.05887
      vertex -489.4437 -360.6061 58.05887
      vertex -484.6747 -351.595 73.6312
    endloop
  endfacet
  facet normal 0.5405651 0.6457717 -0.5392293
    outer loop
      vertex -483 -366 58.05887
      vertex -484.6747 -351.595 73.6312
      vertex -476.2556 -358.6425 73.6312
    endloop
  endfacet
  facet normal 0.3447137 0.7628615 -0.5470053
    outer loop
      vertex -489.4437 -360.6061 58.05887
      vertex -496.9474 -357.2154 58.05887
      vertex -494.4788 -347.1648 73.6312
    endloop
  endfacet
  facet normal 0.3447137 0.7628615 -0.5470053
    outer loop
      vertex -489.4437 -360.6061 58.05887
      vertex -494.4788 -347.1648 73.6312
      vertex -484.6747 -351.595 73.6312
    endloop
  endfacet
  facet normal 0.118574 0.8256038 -0.5516508
    outer loop
      vertex -496.9474 -357.2154 58.05887
      vertex -505 -356.0589 58.05887
      vertex -505 -345.6538 73.6312
    endloop
  endfacet
  facet normal 0.118574 0.8256038 -0.5516508
    outer loop
      vertex -496.9474 -357.2154 58.05887
      vertex -505 -345.6538 73.6312
      vertex -494.4788 -347.1648 73.6312
    endloop
  endfacet
  facet normal -0.118574 0.8256038 -0.5516508
    outer loop
      vertex -505 -356.0589 58.05887
      vertex -513.0526 -357.2154 58.05887
      vertex -515.5212 -347.1648 73.6312
    endloop
  endfacet
  facet normal -0.118574 0.8256038 -0.5516508
    outer loop
      vertex -505 -356.0589 58.05887
      vertex -515.5212 -347.1648 73.6312
      vertex -505 -345.6538 73.6312
    endloop
  endfacet
  facet normal -0.3447137 0.7628615 -0.5470053
    outer loop
      vertex -513.0526 -357.2154 58.05887
      vertex -520.5563 -360.6061 58.05887
      vertex -525.3253 -351.595 73.6312
    endloop
  endfacet
  facet normal -0.3447137 0.7628615 -0.5470053
    outer loop
      vertex -513.0526 -357.2154 58.05887
      vertex -525.3253 -351.595 73.6312
      vertex -515.5212 -347.1648 73.6312
    endloop
  endfacet
  facet normal -0.5405651 0.6457717 -0.5392293
    outer loop
      vertex -520.5563 -360.6061 58.05887
      vertex -527 -366 58.05887
      vertex -533.7444 -358.6425 73.6312
    endloop
  endfacet
  facet normal -0.5405651 0.6457717 -0.5392293
    outer loop
      vertex -520.5563 -360.6061 58.05887
      vertex -533.7444 -358.6425 73.6312
      vertex -525.3253 -351.595 73.6312
    endloop
  endfacet
  facet normal -0.6932699 0.4876343 -0.5306502
    outer loop
      vertex -527 -366 58.05887
      vertex -531.9444 -373.0294 58.05887
      vertex -540.2045 -367.8269 73.6312
    endloop
  endfacet
  facet normal -0.6932699 0.4876343 -0.5306502
    outer loop
      vertex -527 -366 58.05887
      vertex -540.2045 -367.8269 73.6312
      vertex -533.7444 -358.6425 73.6312
    endloop
  endfacet
  facet normal -0.7965158 0.3024337 -0.5235422
    outer loop
      vertex -531.9444 -373.0294 58.05887
      vertex -535.0526 -381.2154 58.05887
      vertex -544.2656 -378.5224 73.6312
    endloop
  endfacet
  facet normal -0.7965158 0.3024337 -0.5235422
    outer loop
      vertex -531.9444 -373.0294 58.05887
      vertex -544.2656 -378.5224 73.6312
      vertex -540.2045 -367.8269 73.6312
    endloop
  endfacet
  facet normal -0.8482754 0.1023711 -0.5195662
    outer loop
      vertex -535.0526 -381.2154 58.05887
      vertex -536.1127 -390 58.05887
      vertex -545.6507 -390 73.6312
    endloop
  endfacet
  facet normal -0.8482754 0.1023711 -0.5195662
    outer loop
      vertex -535.0526 -381.2154 58.05887
      vertex -545.6507 -390 73.6312
      vertex -544.2656 -378.5224 73.6312
    endloop
  endfacet
  facet normal -0.8482754 -0.1023711 -0.5195662
    outer loop
      vertex -536.1127 -390 58.05887
      vertex -535.0526 -398.7846 58.05887
      vertex -544.2656 -401.4776 73.6312
    endloop
  endfacet
  facet normal -0.8482754 -0.1023711 -0.5195662
    outer loop
      vertex -536.1127 -390 58.05887
      vertex -544.2656 -401.4776 73.6312
      vertex -545.6507 -390 73.6312
    endloop
  endfacet
  facet normal -0.7965158 -0.3024337 -0.5235422
    outer loop
      vertex -535.0526 -398.7846 58.05887
      vertex -531.9444 -406.9706 58.05887
      vertex -540.2045 -412.1731 73.6312
    endloop
  endfacet
  facet normal -0.7965158 -0.3024337 -0.5235422
    outer loop
      vertex -535.0526 -398.7846 58.05887
      vertex -540.2045 -412.1731 73.6312
      vertex -544.2656 -401.4776 73.6312
    endloop
  endfacet
  facet normal -0.6932699 -0.4876343 -0.5306502
    outer loop
      vertex -531.9444 -406.9706 58.05887
      vertex -527 -414 58.05887
      vertex -533.7444 -421.3575 73.6312
    endloop
  endfacet
  facet normal -0.6932699 -0.4876343 -0.5306502
    outer loop
      vertex -531.9444 -406.9706 58.05887
      vertex -533.7444 -421.3575 73.6312
      vertex -540.2045 -412.1731 73.6312
    endloop
  endfacet
  facet normal -0.5405651 -0.6457717 -0.5392293
    outer loop
      vertex -527 -414 58.05887
      vertex -520.5563 -419.3939 58.05887
      vertex -525.3253 -428.405 73.6312
    endloop
  endfacet
  facet normal -0.5405651 -0.6457717 -0.5392293
    outer loop
      vertex -527 -414 58.05887
      vertex -525.3253 -428.405 73.6312
      vertex -533.7444 -421.3575 73.6312
    endloop
  endfacet
  facet normal -0.3447137 -0.7628615 -0.5470053
    outer loop
      vertex -520.5563 -419.3939 58.05887
      vertex -513.0526 -422.7846 58.05887
      vertex -515.5212 -432.8352 73.6312
    endloop
  endfacet
  facet normal -0.3447137 -0.7628615 -0.5470053
    outer loop
      vertex -520.5563 -419.3939 58.05887
      vertex -515.5212 -432.8352 73.6312
      vertex -525.3253 -428.405 73.6312
    endloop
  endfacet
  facet normal -0.118574 -0.8256038 -0.5516508
    outer loop
      vertex -513.0526 -422.7846 58.05887
      vertex -505 -423.9411 58.05887
      vertex -505 -434.3462 73.6312
    endloop
  endfacet
  facet normal -0.118574 -0.8256038 -0.5516508
    outer loop
      vertex -513.0526 -422.7846 58.05887
      vertex -505 -434.3462 73.6312
      vertex -515.5212 -432.8352 73.6312
    endloop
  endfacet
  facet normal 0.118574 -0.8256038 -0.5516508
    outer loop
      vertex -505 -423.9411 58.05887
      vertex -496.9474 -422.7846 58.05887
      vertex -494.4788 -432.8352 73.6312
    endloop
  endfacet
  facet normal 0.118574 -0.8256038 -0.5516508
    outer loop
      vertex -505 -423.9411 58.05887
      vertex -494.4788 -432.8352 73.6312
      vertex -505 -434.3462 73.6312
    endloop
  endfacet
  facet normal 0.3447137 -0.7628615 -0.5470053
    outer loop
      vertex -496.9474 -422.7846 58.05887
      vertex -489.4437 -419.3939 58.05887
      vertex -484.6747 -428.405 73.6312
    endloop
  endfacet
  facet normal 0.3447137 -0.7628615 -0.5470053
    outer loop
      vertex -496.9474 -422.7846 58.05887
      vertex -484.6747 -428.405 73.6312
      vertex -494.4788 -432.8352 73.6312
    endloop
  endfacet
  facet normal 0.5405651 -0.6457717 -0.5392293
    outer loop
      vertex -489.4437 -419.3939 58.05887
      vertex -483 -414 58.05887
      vertex -476.2556 -421.3575 73.6312
    endloop
  endfacet
  facet normal 0.5405651 -0.6457717 -0.5392293
    outer loop
      vertex -489.4437 -419.3939 58.05887
      vertex -476.2556 -421.3575 73.6312
      vertex -484.6747 -428.405 73.6312
    endloop
  endfacet
  facet normal 0.6932699 -0.4876343 -0.5306502
    outer loop
      vertex -483 -414 58.05887
      vertex -478.0556 -406.9706 58.05887
      vertex -469.7955 -412.1731 73.6312
    endloop
  endfacet
  facet normal 0.6932699 -0.4876343 -0.5306502
    outer loop
      vertex -483 -414 58.05887
      vertex -469.7955 -412.1731 73.6312
      vertex -476.2556 -421.3575 73.6312
    endloop
  endfacet
  facet normal 0.7965158 -0.3024337 -0.5235422
    outer loop
      vertex -478.0556 -406.9706 58.05887
      vertex -474.9474 -398.7846 58.05887
      vertex -465.7344 -401.4776 73.6312
    endloop
  endfacet
  facet normal 0.7965158 -0.3024337 -0.5235422
    outer loop
      vertex -478.0556 -406.9706 58.05887
      vertex -465.7344 -401.4776 73.6312
      vertex -469.7955 -412.1731 73.6312
    endloop
  endfacet
  facet normal 0.8482754 -0.1023711 -0.5195662
    outer loop
      vertex -474.9474 -398.7846 58.05887
      vertex -473.8873 -390 58.05887
      vertex -464.3493 -390 73.6312
    endloop
  endfacet
  facet normal 0.8482754 -0.1023711 -0.5195662
    outer loop
      vertex -474.9474 -398.7846 58.05887
      vertex -464.3493 -390 73.6312
      vertex -465.7344 -401.4776 73.6312
    endloop
  endfacet
  facet normal 0.9769191 0.117896 -0.1781279
    outer loop
      vertex -464.3493 -390 73.6312
      vertex -465.7344 -378.5224 73.6312
      vertex -462.4993 -377.5767 92
    endloop
  endfacet
  facet normal 0.9769191 0.117896 -0.1781279
    outer loop
      vertex -464.3493 -390 73.6312
      vertex -462.4993 -377.5767 92
      vertex -461 -390 92
    endloop
  endfacet
  facet normal 0.9196181 0.3491751 -0.1799426
    outer loop
      vertex -465.7344 -378.5224 73.6312
      vertex -469.7955 -367.8269 73.6312
      vertex -466.8949 -366 92
    endloop
  endfacet
  facet normal 0.9196181 0.3491751 -0.1799426
    outer loop
      vertex -465.7344 -378.5224 73.6312
      vertex -466.8949 -366 92
      vertex -462.4993 -377.5767 92
    endloop
  endfacet
  facet normal 0.8040836 0.5655788 -0.1832215
    outer loop
      vertex -469.7955 -367.8269 73.6312
      vertex -476.2556 -358.6425 73.6312
      vertex -473.8873 -356.0589 92
    endloop
  endfacet
  facet normal 0.8040836 0.5655788 -0.1832215
    outer loop
      vertex -469.7955 -367.8269 73.6312
      vertex -473.8873 -356.0589 92
      vertex -466.8949 -366 92
    endloop
  endfacet
  facet normal 0.630528 0.7532434 -0.1872402
    outer loop
      vertex -476.2556 -358.6425 73.6312
      vertex -484.6747 -351.595 73.6312
      vertex -483 -348.4308 92
    endloop
  endfacet
  facet normal 0.630528 0.7532434 -0.1872402
    outer loop
      vertex -476.2556 -358.6425 73.6312
      vertex -483 -348.4308 92
      vertex -473.8873 -356.0589 92
    endloop
  endfacet
  facet normal 0.4042045 0.8945164 -0.1909428
    outer loop
      vertex -484.6747 -351.595 73.6312
      vertex -494.4788 -347.1648 73.6312
      vertex -493.612 -343.6356 92
    endloop
  endfacet
  facet normal 0.4042045 0.8945164 -0.1909428
    outer loop
      vertex -484.6747 -351.595 73.6312
      vertex -493.612 -343.6356 92
      vertex -483 -348.4308 92
    endloop
  endfacet
  facet normal 0.1394843 0.9711974 -0.1931832
    outer loop
      vertex -494.4788 -347.1648 73.6312
      vertex -505 -345.6538 73.6312
      vertex -505 -342 92
    endloop
  endfacet
  facet normal 0.1394843 0.9711974 -0.1931832
    outer loop
      vertex -494.4788 -347.1648 73.6312
      vertex -505 -342 92
      vertex -493.612 -343.6356 92
    endloop
  endfacet
  facet normal -0.1394843 0.9711974 -0.1931832
    outer loop
      vertex -505 -345.6538 73.6312
      vertex -515.5212 -347.1648 73.6312
      vertex -516.388 -343.6356 92
    endloop
  endfacet
  facet normal -0.1394843 0.9711974 -0.1931832
    outer loop
      vertex -505 -345.6538 73.6312
      vertex -516.388 -343.6356 92
      vertex -505 -342 92
    endloop
  endfacet
  facet normal -0.4042045 0.8945164 -0.1909428
    outer loop
      vertex -515.5212 -347.1648 73.6312
      vertex -525.3253 -351.595 73.6312
      vertex -527 -348.4308 92
    endloop
  endfacet
  facet normal -0.4042045 0.8945164 -0.1909428
    outer loop
      vertex -515.5212 -347.1648 73.6312
      vertex -527 -348.4308 92
      vertex -516.388 -343.6356 92
    endloop
  endfacet
  facet normal -0.630528 0.7532434 -0.1872402
    outer loop
      vertex -525.3253 -351.595 73.6312
      vertex -533.7444 -358.6425 73.6312
      vertex -536.1127 -356.0589 92
    endloop
  endfacet
  facet normal -0.630528 0.7532434 -0.1872402
    outer loop
      vertex -525.3253 -351.595 73.6312
      vertex -536.1127 -356.0589 92
      vertex -527 -348.4308 92
    endloop
  endfacet
  facet normal -0.8040836 0.5655788 -0.1832215
    outer loop
      vertex -533.7444 -358.6425 73.6312
      vertex -540.2045 -367.8269 73.6312
      vertex -543.1051 -366 92
    endloop
  endfacet
  facet normal -0.8040836 0.5655788 -0.1832215
    outer loop
      vertex -533.7444 -358.6425 73.6312
      vertex -543.1051 -366 92
      vertex -536.1127 -356.0589 92
    endloop
  endfacet
  facet normal -0.9196181 0.3491751 -0.1799426
    outer loop
      vertex -540.2045 -367.8269 73.6312
      vertex -544.2656 -378.5224 73.6312
      vertex -547.5007 -377.5767 92
    endloop
  endfacet
  facet normal -0.9196181 0.3491751 -0.1799426
    outer loop
      vertex -540.2045 -367.8269 73.6312
      vertex -547.5007 -377.5767 92
      vertex -543.1051 -366 92
    endloop
  endfacet
  facet normal -0.9769191 0.117896 -0.1781279
    outer loop
      vertex -544.2656 -378.5224 73.6312
      vertex -545.6507 -390 73.6312
      vertex -549 -390 92
    endloop
  endfacet
  facet normal -0.9769191 0.117896 -0.1781279
    outer loop
      vertex -544.2656 -378.5224 73.6312
      vertex -549 -390 92
      vertex -547.5007 -377.5767 92
    endloop
  endfacet
  facet normal -0.9769191 -0.117896 -0.1781279
    outer loop
      vertex -545.6507 -390 73.6312
      vertex -544.2656 -401.4776 73.6312
      vertex -547.5007 -402.4233 92
    endloop
  endfacet
  facet normal -0.9769191 -0.117896 -0.1781279
    outer loop
      vertex -545.6507 -390 73.6312
      vertex -547.5007 -402.4233 92
      vertex -549 -390 92
    endloop
  endfacet
  facet normal -0.9196181 -0.3491751 -0.1799426
    outer loop
      vertex -544.2656 -401.4776 73.6312
      vertex -540.2045 -412.1731 73.6312
      vertex -543.1051 -414 92
    endloop
  endfacet
  facet normal -0.9196181 -0.3491751 -0.1799426
    outer loop
      vertex -544.2656 -401.4776 73.6312
      vertex -543.1051 -414 92
      vertex -547.5007 -402.4233 92
    endloop
  endfacet
  facet normal -0.8040836 -0.5655788 -0.1832215
    outer loop
      vertex -540.2045 -412.1731 73.6312
      vertex -533.7444 -421.3575 73.6312
      vertex -536.1127 -423.9411 92
    endloop
  endfacet
  facet normal -0.8040836 -0.5655788 -0.1832215
    outer loop
      vertex -540.2045 -412.1731 73.6312
      vertex -536.1127 -423.9411 92
      vertex -543.1051 -414 92
    endloop
  endfacet
  facet normal -0.630528 -0.7532434 -0.1872402
    outer loop
      vertex -533.7444 -421.3575 73.6312
      vertex -525.3253 -428.405 73.6312
      vertex -527 -431.5692 92
    endloop
  endfacet
  facet normal -0.630528 -0.7532434 -0.1872402
    outer loop
      vertex -533.7444 -421.3575 73.6312
      vertex -527 -431.5692 92
      vertex -536.1127 -423.9411 92
    endloop
  endfacet
  facet normal -0.4042045 -0.8945164 -0.1909428
    outer loop
      vertex -525.3253 -428.405 73.6312
      vertex -515.5212 -432.8352 73.6312
      vertex -516.388 -436.3644 92
    endloop
  endfacet
  facet normal -0.4042045 -0.8945164 -0.1909428
    outer loop
      vertex -525.3253 -428.405 73.6312
      vertex -516.388 -436.3644 92
      vertex -527 -431.5692 92
    endloop
  endfacet
  facet normal -0.1394843 -0.9711974 -0.1931832
    outer loop
      vertex -515.5212 -432.8352 73.6312
      vertex -505 -434.3462 73.6312
      vertex -505 -438 92
    endloop
  endfacet
  facet normal -0.1394843 -0.9711974 -0.1931832
    outer loop
      vertex -515.5212 -432.8352 73.6312
      vertex -505 -438 92
      vertex -516.388 -436.3644 92
    endloop
  endfacet
  facet normal 0.1394843 -0.9711974 -0.1931832
    outer loop
      vertex -505 -434.3462 73.6312
      vertex -494.4788 -432.8352 73.6312
      vertex -493.612 -436.3644 92
    endloop
  endfacet
  facet normal 0.1394843 -0.9711974 -0.1931832
    outer loop
      vertex -505 -434.3462 73.6312
      vertex -493.612 -436.3644 92
      vertex -505 -438 92
    endloop
  endfacet
  facet normal 0.4042045 -0.8945164 -0.1909428
    outer loop
      vertex -494.4788 -432.8352 73.6312
      vertex -484.6747 -428.405 73.6312
      vertex -483 -431.5692 92
    endloop
  endfacet
  facet normal 0.4042045 -0.8945164 -0.1909428
    outer loop
      vertex -494.4788 -432.8352 73.6312
      vertex -483 -431.5692 92
      vertex -493.612 -436.3644 92
    endloop
  endfacet
  facet normal 0.630528 -0.7532434 -0.1872402
    outer loop
      vertex -484.6747 -428.405 73.6312
      vertex -476.2556 -421.3575 73.6312
      vertex -473.8873 -423.9411 92
    endloop
  endfacet
  facet normal 0.630528 -0.7532434 -0.1872402
    outer loop
      vertex -484.6747 -428.405 73.6312
      vertex -473.8873 -423.9411 92
      vertex -483 -431.5692 92
    endloop
  endfacet
  facet normal 0.8040836 -0.5655788 -0.1832215
    outer loop
      vertex -476.2556 -421.3575 73.6312
      vertex -469.7955 -412.1731 73.6312
      vertex -466.8949 -414 92
    endloop
  endfacet
  facet normal 0.8040836 -0.5655788 -0.1832215
    outer loop
      vertex -476.2556 -421.3575 73.6312
      vertex -466.8949 -414 92
      vertex -473.8873 -423.9411 92
    endloop
  endfacet
  facet normal 0.9196181 -0.3491751 -0.1799426
    outer loop
      vertex -469.7955 -412.1731 73.6312
      vertex -465.7344 -401.4776 73.6312
      vertex -462.4993 -402.4233 92
    endloop
  endfacet
  facet normal 0.9196181 -0.3491751 -0.1799426
    outer loop
      vertex -469.7955 -412.1731 73.6312
      vertex -462.4993 -402.4233 92
      vertex -466.8949 -414 92
    endloop
  endfacet
  facet normal 0.9769191 -0.117896 -0.1781279
    outer loop
      vertex -465.7344 -401.4776 73.6312
      vertex -464.3493 -390 73.6312
      vertex -461 -390 92
    endloop
  endfacet
  facet normal 0.9769191 -0.117896 -0.1781279
    outer loop
      vertex -465.7344 -401.4776 73.6312
      vertex -461 -390 92
      vertex -462.4993 -402.4233 92
    endloop
  endfacet
  facet normal 0.9769191 0.117896 0.1781279
    outer loop
      vertex -461 -390 92
      vertex -462.4993 -377.5767 92
      vertex -465.7344 -378.5224 110.3688
    endloop
  endfacet
  facet normal 0.9769191 0.117896 0.1781279
    outer loop
      vertex -461 -390 92
      vertex -465.7344 -378.5224 110.3688
      vertex -464.3493 -390 110.3688
    endloop
  endfacet
  facet normal 0.9196181 0.3491751 0.1799426
    outer loop
      vertex -462.4993 -377.5767 92
      vertex -466.8949 -366 92
      vertex -469.7955 -367.8269 110.3688
    endloop
  endfacet
  facet normal 0.9196181 0.3491751 0.1799426
    outer loop
      vertex -462.4993 -377.5767 92
      vertex -469.7955 -367.8269 110.3688
      vertex -465.7344 -378.5224 110.3688
    endloop
  endfacet
  facet normal 0.8040836 0.5655788 0.1832215
    outer loop
      vertex -466.8949 -366 92
      vertex -473.8873 -356.0589 92
      vertex -476.2556 -358.6425 110.3688
    endloop
  endfacet
  facet normal 0.8040836 0.5655788 0.1832215
    outer loop
      vertex -466.8949 -366 92
      vertex -476.2556 -358.6425 110.3688
      vertex -469.7955 -367.8269 110.3688
    endloop
  endfacet
  facet normal 0.630528 0.7532434 0.1872402
    outer loop
      vertex -473.8873 -356.0589 92
      vertex -483 -348.4308 92
      vertex -484.6747 -351.595 110.3688
    endloop
  endfacet
  facet normal 0.630528 0.7532434 0.1872402
    outer loop
      vertex -473.8873 -356.0589 92
      vertex -484.6747 -351.595 110.3688
      vertex -476.2556 -358.6425 110.3688
    endloop
  endfacet
  facet normal 0.4042045 0.8945164 0.1909428
    outer loop
      vertex -483 -348.4308 92
      vertex -493.612 -343.6356 92
      vertex -494.4788 -347.1648 110.3688
    endloop
  endfacet
  facet normal 0.4042045 0.8945164 0.1909428
    outer loop
      vertex -483 -348.4308 92
      vertex -494.4788 -347.1648 110.3688
      vertex -484.6747 -351.595 110.3688
    endloop
  endfacet
  facet normal 0.1394843 0.9711974 0.1931832
    outer loop
      vertex -493.612 -343.6356 92
      vertex -505 -342 92
      vertex -505 -345.6538 110.3688
    endloop
  endfacet
  facet normal 0.1394843 0.9711974 0.1931832
    outer loop
      vertex -493.612 -343.6356 92
      vertex -505 -345.6538 110.3688
      vertex -494.4788 -347.1648 110.3688
    endloop
  endfacet
  facet normal -0.1394843 0.9711974 0.1931832
    outer loop
      vertex -505 -342 92
      vertex -516.388 -343.6356 92
      vertex -515.5212 -347.1648 110.3688
    endloop
  endfacet
  facet normal -0.1394843 0.9711974 0.1931832
    outer loop
      vertex -505 -342 92
      vertex -515.5212 -347.1648 110.3688
      vertex -505 -345.6538 110.3688
    endloop
  endfacet
  facet normal -0.4042045 0.8945164 0.1909428
    outer loop
      vertex -516.388 -343.6356 92
      vertex -527 -348.4308 92
      vertex -525.3253 -351.595 110.3688
    endloop
  endfacet
  facet normal -0.4042045 0.8945164 0.1909428
    outer loop
      vertex -516.388 -343.6356 92
      vertex -525.3253 -351.595 110.3688
      vertex -515.5212 -347.1648 110.3688
    endloop
  endfacet
  facet normal -0.630528 0.7532434 0.1872402
    outer loop
      vertex -527 -348.4308 92
      vertex -536.1127 -356.0589 92
      vertex -533.7444 -358.6425 110.3688
    endloop
  endfacet
  facet normal -0.630528 0.7532434 0.1872402
    outer loop
      vertex -527 -348.4308 92
      vertex -533.7444 -358.6425 110.3688
      vertex -525.3253 -351.595 110.3688
    endloop
  endfacet
  facet normal -0.8040836 0.5655788 0.1832215
    outer loop
      vertex -536.1127 -356.0589 92
      vertex -543.1051 -366 92
      vertex -540.2045 -367.8269 110.3688
    endloop
  endfacet
  facet normal -0.8040836 0.5655788 0.1832215
    outer loop
      vertex -536.1127 -356.0589 92
      vertex -540.2045 -367.8269 110.3688
      vertex -533.7444 -358.6425 110.3688
    endloop
  endfacet
  facet normal -0.9196181 0.3491751 0.1799426
    outer loop
      vertex -543.1051 -366 92
      vertex -547.5007 -377.5767 92
      vertex -544.2656 -378.5224 110.3688
    endloop
  endfacet
  facet normal -0.9196181 0.3491751 0.1799426
    outer loop
      vertex -543.1051 -366 92
      vertex -544.2656 -378.5224 110.3688
      vertex -540.2045 -367.8269 110.3688
    endloop
  endfacet
  facet normal -0.9769191 0.117896 0.1781279
    outer loop
      vertex -547.5007 -377.5767 92
      vertex -549 -390 92
      vertex -545.6507 -390 110.3688
    endloop
  endfacet
  facet normal -0.9769191 0.117896 0.1781279
    outer loop
      vertex -547.5007 -377.5767 92
      vertex -545.6507 -390 110.3688
      vertex -544.2656 -378.5224 110.3688
    endloop
  endfacet
  facet normal -0.9769191 -0.117896 0.1781279
    outer loop
      vertex -549 -390 92
      vertex -547.5007 -402.4233 92
      vertex -544.2656 -401.4776 110.3688
    endloop
  endfacet
  facet normal -0.9769191 -0.117896 0.1781279
    outer loop
      vertex -549 -390 92
      vertex -544.2656 -401.4776 110.3688
      vertex -545.6507 -390 110.3688
    endloop
  endfacet
  facet normal -0.9196181 -0.3491751 0.1799426
    outer loop
      vertex -547.5007 -402.4233 92
      vertex -543.1051 -414 92
      vertex -540.2045 -412.1731 110.3688
    endloop
  endfacet
  facet normal -0.9196181 -0.3491751 0.1799426
    outer loop
      vertex -547.5007 -402.4233 92
      vertex -540.2045 -412.1731 110.3688
      vertex -544.2656 -401.4776 110.3688
    endloop
  endfacet
  facet normal -0.8040836 -0.5655788 0.1832215
    outer loop
      vertex -543.1051 -414 92
      vertex -536.1127 -423.9411 92
      vertex -533.7444 -421.3575 110.3688
    endloop
  endfacet
  facet normal -0.8040836 -0.5655788 0.1832215
    outer loop
      vertex -543.1051 -414 92
      vertex -533.7444 -421.3575 110.3688
      vertex -540.2045 -412.1731 110.3688
    endloop
  endfacet
  facet normal -0.630528 -0.7532434 0.1872402
    outer loop
      vertex -536.1127 -423.9411 92
      vertex -527 -431.5692 92
      vertex -525.3253 -428.405 110.3688
    endloop
  endfacet
  facet normal -0.630528 -0.7532434 0.1872402
    outer loop
      vertex -536.1127 -423.9411 92
      vertex -525.3253 -428.405 110.3688
      vertex -533.7444 -421.3575 110.3688
    endloop
  endfacet
  facet normal -0.4042045 -0.8945164 0.1909428
    outer loop
      vertex -527 -431.5692 92
      vertex -516.388 -436.3644 92
      vertex -515.5212 -432.8352 110.3688
    endloop
  endfacet
  facet normal -0.4042045 -0.8945164 0.1909428
    outer loop
      vertex -527 -431.5692 92
      vertex -515.5212 -432.8352 110.3688
      vertex -525.3253 -428.405 110.3688
    endloop
  endfacet
  facet normal -0.1394843 -0.9711974 0.1931832
    outer loop
      vertex -516.388 -436.3644 92
      vertex -505 -438 92
      vertex -505 -434.3462 110.3688
    endloop
  endfacet
  facet normal -0.1394843 -0.9711974 0.1931832
    outer loop
      vertex -516.388 -436.3644 92
      vertex -505 -434.3462 110.3688
      vertex -515.5212 -432.8352 110.3688
    endloop
  endfacet
  facet normal 0.1394843 -0.9711974 0.1931832
    outer loop
      vertex -505 -438 92
      vertex -493.612 -436.3644 92
      vertex -494.4788 -432.8352 110.3688
    endloop
  endfacet
  facet normal 0.1394843 -0.9711974 0.1931832
    outer loop
      vertex -505 -438 92
      vertex -494.4788 -432.8352 110.3688
      vertex -505 -434.3462 110.3688
    endloop
  endfacet
  facet normal 0.4042045 -0.8945164 0.1909428
    outer loop
      vertex -493.612 -436.3644 92
      vertex -483 -431.5692 92
      vertex -484.6747 -428.405 110.3688
    endloop
  endfacet
  facet normal 0.4042045 -0.8945164 0.1909428
    outer loop
      vertex -493.612 -436.3644 92
      vertex -484.6747 -428.405 110.3688
      vertex -494.4788 -432.8352 110.3688
    endloop
  endfacet
  facet normal 0.630528 -0.7532434 0.1872402
    outer loop
      vertex -483 -431.5692 92
      vertex -473.8873 -423.9411 92
      vertex -476.2556 -421.3575 110.3688
    endloop
  endfacet
  facet normal 0.630528 -0.7532434 0.1872402
    outer loop
      vertex -483 -431.5692 92
      vertex -476.2556 -421.3575 110.3688
      vertex -484.6747 -428.405 110.3688
    endloop
  endfacet
  facet normal 0.8040836 -0.5655788 0.1832215
    outer loop
      vertex -473.8873 -423.9411 92
      vertex -466.8949 -414 92
      vertex -469.7955 -412.1731 110.3688
    endloop
  endfacet
  facet normal 0.8040836 -0.5655788 0.1832215
    outer loop
      vertex -473.8873 -423.9411 92
      vertex -469.7955 -412.1731 110.3688
      vertex -476.2556 -421.3575 110.3688
    endloop
  endfacet
  facet normal 0.9196181 -0.3491751 0.1799426
    outer loop
      vertex -466.8949 -414 92
      vertex -462.4993 -402.4233 92
      vertex -465.7344 -401.4776 110.3688
    endloop
  endfacet
  facet normal 0.9196181 -0.3491751 0.1799426
    outer loop
      vertex -466.8949 -414 92
      vertex -465.7344 -401.4776 110.3688
      vertex -469.7955 -412.1731 110.3688
    endloop
  endfacet
  facet normal 0.9769191 -0.117896 0.1781279
    outer loop
      vertex -462.4993 -402.4233 92
      vertex -461 -390 92
      vertex -464.3493 -390 110.3688
    endloop
  endfacet
  facet normal 0.9769191 -0.117896 0.1781279
    outer loop
      vertex -462.4993 -402.4233 92
      vertex -464.3493 -390 110.3688
      vertex -465.7344 -401.4776 110.3688
    endloop
  endfacet
  facet normal 0.8482754 0.1023711 0.5195662
    outer loop
      vertex -464.3493 -390 110.3688
      vertex -465.7344 -378.5224 110.3688
      vertex -474.9474 -381.2154 125.9411
    endloop
  endfacet
  facet normal 0.8482754 0.1023711 0.5195662
    outer loop
      vertex -464.3493 -390 110.3688
      vertex -474.9474 -381.2154 125.9411
      vertex -473.8873 -390 125.9411
    endloop
  endfacet
  facet normal 0.7965158 0.3024337 0.5235422
    outer loop
      vertex -465.7344 -378.5224 110.3688
      vertex -469.7955 -367.8269 110.3688
      vertex -478.0556 -373.0294 125.9411
    endloop
  endfacet
  facet normal 0.7965158 0.3024337 0.5235422
    outer loop
      vertex -465.7344 -378.5224 110.3688
      vertex -478.0556 -373.0294 125.9411
      vertex -474.9474 -381.2154 125.9411
    endloop
  endfacet
  facet normal 0.6932699 0.4876343 0.5306502
    outer loop
      vertex -469.7955 -367.8269 110.3688
      vertex -476.2556 -358.6425 110.3688
      vertex -483 -366 125.9411
    endloop
  endfacet
  facet normal 0.6932699 0.4876343 0.5306502
    outer loop
      vertex -469.7955 -367.8269 110.3688
      vertex -483 -366 125.9411
      vertex -478.0556 -373.0294 125.9411
    endloop
  endfacet
  facet normal 0.5405651 0.6457717 0.5392293
    outer loop
      vertex -476.2556 -358.6425 110.3688
      vertex -484.6747 -351.595 110.3688
      vertex -489.4437 -360.6061 125.9411
    endloop
  endfacet
  facet normal 0.5405651 0.6457717 0.5392293
    outer loop
      vertex -476.2556 -358.6425 110.3688
      vertex -489.4437 -360.6061 125.9411
      vertex -483 -366 125.9411
    endloop
  endfacet
  facet normal 0.3447137 0.7628615 0.5470053
    outer loop
      vertex -484.6747 -351.595 110.3688
      vertex -494.4788 -347.1648 110.3688
      vertex -496.9474 -357.2154 125.9411
    endloop
  endfacet
  facet normal 0.3447137 0.7628615 0.5470053
    outer loop
      vertex -484.6747 -351.595 110.3688
      vertex -496.9474 -357.2154 125.9411
      vertex -489.4437 -360.6061 125.9411
    endloop
  endfacet
  facet normal 0.118574 0.8256038 0.5516508
    outer loop
      vertex -494.4788 -347.1648 110.3688
      vertex -505 -345.6538 110.3688
      vertex -505 -356.0589 125.9411
    endloop
  endfacet
  facet normal 0.118574 0.8256038 0.5516508
    outer loop
      vertex -494.4788 -347.1648 110.3688
      vertex -505 -356.0589 125.9411
      vertex -496.9474 -357.2154 125.9411
    endloop
  endfacet
  facet normal -0.118574 0.8256038 0.5516508
    outer loop
      vertex -505 -345.6538 110.3688
      vertex -515.5212 -347.1648 110.3688
      vertex -513.0526 -357.2154 125.9411
    endloop
  endfacet
  facet normal -0.118574 0.8256038 0.5516508
    outer loop
      vertex -505 -345.6538 110.3688
      vertex -513.0526 -357.2154 125.9411
      vertex -505 -356.0589 125.9411
    endloop
  endfacet
  facet normal -0.3447137 0.7628615 0.5470053
    outer loop
      vertex -515.5212 -347.1648 110.3688
      vertex -525.3253 -351.595 110.3688
      vertex -520.5563 -360.6061 125.9411
    endloop
  endfacet
  facet normal -0.3447137 0.7628615 0.5470053
    outer loop
      vertex -515.5212 -347.1648 110.3688
      vertex -520.5563 -360.6061 125.9411
      vertex -513.0526 -357.2154 125.9411
    endloop
  endfacet
  facet normal -0.5405651 0.6457717 0.5392293
    outer loop
      vertex -525.3253 -351.595 110.3688
      vertex -533.7444 -358.6425 110.3688
      vertex -527 -366 125.9411
    endloop
  endfacet
  facet normal -0.5405651 0.6457717 0.5392293
    outer loop
      vertex -525.3253 -351.595 110.3688
      vertex -527 -366 125.9411
      vertex -520.5563 -360.6061 125.9411
    endloop
  endfacet
  facet normal -0.6932699 0.4876343 0.5306502
    outer loop
      vertex -533.7444 -358.6425 110.3688
      vertex -540.2045 -367.8269 110.3688
      vertex -531.9444 -373.0294 125.9411
    endloop
  endfacet
  facet normal -0.6932699 0.4876343 0.5306502
    outer loop
      vertex -533.7444 -358.6425 110.3688
      vertex -531.9444 -373.0294 125.9411
      vertex -527 -366 125.9411
    endloop
  endfacet
  facet normal -0.7965158 0.3024337 0.5235422
    outer loop
      vertex -540.2045 -367.8269 110.3688
      vertex -544.2656 -378.5224 110.3688
      vertex -535.0526 -381.2154 125.9411
    endloop
  endfacet
  facet normal -0.7965158 0.3024337 0.5235422
    outer loop
      vertex -540.2045 -367.8269 110.3688
      vertex -535.0526 -381.2154 125.9411
      vertex -531.9444 -373.0294 125.9411
    endloop
  endfacet
  facet normal -0.8482754 0.1023711 0.5195662
    outer loop
      vertex -544.2656 -378.5224 110.3688
      vertex -545.6507 -390 110.3688
      vertex -536.1127 -390 125.9411
    endloop
  endfacet
  facet normal -0.8482754 0.1023711 0.5195662
    outer loop
      vertex -544.2656 -378.5224 110.3688
      vertex -536.1127 -390 125.9411
      vertex -535.0526 -381.2154 125.9411
    endloop
  endfacet
  facet normal -0.8482754 -0.1023711 0.5195662
    outer loop
      vertex -545.6507 -390 110.3688
      vertex -544.2656 -401.4776 110.3688
      vertex -535.0526 -398.7846 125.9411
    endloop
  endfacet
  facet normal -0.8482754 -0.1023711 0.5195662
    outer loop
      vertex -545.6507 -390 110.3688
      vertex -535.0526 -398.7846 125.9411
      vertex -536.1127 -390 125.9411
    endloop
  endfacet
  facet normal -0.7965158 -0.3024337 0.5235422
    outer loop
      vertex -544.2656 -401.4776 110.3688
      vertex -540.2045 -412.1731 110.3688
      vertex -531.9444 -406.9706 125.9411
    endloop
  endfacet
  facet normal -0.7965158 -0.3024337 0.5235422
    outer loop
      vertex -544.2656 -401.4776 110.3688
      vertex -531.9444 -406.9706 125.9411
      vertex -535.0526 -398.7846 125.9411
    endloop
  endfacet
  facet normal -0.6932699 -0.4876343 0.5306502
    outer loop
      vertex -540.2045 -412.1731 110.3688
      vertex -533.7444 -421.3575 110.3688
      vertex -527 -414 125.9411
    endloop
  endfacet
  facet normal -0.6932699 -0.4876343 0.5306502
    outer loop
      vertex -540.2045 -412.1731 110.3688
      vertex -527 -414 125.9411
      vertex -531.9444 -406.9706 125.9411
    endloop
  endfacet
  facet normal -0.5405651 -0.6457717 0.5392293
    outer loop
      vertex -533.7444 -421.3575 110.3688
      vertex -525.3253 -428.405 110.3688
      vertex -520.5563 -419.3939 125.9411
    endloop
  endfacet
  facet normal -0.5405651 -0.6457717 0.5392293
    outer loop
      vertex -533.7444 -421.3575 110.3688
      vertex -520.5563 -419.3939 125.9411
      vertex -527 -414 125.9411
    endloop
  endfacet
  facet normal -0.3447137 -0.7628615 0.5470053
    outer loop
      vertex -525.3253 -428.405 110.3688
      vertex -515.5212 -432.8352 110.3688
      vertex -513.0526 -422.7846 125.9411
    endloop
  endfacet
  facet normal -0.3447137 -0.7628615 0.5470053
    outer loop
      vertex -525.3253 -428.405 110.3688
      vertex -513.0526 -422.7846 125.9411
      vertex -520.5563 -419.3939 125.9411
    endloop
  endfacet
  facet normal -0.118574 -0.8256038 0.5516508
    outer loop
      vertex -515.5212 -432.8352 110.3688
      vertex -505 -434.3462 110.3688
      vertex -505 -423.9411 125.9411
    endloop
  endfacet
  facet normal -0.118574 -0.8256038 0.5516508
    outer loop
      vertex -515.5212 -432.8352 110.3688
      vertex -505 -423.9411 125.9411
      vertex -513.0526 -422.7846 125.9411
    endloop
  endfacet
  facet normal 0.118574 -0.8256038 0.5516508
    outer loop
      vertex -505 -434.3462 110.3688
      vertex -494.4788 -432.8352 110.3688
      vertex -496.9474 -422.7846 125.9411
    endloop
  endfacet
  facet normal 0.118574 -0.8256038 0.5516508
    outer loop
      vertex -505 -434.3462 110.3688
      vertex -496.9474 -422.7846 125.9411
      vertex -505 -423.9411 125.9411
    endloop
  endfacet
  facet normal 0.3447137 -0.7628615 0.5470053
    outer loop
      vertex -494.4788 -432.8352 110.3688
      vertex -484.6747 -428.405 110.3688
      vertex -489.4437 -419.3939 125.9411
    endloop
  endfacet
  facet normal 0.3447137 -0.7628615 0.5470053
    outer loop
      vertex -494.4788 -432.8352 110.3688
      vertex -489.4437 -419.3939 125.9411
      vertex -496.9474 -422.7846 125.9411
    endloop
  endfacet
  facet normal 0.5405651 -0.6457717 0.5392293
    outer loop
      vertex -484.6747 -428.405 110.3688
      vertex -476.2556 -421.3575 110.3688
      vertex -483 -414 125.9411
    endloop
  endfacet
  facet normal 0.5405651 -0.6457717 0.5392293
    outer loop
      vertex -484.6747 -428.405 110.3688
      vertex -483 -414 125.9411
      vertex -489.4437 -419.3939 125.9411
    endloop
  endfacet
  facet normal 0.6932699 -0.4876343 0.5306502
    outer loop
      vertex -476.2556 -421.3575 110.3688
      vertex -469.7955 -412.1731 110.3688
      vertex -478.0556 -406.9706 125.9411
    endloop
  endfacet
  facet normal 0.6932699 -0.4876343 0.5306502
    outer loop
      vertex -476.2556 -421.3575 110.3688
      vertex -478.0556 -406.9706 125.9411
      vertex -483 -414 125.9411
    endloop
  endfacet
  facet normal 0.7965158 -0.3024337 0.5235422
    outer loop
      vertex -469.7955 -412.1731 110.3688
      vertex -465.7344 -401.4776 110.3688
      vertex -474.9474 -398.7846 125.9411
    endloop
  endfacet
  facet normal 0.7965158 -0.3024337 0.5235422
    outer loop
      vertex -469.7955 -412.1731 110.3688
      vertex -474.9474 -398.7846 125.9411
      vertex -478.0556 -406.9706 125.9411
    endloop
  endfacet
  facet normal 0.8482754 -0.1023711 0.5195662
    outer loop
      vertex -465.7344 -401.4776 110.3688
      vertex -464.3493 -390 110.3688
      vertex -473.8873 -390 125.9411
    endloop
  endfacet
  facet normal 0.8482754 -0.1023711 0.5195662
    outer loop
      vertex -465.7344 -401.4776 110.3688
      vertex -473.8873 -390 125.9411
      vertex -474.9474 -398.7846 125.9411
    endloop
  endfacet
  facet normal 0.5875605 0.07090765 0.8060675
    outer loop
      vertex -473.8873 -390 125.9411
      vertex -474.9474 -381.2154 125.9411
      vertex -488.7357 -385.2458 136.3462
    endloop
  endfacet
  facet normal 0.5875605 0.07090765 0.8060675
    outer loop
      vertex -473.8873 -390 125.9411
      vertex -488.7357 -385.2458 136.3462
      vertex -488.1619 -390 136.3462
    endloop
  endfacet
  facet normal 0.5495174 0.2086494 0.8090093
    outer loop
      vertex -474.9474 -381.2154 125.9411
      vertex -478.0556 -373.0294 125.9411
      vertex -490.4178 -380.8156 136.3462
    endloop
  endfacet
  facet normal 0.5495174 0.2086494 0.8090093
    outer loop
      vertex -474.9474 -381.2154 125.9411
      vertex -490.4178 -380.8156 136.3462
      vertex -488.7357 -385.2458 136.3462
    endloop
  endfacet
  facet normal 0.4748983 0.3340354 0.8141818
    outer loop
      vertex -478.0556 -373.0294 125.9411
      vertex -483 -366 125.9411
      vertex -493.0937 -377.0113 136.3462
    endloop
  endfacet
  facet normal 0.4748983 0.3340354 0.8141818
    outer loop
      vertex -478.0556 -373.0294 125.9411
      vertex -493.0937 -377.0113 136.3462
      vertex -490.4178 -380.8156 136.3462
    endloop
  endfacet
  facet normal 0.3671315 0.4385838 0.8202796
    outer loop
      vertex -483 -366 125.9411
      vertex -489.4437 -360.6061 125.9411
      vertex -496.581 -374.0921 136.3462
    endloop
  endfacet
  facet normal 0.3671315 0.4385838 0.8202796
    outer loop
      vertex -483 -366 125.9411
      vertex -496.581 -374.0921 136.3462
      vertex -493.0937 -377.0113 136.3462
    endloop
  endfacet
  facet normal 0.2323059 0.5140997 0.8256728
    outer loop
      vertex -489.4437 -360.6061 125.9411
      vertex -496.9474 -357.2154 125.9411
      vertex -500.642 -372.2571 136.3462
    endloop
  endfacet
  facet normal 0.2323059 0.5140997 0.8256728
    outer loop
      vertex -489.4437 -360.6061 125.9411
      vertex -500.642 -372.2571 136.3462
      vertex -496.581 -374.0921 136.3462
    endloop
  endfacet
  facet normal 0.0795387 0.5538101 0.8288353
    outer loop
      vertex -496.9474 -357.2154 125.9411
      vertex -505 -356.0589 125.9411
      vertex -505 -371.6312 136.3462
    endloop
  endfacet
  facet normal 0.0795387 0.5538101 0.8288353
    outer loop
      vertex -496.9474 -357.2154 125.9411
      vertex -505 -371.6312 136.3462
      vertex -500.642 -372.2571 136.3462
    endloop
  endfacet
  facet normal -0.0795387 0.5538101 0.8288353
    outer loop
      vertex -505 -356.0589 125.9411
      vertex -513.0526 -357.2154 125.9411
      vertex -509.358 -372.2571 136.3462
    endloop
  endfacet
  facet normal -0.0795387 0.5538101 0.8288353
    outer loop
      vertex -505 -356.0589 125.9411
      vertex -509.358 -372.2571 136.3462
      vertex -505 -371.6312 136.3462
    endloop
  endfacet
  facet normal -0.2323059 0.5140997 0.8256728
    outer loop
      vertex -513.0526 -357.2154 125.9411
      vertex -520.5563 -360.6061 125.9411
      vertex -513.419 -374.0921 136.3462
    endloop
  endfacet
  facet normal -0.2323059 0.5140997 0.8256728
    outer loop
      vertex -513.0526 -357.2154 125.9411
      vertex -513.419 -374.0921 136.3462
      vertex -509.358 -372.2571 136.3462
    endloop
  endfacet
  facet normal -0.3671315 0.4385838 0.8202796
    outer loop
      vertex -520.5563 -360.6061 125.9411
      vertex -527 -366 125.9411
      vertex -516.9063 -377.0113 136.3462
    endloop
  endfacet
  facet normal -0.3671315 0.4385838 0.8202796
    outer loop
      vertex -520.5563 -360.6061 125.9411
      vertex -516.9063 -377.0113 136.3462
      vertex -513.419 -374.0921 136.3462
    endloop
  endfacet
  facet normal -0.4748983 0.3340354 0.8141818
    outer loop
      vertex -527 -366 125.9411
      vertex -531.9444 -373.0294 125.9411
      vertex -519.5822 -380.8156 136.3462
    endloop
  endfacet
  facet normal -0.4748983 0.3340354 0.8141818
    outer loop
      vertex -527 -366 125.9411
      vertex -519.5822 -380.8156 136.3462
      vertex -516.9063 -377.0113 136.3462
    endloop
  endfacet
  facet normal -0.5495174 0.2086494 0.8090093
    outer loop
      vertex -531.9444 -373.0294 125.9411
      vertex -535.0526 -381.2154 125.9411
      vertex -521.2643 -385.2458 136.3462
    endloop
  endfacet
  facet normal -0.5495174 0.2086494 0.8090093
    outer loop
      vertex -531.9444 -373.0294 125.9411
      vertex -521.2643 -385.2458 136.3462
      vertex -519.5822 -380.8156 136.3462
    endloop
  endfacet
  facet normal -0.5875605 0.07090765 0.8060675
    outer loop
      vertex -535.0526 -381.2154 125.9411
      vertex -536.1127 -390 125.9411
      vertex -521.8381 -390 136.3462
    endloop
  endfacet
  facet normal -0.5875605 0.07090765 0.8060675
    outer loop
      vertex -535.0526 -381.2154 125.9411
      vertex -521.8381 -390 136.3462
      vertex -521.2643 -385.2458 136.3462
    endloop
  endfacet
  facet normal -0.5875605 -0.07090765 0.8060675
    outer loop
      vertex -536.1127 -390 125.9411
      vertex -535.0526 -398.7846 125.9411
      vertex -521.2643 -394.7542 136.3462
    endloop
  endfacet
  facet normal -0.5875605 -0.07090765 0.8060675
    outer loop
      vertex -536.1127 -390 125.9411
      vertex -521.2643 -394.7542 136.3462
      vertex -521.8381 -390 136.3462
    endloop
  endfacet
  facet normal -0.5495174 -0.2086494 0.8090093
    outer loop
      vertex -535.0526 -398.7846 125.9411
      vertex -531.9444 -406.9706 125.9411
      vertex -519.5822 -399.1844 136.3462
    endloop
  endfacet
  facet normal -0.5495174 -0.2086494 0.8090093
    outer loop
      vertex -535.0526 -398.7846 125.9411
      vertex -519.5822 -399.1844 136.3462
      vertex -521.2643 -394.7542 136.3462
    endloop
  endfacet
  facet normal -0.4748983 -0.3340354 0.8141818
    outer loop
      vertex -531.9444 -406.9706 125.9411
      vertex -527 -414 125.9411
      vertex -516.9063 -402.9887 136.3462
    endloop
  endfacet
  facet normal -0.4748983 -0.3340354 0.8141818
    outer loop
      vertex -531.9444 -406.9706 125.9411
      vertex -516.9063 -402.9887 136.3462
      vertex -519.5822 -399.1844 136.3462
    endloop
  endfacet
  facet normal -0.3671315 -0.4385838 0.8202796
    outer loop
      vertex -527 -414 125.9411
      vertex -520.5563 -419.3939 125.9411
      vertex -513.419 -405.9079 136.3462
    endloop
  endfacet
  facet normal -0.3671315 -0.4385838 0.8202796
    outer loop
      vertex -527 -414 125.9411
      vertex -513.419 -405.9079 136.3462
      vertex -516.9063 -402.9887 136.3462
    endloop
  endfacet
  facet normal -0.2323059 -0.5140997 0.8256728
    outer loop
      vertex -520.5563 -419.3939 125.9411
      vertex -513.0526 -422.7846 125.9411
      vertex -509.358 -407.7429 136.3462
    endloop
  endfacet
  facet normal -0.2323059 -0.5140997 0.8256728
    outer loop
      vertex -520.5563 -419.3939 125.9411
      vertex -509.358 -407.7429 136.3462
      vertex -513.419 -405.9079 136.3462
    endloop
  endfacet
  facet normal -0.0795387 -0.5538101 0.8288353
    outer loop
      vertex -513.0526 -422.7846 125.9411
      vertex -505 -423.9411 125.9411
      vertex -505 -408.3688 136.3462
    endloop
  endfacet
  facet normal -0.0795387 -0.5538101 0.8288353
    outer loop
      vertex -513.0526 -422.7846 125.9411
      vertex -505 -408.3688 136.3462
      vertex -509.358 -407.7429 136.3462
    endloop
  endfacet
  facet normal 0.0795387 -0.5538101 0.8288353
    outer loop
      vertex -505 -423.9411 125.9411
      vertex -496.9474 -422.7846 125.9411
      vertex -500.642 -407.7429 136.3462
    endloop
  endfacet
  facet normal 0.0795387 -0.5538101 0.8288353
    outer loop
      vertex -505 -423.9411 125.9411
      vertex -500.642 -407.7429 136.3462
      vertex -505 -408.3688 136.3462
    endloop
  endfacet
  facet normal 0.2323059 -0.5140997 0.8256728
    outer loop
      vertex -496.9474 -422.7846 125.9411
      vertex -489.4437 -419.3939 125.9411
      vertex -496.581 -405.9079 136.3462
    endloop
  endfacet
  facet normal 0.2323059 -0.5140997 0.8256728
    outer loop
      vertex -496.9474 -422.7846 125.9411
      vertex -496.581 -405.9079 136.3462
      vertex -500.642 -407.7429 136.3462
    endloop
  endfacet
  facet normal 0.3671315 -0.4385838 0.8202796
    outer loop
      vertex -489.4437 -419.3939 125.9411
      vertex -483 -414 125.9411
      vertex -493.0937 -402.9887 136.3462
    endloop
  endfacet
  facet normal 0.3671315 -0.4385838 0.8202796
    outer loop
      vertex -489.4437 -419.3939 125.9411
      vertex -493.0937 -402.9887 136.3462
      vertex -496.581 -405.9079 136.3462
    endloop
  endfacet
  facet normal 0.4748983 -0.3340354 0.8141818
    outer loop
      vertex -483 -414 125.9411
      vertex -478.0556 -406.9706 125.9411
      vertex -490.4178 -399.1844 136.3462
    endloop
  endfacet
  facet normal 0.4748983 -0.3340354 0.8141818
    outer loop
      vertex -483 -414 125.9411
      vertex -490.4178 -399.1844 136.3462
      vertex -493.0937 -402.9887 136.3462
    endloop
  endfacet
  facet normal 0.5495174 -0.2086494 0.8090093
    outer loop
      vertex -478.0556 -406.9706 125.9411
      vertex -474.9474 -398.7846 125.9411
      vertex -488.7357 -394.7542 136.3462
    endloop
  endfacet
  facet normal 0.5495174 -0.2086494 0.8090093
    outer loop
      vertex -478.0556 -406.9706 125.9411
      vertex -488.7357 -394.7542 136.3462
      vertex -490.4178 -399.1844 136.3462
    endloop
  endfacet
  facet normal 0.5875605 -0.07090765 0.8060675
    outer loop
      vertex -474.9474 -398.7846 125.9411
      vertex -473.8873 -390 125.9411
      vertex -488.1619 -390 136.3462
    endloop
  endfacet
  facet normal 0.5875605 -0.07090765 0.8060675
    outer loop
      vertex -474.9474 -398.7846 125.9411
      vertex -488.1619 -390 136.3462
      vertex -488.7357 -394.7542 136.3462
    endloop
  endfacet
  facet normal 0.2119907 0.02558335 0.9769368
    outer loop
      vertex -488.1619 -390 136.3462
      vertex -488.7357 -385.2458 136.3462
      vertex -505 -390 140
    endloop
  endfacet
  facet normal 0 0 0
    outer loop
      vertex -488.1619 -390 136.3462
      vertex -505 -390 140
      vertex -505 -390 140
    endloop
  endfacet
  facet normal 0.1976373 0.07504204 0.9773987
    outer loop
      vertex -488.7357 -385.2458 136.3462
      vertex -490.4178 -380.8156 136.3462
      vertex -505 -390 140
    endloop
  endfacet
  facet normal 0 0 0
    outer loop
      vertex -488.7357 -385.2458 136.3462
      vertex -505 -390 140
      vertex -505 -390 140
    endloop
  endfacet
  facet normal 0.1698542 0.1194726 0.9782003
    outer loop
      vertex -490.4178 -380.8156 136.3462
      vertex -493.0937 -377.0113 136.3462
      vertex -505 -390 140
    endloop
  endfacet
  facet normal 0 0 0
    outer loop
      vertex -490.4178 -380.8156 136.3462
      vertex -505 -390 140
      vertex -505 -390 140
    endloop
  endfacet
  facet normal 0.1304574 0.1558474 0.9791284
    outer loop
      vertex -493.0937 -377.0113 136.3462
      vertex -496.581 -374.0921 136.3462
      vertex -505 -390 140
    endloop
  endfacet
  facet normal 0 0 0
    outer loop
      vertex -493.0937 -377.0113 136.3462
      vertex -505 -390 140
      vertex -505 -390 140
    endloop
  endfacet
  facet normal 0.08207642 0.1816375 0.9799343
    outer loop
      vertex -496.581 -374.0921 136.3462
      vertex -500.642 -372.2571 136.3462
      vertex -505 -390 140
    endloop
  endfacet
  facet normal 0 0 0
    outer loop
      vertex -496.581 -374.0921 136.3462
      vertex -505 -390 140
      vertex -505 -390 140
    endloop
  endfacet
  facet normal 0.02800806 0.1950138 0.9804005
    outer loop
      vertex -500.642 -372.2571 136.3462
      vertex -505 -371.6312 136.3462
      vertex -505 -390 140
    endloop
  endfacet
  facet normal 0 0 0
    outer loop
      vertex -500.642 -372.2571 136.3462
      vertex -505 -390 140
      vertex -505 -390 140
    endloop
  endfacet
  facet normal -0.02800806 0.1950138 0.9804005
    outer loop
      vertex -505 -371.6312 136.3462
      vertex -509.358 -372.2571 136.3462
      vertex -505 -390 140
    endloop
  endfacet
  facet normal 0 0 0
    outer loop
      vertex -505 -371.6312 136.3462
      vertex -505 -390 140
      vertex -505 -390 140
    endloop
  endfacet
  facet normal -0.08207642 0.1816375 0.9799343
    outer loop
      vertex -509.358 -372.2571 136.3462
      vertex -513.419 -374.0921 136.3462
      vertex -505 -390 140
    endloop
  endfacet
  facet normal 0 0 0
    outer loop
      vertex -509.358 -372.2571 136.3462
      vertex -505 -390 140
      vertex -505 -390 140
    endloop
  endfacet
  facet normal -0.1304574 0.1558474 0.9791284
    outer loop
      vertex -513.419 -374.0921 136.3462
      vertex -516.9063 -377.0113 136.3462
      vertex -505 -390 140
    endloop
  endfacet
  facet normal 0 0 0
    outer loop
      vertex -513.419 -374.0921 136.3462
      vertex -505 -390 140
      vertex -505 -390 140
    endloop
  endfacet
  facet normal -0.1698542 0.1194726 0.9782003
    outer loop
      vertex -516.9063 -377.0113 136.3462
      vertex -519.5822 -380.8156 136.3462
      vertex -505 -390 140
    endloop
  endfacet
  facet normal 0 0 0
    outer loop
      vertex -516.9063 -377.0113 136.3462
      vertex -505 -390 140
      vertex -505 -390 140
    endloop
  endfacet
  facet normal -0.1976373 0.07504204 0.9773987
    outer loop
      vertex -519.5822 -380.8156 136.3462
      vertex -521.2643 -385.2458 136.3462
      vertex -505 -390 140
    endloop
  endfacet
  facet normal 0 0 0
    outer loop
      vertex -519.5822 -380.8156 136.3462
      vertex -505 -390 140
      vertex -505 -390 140
    endloop
  endfacet
  facet normal -0.2119907 0.02558335 0.9769368
    outer loop
      vertex -521.2643 -385.2458 136.3462
      vertex -521.8381 -390 136.3462
      vertex -505 -390 140
    endloop
  endfacet
  facet normal 0 0 0
    outer loop
      vertex -521.2643 -385.2458 136.3462
      vertex -505 -390 140
      vertex -505 -390 140
    endloop
  endfacet
  facet normal -0.2119907 -0.02558335 0.9769368
    outer loop
      vertex -521.8381 -390 136.3462
      vertex -521.2643 -394.7542 136.3462
      vertex -505 -390 140
    endloop
  endfacet
  facet normal 0 0 0
    outer loop
      vertex -521.8381 -390 136.3462
      vertex -505 -390 140
      vertex -505 -390 140
    endloop
  endfacet
  facet normal -0.1976373 -0.07504204 0.9773987
    outer loop
      vertex -521.2643 -394.7542 136.3462
      vertex -519.5822 -399.1844 136.3462
      vertex -505 -390 140
    endloop
  endfacet
  facet normal 0 0 0
    outer loop
      vertex -521.2643 -394.7542 136.3462
      vertex -505 -390 140
      vertex -505 -390 140
    endloop
  endfacet
  facet normal -0.1698542 -0.1194726 0.9782003
    outer loop
      vertex -519.5822 -399.1844 136.3462
      vertex -516.9063 -402.9887 136.3462
      vertex -505 -390 140
    endloop
  endfacet
  facet normal 0 0 0
    outer loop
      vertex -519.5822 -399.1844 136.3462
      vertex -505 -390 140
      vertex -505 -390 140
    endloop
  endfacet
  facet normal -0.1304574 -0.1558474 0.9791284
    outer loop
      vertex -516.9063 -402.9887 136.3462
      vertex -513.419 -405.9079 136.3462
      vertex -505 -390 140
    endloop
  endfacet
  facet normal 0 0 0
    outer loop
      vertex -516.9063 -402.9887 136.3462
      vertex -505 -390 140
      vertex -505 -390 140
    endloop
  endfacet
  facet normal -0.08207642 -0.1816375 0.9799343
    outer loop
      vertex -513.419 -405.9079 136.3462
      vertex -509.358 -407.7429 136.3462
      vertex -505 -390 140
    endloop
  endfacet
  facet normal 0 0 0
    outer loop
      vertex -513.419 -405.9079 136.3462
      vertex -505 -390 140
      vertex -505 -390 140
    endloop
  endfacet
  facet normal -0.02800806 -0.1950138 0.9804005
    outer loop
      vertex -509.358 -407.7429 136.3462
      vertex -505 -408.3688 136.3462
      vertex -505 -390 140
    endloop
  endfacet
  facet normal 0 0 0
    outer loop
      vertex -509.358 -407.7429 136.3462
      vertex -505 -390 140
      vertex -505 -390 140
    endloop
  endfacet
  facet normal 0.02800806 -0.1950138 0.9804005
    outer loop
      vertex -505 -408.3688 136.3462
      vertex -500.642 -407.7429 136.3462
      vertex -505 -390 140
    endloop
  endfacet
  facet normal 0 0 0
    outer loop
      vertex -505 -408.3688 136.3462
      vertex -505 -390 140
      vertex -505 -390 140
    endloop
  endfacet
  facet normal 0.08207642 -0.1816375 0.9799343
    outer loop
      vertex -500.642 -407.7429 136.3462
      vertex -496.581 -405.9079 136.3462
      vertex -505 -390 140
    endloop
  endfacet
  facet normal 0 0 0
    outer loop
      vertex -500.642 -407.7429 136.3462
      vertex -505 -390 140
      vertex -505 -390 140
    endloop
  endfacet
  facet normal 0.1304574 -0.1558474 0.9791284
    outer loop
      vertex -496.581 -405.9079 136.3462
      vertex -493.0937 -402.9887 136.3462
      vertex -505 -390 140
    endloop
  endfacet
  facet normal 0 0 0
    outer loop
      vertex -496.581 -405.9079 136.3462
      vertex -505 -390 140
      vertex -505 -390 140
    endloop
  endfacet
  facet normal 0.1698542 -0.1194726 0.9782003
    outer loop
      vertex -493.0937 -402.9887 136.3462
      vertex -490.4178 -399.1844 136.3462
      vertex -505 -390 140
    endloop
  endfacet
  facet normal 0 0 0
    outer loop
      vertex -493.0937 -402.9887 136.3462
      vertex -505 -390 140
      vertex -505 -390 140
    endloop
  endfacet
  facet normal 0.1976373 -0.07504204 0.9773987
    outer loop
      vertex -490.4178 -399.1844 136.3462
      vertex -488.7357 -394.7542 136.3462
      vertex -505 -390 140
    endloop
  endfacet
  facet normal 0 0 0
    outer loop
      vertex -490.4178 -399.1844 136.3462
      vertex -505 -390 140
      vertex -505 -390 140
    endloop
  endfacet
  facet normal 0.2119907 -0.02558335 0.9769368
    outer loop
      vertex -488.7357 -394.7542 136.3462
      vertex -488.1619 -390 136.3462
      vertex -505 -390 140
    endloop
  endfacet
  facet normal 0 0 0
    outer loop
      vertex -488.7357 -394.7542 136.3462
      vertex -505 -390 140
      vertex -505 -390 140
    endloop
  endfacet
  facet normal -1 0 0
    outer loop
      vertex -385 -343.2035 81.319
      vertex -385 -346.7535 71.17358
      vertex -385 -352.4721 62.07249
    endloop
  endfacet
  facet normal -1 0 0
    outer loop
      vertex -385 -343.2035 81.319
      vertex -385 -352.4721 62.07249
      vertex -385 -360.0725 54.47209
    endloop
  endfacet
  facet normal -1 0 0
    outer loop
      vertex -385 -343.2035 81.319
      vertex -385 -360.0725 54.47209
      vertex -385 -369.1736 48.75349
    endloop
  endfacet
  facet normal -1 0 0
    outer loop
      vertex -385 -343.2035 81.319
      vertex -385 -369.1736 48.75349
      vertex -385 -379.319 45.20346
    endloop
  endfacet
  facet normal -1 0 0
    outer loop
      vertex -385 -343.2035 81.319
      vertex -385 -379.319 45.20346
      vertex -385 -390 44
    endloop
  endfacet
  facet normal -1 0 0
    outer loop
      vertex -385 -343.2035 81.319
      vertex -385 -390 44
      vertex -385 -400.681 45.20346
    endloop
  endfacet
  facet normal -1 0 0
    outer loop
      vertex -385 -343.2035 81.319
      vertex -385 -400.681 45.20346
      vertex -385 -410.8264 48.75349
    endloop
  endfacet
  facet normal -1 0 0
    outer loop
      vertex -385 -343.2035 81.319
      vertex -385 -410.8264 48.75349
      vertex -385 -419.9275 54.47209
    endloop
  endfacet
  facet normal -1 0 0
    outer loop
      vertex -385 -343.2035 81.319
      vertex -385 -419.9275 54.47209
      vertex -385 -427.5279 62.07249
    endloop
  endfacet
  facet normal -1 0 0
    outer loop
      vertex -385 -343.2035 81.319
      vertex -385 -427.5279 62.07249
      vertex -385 -433.2465 71.17358
    endloop
  endfacet
  facet normal -1 -0 0
    outer loop
      vertex -385 -343.2035 81.319
      vertex -385 -433.2465 71.17358
      vertex -385 -436.7965 81.319
    endloop
  endfacet
  facet normal -1 0 0
    outer loop
      vertex -385 -343.2035 81.319
      vertex -385 -436.7965 81.319
      vertex -385 -438 92
    endloop
  endfacet
  facet normal -1 0 0
    outer loop
      vertex -385 -343.2035 81.319
      vertex -385 -438 92
      vertex -385 -436.7965 102.681
    endloop
  endfacet
  facet normal -1 0 0
    outer loop
      vertex -385 -343.2035 81.319
      vertex -385 -436.7965 102.681
      vertex -385 -433.2465 112.8264
    endloop
  endfacet
  facet normal -1 0 0
    outer loop
      vertex -385 -343.2035 81.319
      vertex -385 -433.2465 112.8264
      vertex -385 -427.5279 121.9275
    endloop
  endfacet
  facet normal -1 0 0
    outer loop
      vertex -385 -343.2035 81.319
      vertex -385 -427.5279 121.9275
      vertex -385 -419.9275 129.5279
    endloop
  endfacet
  facet normal -1 0 0
    outer loop
      vertex -385 -343.2035 81.319
      vertex -385 -419.9275 129.5279
      vertex -385 -410.8264 135.2465
    endloop
  endfacet
  facet normal -1 0 0
    outer loop
      vertex -385 -343.2035 81.319
      vertex -385 -410.8264 135.2465
      vertex -385 -400.681 138.7965
    endloop
  endfacet
  facet normal -1 0 0
    outer loop
      vertex -385 -343.2035 81.319
      vertex -385 -400.681 138.7965
      vertex -385 -390 140
    endloop
  endfacet
  facet normal -1 0 0
    outer loop
      vertex -385 -343.2035 81.319
      vertex -385 -390 140
      vertex -385 -379.319 138.7965
    endloop
  endfacet
  facet normal -1 0 0
    outer loop
      vertex -385 -343.2035 81.319
      vertex -385 -379.319 138.7965
      vertex -385 -369.1736 135.2465
    endloop
  endfacet
  facet normal -1 0 0
    outer loop
      vertex -385 -343.2035 81.319
      vertex -385 -369.1736 135.2465
      vertex -385 -360.0725 129.5279
    endloop
  endfacet
  facet normal -1 0 0
    outer loop
      vertex -385 -343.2035 81.319
      vertex -385 -360.0725 129.5279
      vertex -385 -352.4721 121.9275
    endloop
  endfacet
  facet normal -1 0 0
    outer loop
      vertex -385 -343.2035 81.319
      vertex -385 -352.4721 121.9275
      vertex -385 -346.7535 112.8264
    endloop
  endfacet
  facet normal -1 0 0
    outer loop
      vertex -385 -343.2035 81.319
      vertex -385 -346.7535 112.8264
      vertex -385 -343.2035 102.681
    endloop
  endfacet
  facet normal -1 0 0
    outer loop
      vertex -385 -343.2035 81.319
      vertex -385 -343.2035 102.681
      vertex -385 -342 92
    endloop
  endfacet
  facet normal 0.6902555 0.7190161 0.08101366
    outer loop
      vertex -385 -342 92
      vertex -385 -343.2035 102.681
      vertex -335 -390 92
    endloop
  endfacet
  facet normal 0.6902555 0.6829616 0.2389786
    outer loop
      vertex -385 -343.2035 102.681
      vertex -385 -346.7535 112.8264
      vertex -335 -390 92
    endloop
  endfacet
  facet normal 0.6902555 0.6126606 0.3849602
    outer loop
      vertex -385 -346.7535 112.8264
      vertex -385 -352.4721 121.9275
      vertex -335 -390 92
    endloop
  endfacet
  facet normal 0.6902555 0.5116382 0.5116382
    outer loop
      vertex -385 -352.4721 121.9275
      vertex -385 -360.0725 129.5279
      vertex -335 -390 92
    endloop
  endfacet
  facet normal 0.6902555 0.3849602 0.6126606
    outer loop
      vertex -385 -360.0725 129.5279
      vertex -385 -369.1736 135.2465
      vertex -335 -390 92
    endloop
  endfacet
  facet normal 0.6902555 0.2389786 0.6829616
    outer loop
      vertex -385 -369.1736 135.2465
      vertex -385 -379.319 138.7965
      vertex -335 -390 92
    endloop
  endfacet
  facet normal 0.6902555 0.08101366 0.7190161
    outer loop
      vertex -385 -379.319 138.7965
      vertex -385 -390 140
      vertex -335 -390 92
    endloop
  endfacet
  facet normal 0.6902555 -0.08101366 0.7190161
    outer loop
      vertex -385 -390 140
      vertex -385 -400.681 138.7965
      vertex -335 -390 92
    endloop
  endfacet
  facet normal 0.6902555 -0.2389786 0.6829616
    outer loop
      vertex -385 -400.681 138.7965
      vertex -385 -410.8264 135.2465
      vertex -335 -390 92
    endloop
  endfacet
  facet normal 0.6902555 -0.3849602 0.6126606
    outer loop
      vertex -385 -410.8264 135.2465
      vertex -385 -419.9275 129.5279
      vertex -335 -390 92
    endloop
  endfacet
  facet normal 0.6902555 -0.5116382 0.5116382
    outer loop
      vertex -385 -419.9275 129.5279
      vertex -385 -427.5279 121.9275
      vertex -335 -390 92
    endloop
  endfacet
  facet normal 0.6902555 -0.6126606 0.3849602
    outer loop
      vertex -385 -427.5279 121.9275
      vertex -385 -433.2465 112.8264
      vertex -335 -390 92
    endloop
  endfacet
  facet normal 0.6902555 -0.6829616 0.2389786
    outer loop
      vertex -385 -433.2465 112.8264
      vertex -385 -436.7965 102.681
      vertex -335 -390 92
    endloop
  endfacet
  facet normal 0.6902555 -0.7190161 0.08101366
    outer loop
      vertex -385 -436.7965 102.681
      vertex -385 -438 92
      vertex -335 -390 92
    endloop
  endfacet
  facet normal 0.6902555 -0.7190161 -0.08101366
    outer loop
      vertex -385 -438 92
      vertex -385 -436.7965 81.319
      vertex -335 -390 92
    endloop
  endfacet
  facet normal 0.6902555 -0.6829616 -0.2389786
    outer loop
      vertex -385 -436.7965 81.319
      vertex -385 -433.2465 71.17358
      vertex -335 -390 92
    endloop
  endfacet
  facet normal 0.6902555 -0.6126606 -0.3849602
    outer loop
      vertex -385 -433.2465 71.17358
      vertex -385 -427.5279 62.07249
      vertex -335 -390 92
    endloop
  endfacet
  facet normal 0.6902555 -0.5116382 -0.5116382
    outer loop
      vertex -385 -427.5279 62.07249
      vertex -385 -419.9275 54.47209
      vertex -335 -390 92
    endloop
  endfacet
  facet normal 0.6902555 -0.3849602 -0.6126606
    outer loop
      vertex -385 -419.9275 54.47209
      vertex -385 -410.8264 48.75349
      vertex -335 -390 92
    endloop
  endfacet
  facet normal 0.6902555 -0.2389786 -0.6829616
    outer loop
      vertex -385 -410.8264 48.75349
      vertex -385 -400.681 45.20346
      vertex -335 -390 92
    endloop
  endfacet
  facet normal 0.6902555 -0.08101366 -0.7190161
    outer loop
      vertex -385 -400.681 45.20346
      vertex -385 -390 44
      vertex -335 -390 92
    endloop
  endfacet
  facet normal 0.6902555 0.08101366 -0.7190161
    outer loop
      vertex -385 -390 44
      vertex -385 -379.319 45.20346
      vertex -335 -390 92
    endloop
  endfacet
  facet normal 0.6902555 0.2389786 -0.6829616
    outer loop
      vertex -385 -379.319 45.20346
      vertex -385 -369.1736 48.75349
      vertex -335 -390 92
    endloop
  endfacet
  facet normal 0.6902555 0.3849602 -0.6126606
    outer loop
      vertex -385 -369.1736 48.75349
      vertex -385 -360.0725 54.47209
      vertex -335 -390 92
    endloop
  endfacet
  facet normal 0.6902555 0.5116382 -0.5116382
    outer loop
      vertex -385 -360.0725 54.47209
      vertex -385 -352.4721 62.07249
      vertex -335 -390 92
    endloop
  endfacet
  facet normal 0.6902555 0.6126606 -0.3849602
    outer loop
      vertex -385 -352.4721 62.07249
      vertex -385 -346.7535 71.17358
      vertex -335 -390 92
    endloop
  endfacet
  facet normal 0.6902555 0.6829616 -0.2389786
    outer loop
      vertex -385 -346.7535 71.17358
      vertex -385 -343.2035 81.319
      vertex -335 -390 92
    endloop
  endfacet
  facet normal 0.6902555 0.7190161 -0.08101366
    outer loop
      vertex -385 -343.2035 81.319
      vertex -385 -342 92
      vertex -335 -390 92
    endloop
  endfacet
  facet normal 0 -0.8335922 -0.5523804
    outer loop
      vertex -496 -468.73 75.43
      vertex -496 -462.13 65.47
      vertex -414 -462.13 65.47
    endloop
  endfacet
  facet normal 0 -0.8335922 -0.5523804
    outer loop
      vertex -496 -468.73 75.43
      vertex -414 -462.13 65.47
      vertex -414 -468.73 75.43
    endloop
  endfacet
  facet normal -0 0.8335922 0.5523804
    outer loop
      vertex -496 -433.87 98.53
      vertex -414 -433.87 98.53
      vertex -414 -427.27 88.57
    endloop
  endfacet
  facet normal 0 0.8335922 0.5523804
    outer loop
      vertex -496 -433.87 98.53
      vertex -414 -427.27 88.57
      vertex -496 -427.27 88.57
    endloop
  endfacet
  facet normal 0 -0.5523804 0.8335922
    outer loop
      vertex -496 -468.73 75.43
      vertex -414 -468.73 75.43
      vertex -414 -433.87 98.53
    endloop
  endfacet
  facet normal 0 -0.5523804 0.8335922
    outer loop
      vertex -496 -468.73 75.43
      vertex -414 -433.87 98.53
      vertex -496 -433.87 98.53
    endloop
  endfacet
  facet normal 1 -0 0
    outer loop
      vertex -414 -468.73 75.43
      vertex -414 -462.13 65.47
      vertex -414 -427.27 88.57
    endloop
  endfacet
  facet normal 1 0 0
    outer loop
      vertex -414 -468.73 75.43
      vertex -414 -427.27 88.57
      vertex -414 -433.87 98.53
    endloop
  endfacet
  facet normal 0 0.5523804 -0.8335922
    outer loop
      vertex -414 -462.13 65.47
      vertex -496 -462.13 65.47
      vertex -496 -427.27 88.57
    endloop
  endfacet
  facet normal 0 0.5523804 -0.8335922
    outer loop
      vertex -414 -462.13 65.47
      vertex -496 -427.27 88.57
      vertex -414 -427.27 88.57
    endloop
  endfacet
  facet normal -1 0 0
    outer loop
      vertex -496 -462.13 65.47
      vertex -496 -468.73 75.43
      vertex -496 -433.87 98.53
    endloop
  endfacet
  facet normal -1 0 0
    outer loop
      vertex -496 -462.13 65.47
      vertex -496 -433.87 98.53
      vertex -496 -427.27 88.57
    endloop
  endfacet
  facet normal 0 0.8335922 -0.5523804
    outer loop
      vertex -496 -317.87 65.47
      vertex -496 -311.27 75.43
      vertex -414 -311.27 75.43
    endloop
  endfacet
  facet normal 0 0.8335922 -0.5523804
    outer loop
      vertex -496 -317.87 65.47
      vertex -414 -311.27 75.43
      vertex -414 -317.87 65.47
    endloop
  endfacet
  facet normal 0 -0.8335922 0.5523804
    outer loop
      vertex -496 -352.73 88.57
      vertex -414 -352.73 88.57
      vertex -414 -346.13 98.53
    endloop
  endfacet
  facet normal 0 -0.8335922 0.5523804
    outer loop
      vertex -496 -352.73 88.57
      vertex -414 -346.13 98.53
      vertex -496 -346.13 98.53
    endloop
  endfacet
  facet normal 0 -0.5523804 -0.8335922
    outer loop
      vertex -496 -317.87 65.47
      vertex -414 -317.87 65.47
      vertex -414 -352.73 88.57
    endloop
  endfacet
  facet normal 0 -0.5523804 -0.8335922
    outer loop
      vertex -496 -317.87 65.47
      vertex -414 -352.73 88.57
      vertex -496 -352.73 88.57
    endloop
  endfacet
  facet normal 1 0 -0
    outer loop
      vertex -414 -317.87 65.47
      vertex -414 -311.27 75.43
      vertex -414 -346.13 98.53
    endloop
  endfacet
  facet normal 1 0 0
    outer loop
      vertex -414 -317.87 65.47
      vertex -414 -346.13 98.53
      vertex -414 -352.73 88.57
    endloop
  endfacet
  facet normal 0 0.5523804 0.8335922
    outer loop
      vertex -414 -311.27 75.43
      vertex -496 -311.27 75.43
      vertex -496 -346.13 98.53
    endloop
  endfacet
  facet normal 0 0.5523804 0.8335922
    outer loop
      vertex -414 -311.27 75.43
      vertex -496 -346.13 98.53
      vertex -414 -346.13 98.53
    endloop
  endfacet
  facet normal -1 -0 0
    outer loop
      vertex -496 -311.27 75.43
      vertex -496 -317.87 65.47
      vertex -496 -352.73 88.57
    endloop
  endfacet
  facet normal -1 0 0
    outer loop
      vertex -496 -311.27 75.43
      vertex -496 -352.73 88.57
      vertex -496 -346.13 98.53
    endloop
  endfacet
  facet normal 0 0 -1
    outer loop
      vertex -452 -425 141
      vertex -452 -355 141
      vertex -398 -355 141
    endloop
  endfacet
  facet normal 0 0 -1
    outer loop
      vertex -452 -425 141
      vertex -398 -355 141
      vertex -398 -425 141
    endloop
  endfacet
  facet normal 0 0 1
    outer loop
      vertex -452 -425 149
      vertex -398 -425 149
      vertex -398 -355 149
    endloop
  endfacet
  facet normal 0 0 1
    outer loop
      vertex -452 -425 149
      vertex -398 -355 149
      vertex -452 -355 149
    endloop
  endfacet
  facet normal 0 -1 0
    outer loop
      vertex -452 -425 141
      vertex -398 -425 141
      vertex -398 -425 149
    endloop
  endfacet
  facet normal 0 -1 0
    outer loop
      vertex -452 -425 141
      vertex -398 -425 149
      vertex -452 -425 149
    endloop
  endfacet
  facet normal 1 0 0
    outer loop
      vertex -398 -425 141
      vertex -398 -355 141
      vertex -398 -355 149
    endloop
  endfacet
  facet normal 1 0 0
    outer loop
      vertex -398 -425 141
      vertex -398 -355 149
      vertex -398 -425 149
    endloop
  endfacet
  facet normal 0 1 0
    outer loop
      vertex -398 -355 141
      vertex -452 -355 141
      vertex -452 -355 149
    endloop
  endfacet
  facet normal 0 1 -0
    outer loop
      vertex -398 -355 141
      vertex -452 -355 149
      vertex -398 -355 149
    endloop
  endfacet
  facet normal -1 0 0
    outer loop
      vertex -452 -355 141
      vertex -452 -425 141
      vertex -452 -425 149
    endloop
  endfacet
  facet normal -1 0 0
    outer loop
      vertex -452 -355 141
      vertex -452 -425 149
      vertex -452 -355 149
    endloop
  endfacet
  facet normal -1 0 0
    outer loop
      vertex -335 -382.609 88.93853
      vertex -335 -384.3431 86.34315
      vertex -335 -386.9385 84.60896
    endloop
  endfacet
  facet normal -1 0 0
    outer loop
      vertex -335 -382.609 88.93853
      vertex -335 -386.9385 84.60896
      vertex -335 -390 84
    endloop
  endfacet
  facet normal -1 0 0
    outer loop
      vertex -335 -382.609 88.93853
      vertex -335 -390 84
      vertex -335 -393.0615 84.60896
    endloop
  endfacet
  facet normal -1 0 0
    outer loop
      vertex -335 -382.609 88.93853
      vertex -335 -393.0615 84.60896
      vertex -335 -395.6569 86.34315
    endloop
  endfacet
  facet normal -1 -0 0
    outer loop
      vertex -335 -382.609 88.93853
      vertex -335 -395.6569 86.34315
      vertex -335 -397.391 88.93853
    endloop
  endfacet
  facet normal -1 0 0
    outer loop
      vertex -335 -382.609 88.93853
      vertex -335 -397.391 88.93853
      vertex -335 -398 92
    endloop
  endfacet
  facet normal -1 0 0
    outer loop
      vertex -335 -382.609 88.93853
      vertex -335 -398 92
      vertex -335 -397.391 95.06147
    endloop
  endfacet
  facet normal -1 0 0
    outer loop
      vertex -335 -382.609 88.93853
      vertex -335 -397.391 95.06147
      vertex -335 -395.6569 97.65685
    endloop
  endfacet
  facet normal -1 0 0
    outer loop
      vertex -335 -382.609 88.93853
      vertex -335 -395.6569 97.65685
      vertex -335 -393.0615 99.39104
    endloop
  endfacet
  facet normal -1 0 0
    outer loop
      vertex -335 -382.609 88.93853
      vertex -335 -393.0615 99.39104
      vertex -335 -390 100
    endloop
  endfacet
  facet normal -1 0 0
    outer loop
      vertex -335 -382.609 88.93853
      vertex -335 -390 100
      vertex -335 -386.9385 99.39104
    endloop
  endfacet
  facet normal -1 0 0
    outer loop
      vertex -335 -382.609 88.93853
      vertex -335 -386.9385 99.39104
      vertex -335 -384.3431 97.65685
    endloop
  endfacet
  facet normal -1 0 0
    outer loop
      vertex -335 -382.609 88.93853
      vertex -335 -384.3431 97.65685
      vertex -335 -382.609 95.06147
    endloop
  endfacet
  facet normal -1 0 0
    outer loop
      vertex -335 -382.609 88.93853
      vertex -335 -382.609 95.06147
      vertex -335 -382 92
    endloop
  endfacet
  facet normal 1 0 0
    outer loop
      vertex -292 -382 92
      vertex -292 -382.609 95.06147
      vertex -292 -384.3431 97.65685
    endloop
  endfacet
  facet normal 1 0 0
    outer loop
      vertex -292 -382 92
      vertex -292 -384.3431 97.65685
      vertex -292 -386.9385 99.39104
    endloop
  endfacet
  facet normal 1 0 0
    outer loop
      vertex -292 -382 92
      vertex -292 -386.9385 99.39104
      vertex -292 -390 100
    endloop
  endfacet
  facet normal 1 0 0
    outer loop
      vertex -292 -382 92
      vertex -292 -390 100
      vertex -292 -393.0615 99.39104
    endloop
  endfacet
  facet normal 1 0 0
    outer loop
      vertex -292 -382 92
      vertex -292 -393.0615 99.39104
      vertex -292 -395.6569 97.65685
    endloop
  endfacet
  facet normal 1 0 0
    outer loop
      vertex -292 -382 92
      vertex -292 -395.6569 97.65685
      vertex -292 -397.391 95.06147
    endloop
  endfacet
  facet normal 1 0 0
    outer loop
      vertex -292 -382 92
      vertex -292 -397.391 95.06147
      vertex -292 -398 92
    endloop
  endfacet
  facet normal 1 0 0
    outer loop
      vertex -292 -382 92
      vertex -292 -398 92
      vertex -292 -397.391 88.93853
    endloop
  endfacet
  facet normal 1 0 0
    outer loop
      vertex -292 -382 92
      vertex -292 -397.391 88.93853
      vertex -292 -395.6569 86.34315
    endloop
  endfacet
  facet normal 1 0 0
    outer loop
      vertex -292 -382 92
      vertex -292 -395.6569 86.34315
      vertex -292 -393.0615 84.60896
    endloop
  endfacet
  facet normal 1 0 0
    outer loop
      vertex -292 -382 92
      vertex -292 -393.0615 84.60896
      vertex -292 -390 84
    endloop
  endfacet
  facet normal 1 0 0
    outer loop
      vertex -292 -382 92
      vertex -292 -390 84
      vertex -292 -386.9385 84.60896
    endloop
  endfacet
  facet normal 1 0 0
    outer loop
      vertex -292 -382 92
      vertex -292 -386.9385 84.60896
      vertex -292 -384.3431 86.34315
    endloop
  endfacet
  facet normal 1 0 0
    outer loop
      vertex -292 -382 92
      vertex -292 -384.3431 86.34315
      vertex -292 -382.609 88.93853
    endloop
  endfacet
  facet normal 0 0.9807853 0.1950903
    outer loop
      vertex -335 -382 92
      vertex -335 -382.609 95.06147
      vertex -292 -382.609 95.06147
    endloop
  endfacet
  facet normal -0 0.9807853 0.1950903
    outer loop
      vertex -335 -382 92
      vertex -292 -382.609 95.06147
      vertex -292 -382 92
    endloop
  endfacet
  facet normal 0 0.8314696 0.5555702
    outer loop
      vertex -335 -382.609 95.06147
      vertex -335 -384.3431 97.65685
      vertex -292 -384.3431 97.65685
    endloop
  endfacet
  facet normal -0 0.8314696 0.5555702
    outer loop
      vertex -335 -382.609 95.06147
      vertex -292 -384.3431 97.65685
      vertex -292 -382.609 95.06147
    endloop
  endfacet
  facet normal 0 0.5555702 0.8314696
    outer loop
      vertex -335 -384.3431 97.65685
      vertex -335 -386.9385 99.39104
      vertex -292 -386.9385 99.39104
    endloop
  endfacet
  facet normal -0 0.5555702 0.8314696
    outer loop
      vertex -335 -384.3431 97.65685
      vertex -292 -386.9385 99.39104
      vertex -292 -384.3431 97.65685
    endloop
  endfacet
  facet normal 0 0.1950903 0.9807853
    outer loop
      vertex -335 -386.9385 99.39104
      vertex -335 -390 100
      vertex -292 -390 100
    endloop
  endfacet
  facet normal -0 0.1950903 0.9807853
    outer loop
      vertex -335 -386.9385 99.39104
      vertex -292 -390 100
      vertex -292 -386.9385 99.39104
    endloop
  endfacet
  facet normal 0 -0.1950903 0.9807853
    outer loop
      vertex -335 -390 100
      vertex -335 -393.0615 99.39104
      vertex -292 -393.0615 99.39104
    endloop
  endfacet
  facet normal 0 -0.1950903 0.9807853
    outer loop
      vertex -335 -390 100
      vertex -292 -393.0615 99.39104
      vertex -292 -390 100
    endloop
  endfacet
  facet normal 0 -0.5555702 0.8314696
    outer loop
      vertex -335 -393.0615 99.39104
      vertex -335 -395.6569 97.65685
      vertex -292 -395.6569 97.65685
    endloop
  endfacet
  facet normal 0 -0.5555702 0.8314696
    outer loop
      vertex -335 -393.0615 99.39104
      vertex -292 -395.6569 97.65685
      vertex -292 -393.0615 99.39104
    endloop
  endfacet
  facet normal 0 -0.8314696 0.5555702
    outer loop
      vertex -335 -395.6569 97.65685
      vertex -335 -397.391 95.06147
      vertex -292 -397.391 95.06147
    endloop
  endfacet
  facet normal 0 -0.8314696 0.5555702
    outer loop
      vertex -335 -395.6569 97.65685
      vertex -292 -397.391 95.06147
      vertex -292 -395.6569 97.65685
    endloop
  endfacet
  facet normal 0 -0.9807853 0.1950903
    outer loop
      vertex -335 -397.391 95.06147
      vertex -335 -398 92
      vertex -292 -398 92
    endloop
  endfacet
  facet normal 0 -0.9807853 0.1950903
    outer loop
      vertex -335 -397.391 95.06147
      vertex -292 -398 92
      vertex -292 -397.391 95.06147
    endloop
  endfacet
  facet normal 0 -0.9807853 -0.1950903
    outer loop
      vertex -335 -398 92
      vertex -335 -397.391 88.93853
      vertex -292 -397.391 88.93853
    endloop
  endfacet
  facet normal 0 -0.9807853 -0.1950903
    outer loop
      vertex -335 -398 92
      vertex -292 -397.391 88.93853
      vertex -292 -398 92
    endloop
  endfacet
  facet normal 0 -0.8314696 -0.5555702
    outer loop
      vertex -335 -397.391 88.93853
      vertex -335 -395.6569 86.34315
      vertex -292 -395.6569 86.34315
    endloop
  endfacet
  facet normal 0 -0.8314696 -0.5555702
    outer loop
      vertex -335 -397.391 88.93853
      vertex -292 -395.6569 86.34315
      vertex -292 -397.391 88.93853
    endloop
  endfacet
  facet normal 0 -0.5555702 -0.8314696
    outer loop
      vertex -335 -395.6569 86.34315
      vertex -335 -393.0615 84.60896
      vertex -292 -393.0615 84.60896
    endloop
  endfacet
  facet normal 0 -0.5555702 -0.8314696
    outer loop
      vertex -335 -395.6569 86.34315
      vertex -292 -393.0615 84.60896
      vertex -292 -395.6569 86.34315
    endloop
  endfacet
  facet normal 0 -0.1950903 -0.9807853
    outer loop
      vertex -335 -393.0615 84.60896
      vertex -335 -390 84
      vertex -292 -390 84
    endloop
  endfacet
  facet normal 0 -0.1950903 -0.9807853
    outer loop
      vertex -335 -393.0615 84.60896
      vertex -292 -390 84
      vertex -292 -393.0615 84.60896
    endloop
  endfacet
  facet normal 0 0.1950903 -0.9807853
    outer loop
      vertex -335 -390 84
      vertex -335 -386.9385 84.60896
      vertex -292 -386.9385 84.60896
    endloop
  endfacet
  facet normal 0 0.1950903 -0.9807853
    outer loop
      vertex -335 -390 84
      vertex -292 -386.9385 84.60896
      vertex -292 -390 84
    endloop
  endfacet
  facet normal 0 0.5555702 -0.8314696
    outer loop
      vertex -335 -386.9385 84.60896
      vertex -335 -384.3431 86.34315
      vertex -292 -384.3431 86.34315
    endloop
  endfacet
  facet normal 0 0.5555702 -0.8314696
    outer loop
      vertex -335 -386.9385 84.60896
      vertex -292 -384.3431 86.34315
      vertex -292 -386.9385 84.60896
    endloop
  endfacet
  facet normal 0 0.8314696 -0.5555702
    outer loop
      vertex -335 -384.3431 86.34315
      vertex -335 -382.609 88.93853
      vertex -292 -382.609 88.93853
    endloop
  endfacet
  facet normal 0 0.8314696 -0.5555702
    outer loop
      vertex -335 -384.3431 86.34315
      vertex -292 -382.609 88.93853
      vertex -292 -384.3431 86.34315
    endloop
  endfacet
  facet normal 0 0.9807853 -0.1950903
    outer loop
      vertex -335 -382.609 88.93853
      vertex -335 -382 92
      vertex -292 -382 92
    endloop
  endfacet
  facet normal 0 0.9807853 -0.1950903
    outer loop
      vertex -335 -382.609 88.93853
      vertex -292 -382 92
      vertex -292 -382.609 88.93853
    endloop
  endfacet
endsolid starcloud4_prototype
